2025-05-07T13:49:37.504Z info: 4 operations registered
2025-05-07T13:49:51.118Z info: EchoTexte started
2025-05-07T13:49:51.120Z info: EchoTexte finished
2025-05-07T13:50:53.364Z info: 4 operations registered
2025-05-07T13:50:53.367Z info: Storage FS - path:[D:\git\asocial2-srv\filestorea
2025-05-07T13:50:53.371Z info: SQLite sqla/A DB path= [sqlite/testa.db3]
2025-05-07T13:50:53.512Z info: Sqlite ping OK: 2025-05-07T11:27:48.949Z <=> 2025-05-07T13:50:53.512Z
2025-05-07T13:50:53.526Z info: File-System ping OK: 2025-05-07T13:50:53.513Z
2025-05-07T13:50:53.561Z info: HTTP listen [8080]
2025-05-07T13:51:05.959Z info: EchoTexte started
2025-05-07T13:51:05.971Z info: EchoTexte finished
2025-05-07T14:30:30.196Z info: 4 operations registered
2025-05-07T16:02:11.571Z info: 4 operations registered
2025-05-07T16:02:11.576Z info: Storage FS - path:[D:\git\asocial2-srv\filestorea
2025-05-07T16:02:11.581Z info: SQLite sqla/A DB path= [sqlite/testa.db3]
2025-05-07T16:02:11.606Z info: Sqlite ping OK: 2025-05-07T15:55:46.632Z <=> 2025-05-07T16:02:11.605Z
2025-05-07T16:02:11.617Z info: File-System ping OK: 2025-05-07T16:02:11.606Z
2025-05-07T16:02:11.625Z info: HTTP listen [8080]
2025-05-07T16:06:58.061Z info: EchoTexte started
2025-05-07T16:06:58.078Z info: EchoTexte finished
2025-05-07T16:07:50.705Z info: 4 operations registered
2025-05-07T16:07:50.707Z info: Storage FS - path:[D:\git\asocial2-srv\filestorea
2025-05-07T16:07:50.712Z info: SQLite sqla/A DB path= [sqlite/testa.db3]
2025-05-07T16:07:50.726Z info: Sqlite ping OK: 2025-05-07T16:02:11.605Z <=> 2025-05-07T16:07:50.726Z
2025-05-07T16:07:50.734Z info: File-System ping OK: 2025-05-07T16:07:50.727Z
2025-05-07T16:07:50.740Z info: HTTP listen [8080]
2025-05-07T16:07:53.611Z info: PingDB started
2025-05-07T16:07:53.626Z info: PingDB finished
2025-05-09T11:07:59.212Z info: 4 operations registered
2025-05-09T11:07:59.216Z info: 4 App operations registered
2025-05-09T11:07:59.218Z info: Storage FS - path:[/home/daniel/git/asocial2-srv/filestorea
2025-05-09T11:07:59.219Z info: SQLite sqla DB path= [/home/daniel/git/asocial2-srv/sqlite/testa.db3]
2025-05-09T11:08:21.564Z info: PRAGMA journal_mode = WAL
2025-05-09T11:09:01.292Z info: SELECT _data_ FROM singletons WHERE id = '1'
2025-05-09T11:09:01.297Z info: UPDATE singletons SET _data_ = '2025-05-09T11:09:01.293Z', v = 1746788941293.0  WHERE id = '1'
2025-05-09T11:09:03.787Z info: Sqlite ping OK: 2025-05-04T20:34:48.271Z <=> 2025-05-09T11:09:01.293Z
2025-05-09T11:09:07.227Z info: File-System ping OK: 2025-05-09T11:09:05.555Z
2025-05-09T11:09:12.832Z info: HTTP listen [8080]
2025-05-09T11:10:16.626Z info: 4 operations registered
2025-05-09T11:10:16.629Z info: 4 App operations registered
2025-05-09T11:10:16.630Z info: Storage FS - path:[/home/daniel/git/asocial2-srv/filestorea
2025-05-09T11:10:16.631Z info: SQLite sqla DB path= [/home/daniel/git/asocial2-srv/sqlite/testa.db3]
2025-05-09T11:10:20.872Z info: PRAGMA journal_mode = WAL
2025-05-09T11:10:20.874Z info: SELECT _data_ FROM singletons WHERE id = '1'
2025-05-09T11:10:20.875Z info: UPDATE singletons SET _data_ = '2025-05-09T11:10:20.875Z', v = 1746789020875.0  WHERE id = '1'
2025-05-09T11:10:20.876Z info: Sqlite ping OK: 2025-05-09T11:09:01.293Z <=> 2025-05-09T11:10:20.875Z
2025-05-09T11:10:20.890Z info: File-System ping OK: 2025-05-09T11:10:20.877Z
2025-05-09T11:10:20.898Z info: HTTP listen [8080]
2025-05-09T11:48:35.118Z info: 4 operations registered
2025-05-09T11:48:35.122Z info: 4 App operations registered
2025-05-09T11:48:35.123Z info: Storage FS - path:[/home/daniel/git/asocial2-srv/filestorea
2025-05-09T11:48:35.124Z info: SQLite sqla DB path= [/home/daniel/git/asocial2-srv/sqlite/testa.db3]
2025-05-09T11:48:35.143Z info: PRAGMA journal_mode = WAL
2025-05-09T11:48:35.146Z info: SELECT _data_ FROM singletons WHERE id = '1'
2025-05-09T11:48:35.147Z info: UPDATE singletons SET _data_ = '2025-05-09T11:48:35.147Z', v = 1746791315147.0  WHERE id = '1'
2025-05-09T11:48:35.150Z info: Sqlite ping OK: 2025-05-09T11:10:20.875Z <=> 2025-05-09T11:48:35.147Z
2025-05-09T11:48:35.186Z info: File-System ping OK: 2025-05-09T11:48:35.151Z
2025-05-09T11:48:35.196Z info: HTTP listen [8080]
2025-05-09T11:51:24.031Z info: EchoTexte started
2025-05-09T11:51:24.033Z info: PRAGMA journal_mode = WAL
2025-05-09T11:51:24.034Z info: EchoTexte finished
2025-05-09T11:54:36.379Z info: EchoTexte started
2025-05-09T11:54:36.382Z info: PRAGMA journal_mode = WAL
2025-05-09T11:54:36.383Z info: EchoTexte finished
2025-05-09T11:55:47.348Z info: PingDB started
2025-05-09T11:55:47.351Z info: PRAGMA journal_mode = WAL
2025-05-09T11:55:50.900Z info: SELECT _data_ FROM singletons WHERE id = '1'
2025-05-09T11:55:50.905Z info: UPDATE singletons SET _data_ = '2025-05-09T11:55:50.905Z', v = 1746791750905.0  WHERE id = '1'
2025-05-09T11:56:01.780Z info: PingDB finished
2025-05-09T11:56:29.007Z info: GetPutUrl started
2025-05-09T11:56:29.008Z info: PRAGMA journal_mode = WAL
2025-05-09T11:56:29.010Z info: GetPutUrl finished
2025-05-09T11:56:37.789Z info: GetPutUrl started
2025-05-09T11:56:37.791Z info: PRAGMA journal_mode = WAL
2025-05-09T11:56:37.793Z info: GetPutUrl finished
2025-05-09T13:09:45.330Z info: 4 operations registered
2025-05-09T13:09:45.333Z info: 4 App operations registered
2025-05-09T13:09:45.334Z info: Storage FS - path:[/home/daniel/git/asocial2-srv/filestorea
2025-05-09T13:09:45.335Z info: SQLite sqla DB path= [/home/daniel/git/asocial2-srv/sqlite/testa.db3]
2025-05-09T13:09:45.371Z info: PRAGMA journal_mode = WAL
2025-05-09T13:09:45.373Z info: SELECT _data_ FROM singletons WHERE id = '1'
2025-05-09T13:09:45.376Z info: UPDATE singletons SET _data_ = '2025-05-09T13:09:45.374Z', v = 1746796185374.0  WHERE id = '1'
2025-05-09T13:09:45.377Z info: Sqlite ping OK: 2025-05-09T11:55:50.905Z <=> 2025-05-09T13:09:45.374Z
2025-05-09T13:09:45.400Z info: File-System ping OK: 2025-05-09T13:09:45.378Z
2025-05-09T13:09:45.405Z info: HTTP listen [8080]
2025-05-09T13:09:57.650Z info: PingDB started
2025-05-09T13:09:57.659Z info: PRAGMA journal_mode = WAL
2025-05-09T13:11:45.101Z info: SELECT _data_ FROM singletons WHERE id = '1'
2025-05-09T13:11:45.102Z info: UPDATE singletons SET _data_ = '2025-05-09T13:11:45.102Z', v = 1746796305102.0  WHERE id = '1'
2025-05-09T13:11:45.104Z info: PingDB finished
2025-05-09T13:13:52.825Z info: PingDB started
2025-05-09T13:13:52.840Z info: PRAGMA journal_mode = WAL
2025-05-09T13:14:40.105Z info: SELECT _data_ FROM singletons WHERE id = '1'
2025-05-09T13:14:40.106Z info: UPDATE singletons SET _data_ = '2025-05-09T13:14:40.106Z', v = 1746796480106.0  WHERE id = '1'
2025-05-09T13:14:40.108Z info: PingDB finished
2025-05-09T13:17:24.265Z info: PingDB started
2025-05-09T13:17:24.268Z info: PRAGMA journal_mode = WAL
2025-05-09T13:19:56.248Z info: SELECT _data_ FROM singletons WHERE id = '1'
2025-05-09T13:19:56.250Z info: UPDATE singletons SET _data_ = '2025-05-09T13:19:56.250Z', v = 1746796796250.0  WHERE id = '1'
2025-05-09T13:19:56.251Z info: PingDB finished
2025-05-09T13:20:39.267Z info: PingDB started
2025-05-09T15:49:53.109Z info: 4 operations registered
2025-05-09T15:49:53.116Z info: 4 App operations registered
2025-05-09T15:49:53.117Z info: Storage FS - path:[/home/daniel/git/asocial2-srv/filestorea
2025-05-09T15:49:53.122Z info: SQLite sqla DB path= [/home/daniel/git/asocial2-srv/sqlite/testa.db3]
2025-05-09T15:49:53.181Z info: PRAGMA journal_mode = WAL
2025-05-09T15:49:53.186Z info: SELECT _data_ FROM singletons WHERE id = '1'
2025-05-09T15:49:53.192Z info: UPDATE singletons SET _data_ = '2025-05-09T15:49:53.192Z', v = 1746805793192.0  WHERE id = '1'
2025-05-09T15:49:53.194Z info: Sqlite ping OK: 2025-05-09T13:19:56.250Z <=> 2025-05-09T15:49:53.192Z
2025-05-09T15:49:53.227Z info: File-System ping OK: 2025-05-09T15:49:53.195Z
2025-05-09T15:49:53.240Z info: HTTP listen [8080]
2025-05-09T15:50:22.337Z info: PingDB started
2025-05-09T15:50:22.339Z info: PRAGMA journal_mode = WAL
2025-05-09T15:52:29.691Z info: SELECT _data_ FROM singletons WHERE id = '1'
2025-05-09T15:52:29.697Z info: UPDATE singletons SET _data_ = '2025-05-09T15:52:29.696Z', v = 1746805949696.0  WHERE id = '1'
2025-05-09T15:52:29.699Z info: PingDB finished
2025-05-09T16:17:51.375Z info: PingDB started
2025-05-09T16:17:51.398Z info: PRAGMA journal_mode = WAL
2025-05-09T16:18:46.650Z info: SELECT _data_ FROM singletons WHERE id = '1'
2025-05-09T16:18:46.655Z info: UPDATE singletons SET _data_ = '2025-05-09T16:18:46.655Z', v = 1746807526655.0  WHERE id = '1'
2025-05-09T16:18:46.657Z info: PingDB finished
2025-05-09T16:24:52.736Z info: PingDB started
2025-05-09T16:24:52.742Z info: PRAGMA journal_mode = WAL
2025-05-09T16:25:59.704Z info: SELECT _data_ FROM singletons WHERE id = '1'
2025-05-09T16:25:59.707Z info: UPDATE singletons SET _data_ = '2025-05-09T16:25:59.706Z', v = 1746807959706.0  WHERE id = '1'
2025-05-09T16:25:59.708Z info: PingDB finished
2025-05-09T16:37:21.256Z info: PingDB started
2025-05-09T16:37:21.271Z info: PRAGMA journal_mode = WAL
2025-05-09T16:37:21.273Z info: SELECT _data_ FROM singletons WHERE id = '1'
2025-05-09T16:37:21.280Z info: UPDATE singletons SET _data_ = '2025-05-09T16:37:21.280Z', v = 1746808641280.0  WHERE id = '1'
2025-05-09T16:37:21.282Z info: PingDB finished
2025-05-09T16:37:38.324Z info: PingDB started
2025-05-09T16:37:38.327Z info: PRAGMA journal_mode = WAL
2025-05-09T16:45:15.076Z info: SELECT _data_ FROM singletons WHERE id = '1'
2025-05-09T16:45:15.088Z info: UPDATE singletons SET _data_ = '2025-05-09T16:45:15.087Z', v = 1746809115087.0  WHERE id = '1'
2025-05-09T16:45:15.089Z info: PingDB finished
2025-05-09T16:45:28.704Z info: PingDB started
2025-05-09T16:45:28.707Z info: PRAGMA journal_mode = WAL
2025-05-09T16:49:46.094Z info: SELECT _data_ FROM singletons WHERE id = '1'
2025-05-09T16:49:46.102Z info: UPDATE singletons SET _data_ = '2025-05-09T16:49:46.101Z', v = 1746809386101.0  WHERE id = '1'
2025-05-09T16:49:46.104Z info: PingDB finished
2025-05-09T16:50:07.211Z info: PingDB started
2025-05-09T16:50:07.219Z info: PRAGMA journal_mode = WAL
2025-05-09T16:52:34.669Z info: SELECT _data_ FROM singletons WHERE id = '1'
2025-05-09T16:52:34.675Z info: UPDATE singletons SET _data_ = '2025-05-09T16:52:34.673Z', v = 1746809554673.0  WHERE id = '1'
2025-05-09T16:52:34.676Z info: PingDB finished
2025-05-09T16:52:43.229Z info: PingDB started
2025-05-09T16:52:43.235Z info: PRAGMA journal_mode = WAL
2025-05-09T17:17:51.175Z info: SELECT _data_ FROM singletons WHERE id = '1'
2025-05-09T17:17:51.197Z info: UPDATE singletons SET _data_ = '2025-05-09T17:17:51.191Z', v = 1746811071191.0  WHERE id = '1'
2025-05-09T17:17:51.199Z info: PingDB finished
2025-05-09T17:17:59.563Z info: PingDB started
2025-05-09T17:17:59.576Z info: PRAGMA journal_mode = WAL
2025-05-09T17:19:17.936Z info: SELECT _data_ FROM singletons WHERE id = '1'
2025-05-09T17:19:17.961Z info: UPDATE singletons SET _data_ = '2025-05-09T17:19:17.954Z', v = 1746811157954.0  WHERE id = '1'
2025-05-09T17:19:17.978Z info: PingDB finished
2025-05-09T17:19:40.965Z info: PingDB started
2025-05-09T17:19:40.969Z info: PRAGMA journal_mode = WAL
2025-05-09T17:19:58.692Z info: SELECT _data_ FROM singletons WHERE id = '1'
2025-05-09T17:19:58.701Z info: UPDATE singletons SET _data_ = '2025-05-09T17:19:58.698Z', v = 1746811198698.0  WHERE id = '1'
2025-05-09T17:19:58.703Z info: PingDB finished
2025-05-09T17:23:10.130Z info: PingDB started
2025-05-09T17:23:10.153Z info: PRAGMA journal_mode = WAL
2025-05-09T18:17:05.665Z info: SELECT _data_ FROM singletons WHERE id = '1'
2025-05-09T18:17:05.682Z info: UPDATE singletons SET _data_ = '2025-05-09T18:17:05.681Z', v = 1746814625681.0  WHERE id = '1'
2025-05-09T18:17:05.684Z info: PingDB finished
2025-05-14T08:20:04.968Z info: 4 operations registered
2025-05-14T08:20:04.971Z info: 4 App operations registered
2025-05-14T08:20:04.972Z info: Storage FS - path:[D:\git\asocial2-srv\filestorea
2025-05-14T08:20:04.973Z info: SQLite sqla DB path= [D:\git\asocial2-srv\sqlite\testa.db3]
2025-05-14T08:21:39.089Z info: 4 operations registered
2025-05-14T08:21:39.092Z info: 4 App operations registered
2025-05-14T08:21:39.093Z info: Storage FS - path:[D:\git\asocial2-srv\filestorea
2025-05-14T08:21:39.094Z info: SQLite sqla DB path= [D:\git\asocial2-srv\sqlite\testa.db3]
2025-05-14T08:21:39.158Z info: PRAGMA journal_mode = WAL
2025-05-14T08:21:39.159Z info: SELECT _data_ FROM singletons WHERE id = '1'
2025-05-14T08:21:39.160Z info: UPDATE singletons SET _data_ = '2025-05-14T08:21:39.160Z', v = 1747210899160.0  WHERE id = '1'
2025-05-14T08:21:39.161Z info: Sqlite ping OK: 2025-05-07T16:07:53.626Z <=> 2025-05-14T08:21:39.160Z
2025-05-14T08:21:39.171Z info: File-System ping OK: 2025-05-14T08:21:39.161Z
2025-05-14T08:21:39.179Z info: HTTP listen [8080]
2025-05-14T08:26:28.174Z info: 4 operations registered
2025-05-14T08:26:28.177Z info: 4 App operations registered
2025-05-14T08:26:28.178Z info: Storage FS - path:[D:\git\asocial2-srv\filestorea
2025-05-14T08:26:28.179Z info: SQLite sqla DB path= [D:\git\asocial2-srv\sqlite\testa.db3]
2025-05-14T08:26:28.191Z info: PRAGMA journal_mode = WAL
2025-05-14T08:26:28.192Z info: SELECT _data_ FROM singletons WHERE id = '1'
2025-05-14T08:26:28.193Z info: UPDATE singletons SET _data_ = '2025-05-14T08:26:28.193Z', v = 1747211188193.0  WHERE id = '1'
2025-05-14T08:26:28.194Z info: Sqlite ping OK: 2025-05-14T08:21:39.160Z <=> 2025-05-14T08:26:28.193Z
2025-05-14T08:26:28.204Z info: File-System ping OK: 2025-05-14T08:26:28.194Z
2025-05-14T08:26:28.216Z info: HTTP listen [8080]
2025-05-14T08:28:37.303Z info: 4 operations registered
2025-05-14T08:28:37.306Z info: 4 App operations registered
2025-05-14T08:28:37.307Z info: Storage FS - path:[D:\git\asocial2-srv\filestorea
2025-05-14T08:28:37.308Z info: SQLite sqla DB path= [D:\git\asocial2-srv\sqlite\testa.db3]
2025-05-14T08:28:44.523Z info: PRAGMA journal_mode = WAL
2025-05-14T08:28:44.525Z info: SELECT _data_ FROM singletons WHERE id = '1'
2025-05-14T08:28:44.526Z info: UPDATE singletons SET _data_ = '2025-05-14T08:28:44.525Z', v = 1747211324525.0  WHERE id = '1'
2025-05-14T08:28:44.526Z info: Sqlite ping OK: 2025-05-14T08:26:28.193Z <=> 2025-05-14T08:28:44.525Z
2025-05-14T08:28:44.536Z info: File-System ping OK: 2025-05-14T08:28:44.527Z
2025-05-14T08:28:44.542Z info: HTTP listen [8080]
2025-05-14T08:34:44.179Z info: EchoTexte started
2025-05-14T08:36:15.806Z info: PRAGMA journal_mode = WAL
2025-05-14T08:36:15.807Z info: EchoTexte finished
2025-05-14T08:38:03.179Z info: EchoTexte started
2025-05-14T08:38:33.377Z info: PRAGMA journal_mode = WAL
2025-05-14T08:38:33.379Z info: EchoTexte finished
2025-05-14T09:05:07.240Z info: EchoTexte started
2025-05-14T09:05:07.243Z info: PRAGMA journal_mode = WAL
2025-05-14T09:05:26.859Z info: EchoTexte finished
2025-05-14T09:08:50.997Z info: EchoTexte started
2025-05-14T09:09:07.397Z info: PRAGMA journal_mode = WAL
2025-05-14T09:09:07.398Z info: EchoTexte finished
2025-05-14T09:13:10.434Z info: EchoTexte started
2025-05-14T09:13:25.678Z info: PRAGMA journal_mode = WAL
2025-05-14T09:13:25.679Z info: EchoTexte finished
2025-05-14T09:14:25.642Z info: 4 operations registered
2025-05-14T09:14:25.645Z info: 4 App operations registered
2025-05-14T09:14:25.646Z info: Storage FS - path:[D:\git\asocial2-srv\filestorea
2025-05-14T09:14:25.646Z info: SQLite sqla DB path= [D:\git\asocial2-srv\sqlite\testa.db3]
2025-05-14T09:14:25.657Z info: PRAGMA journal_mode = WAL
2025-05-14T09:14:25.659Z info: SELECT _data_ FROM singletons WHERE id = '1'
2025-05-14T09:14:25.660Z info: UPDATE singletons SET _data_ = '2025-05-14T09:14:25.660Z', v = 1747214065660.0  WHERE id = '1'
2025-05-14T09:14:25.661Z info: Sqlite ping OK: 2025-05-14T08:28:44.525Z <=> 2025-05-14T09:14:25.660Z
2025-05-14T09:14:25.669Z info: File-System ping OK: 2025-05-14T09:14:25.662Z
2025-05-14T09:14:25.676Z info: HTTP listen [8080]
2025-05-14T09:26:30.849Z info: EchoTexte started
2025-05-14T09:26:36.440Z info: PRAGMA journal_mode = WAL
2025-05-14T09:26:36.441Z info: EchoTexte finished
2025-05-14T09:27:13.563Z info: EchoTexte started
2025-05-14T09:27:18.081Z info: AppExc: 1010:invalid argument@EchoTexte:["text"]
2025-05-14T09:27:18.082Z info: EchoTexte terminated on exception
2025-05-14T09:41:18.599Z info: EchoTexte started
2025-05-14T09:41:21.407Z info: PRAGMA journal_mode = WAL
2025-05-14T09:41:21.408Z info: EchoTexte finished
2025-05-14T09:45:00.240Z info: EchoTexte started
2025-05-14T09:45:00.242Z info: AppExc: 1010:invalid argument@EchoTexte:["text"]
2025-05-14T09:45:00.242Z info: EchoTexte terminated on exception
2025-05-14T09:50:16.023Z info: EchoTexte started
2025-05-14T09:50:16.026Z info: PRAGMA journal_mode = WAL
2025-05-14T09:50:16.027Z info: EchoTexte finished
2025-05-14T09:50:48.762Z info: EchoTexte started
2025-05-14T09:50:48.765Z info: PRAGMA journal_mode = WAL
2025-05-14T09:50:48.766Z info: EchoTexte finished
2025-05-16T15:49:18.696Z info: 9 operations registered
2025-05-16T15:49:35.508Z info: 9 App operations registered
2025-05-16T15:49:35.510Z info: Storage FS - path:[D:\git\asocial2-srv\filestorea
2025-05-16T15:49:35.512Z info: SQLite sqla DB path= [D:\git\asocial2-srv\sqlite\testa.db3]
2025-05-16T15:49:35.671Z info: PRAGMA journal_mode = WAL
2025-05-16T15:49:35.673Z info: SELECT _data_ FROM singletons WHERE id = '1'
2025-05-16T15:49:35.673Z info: UPDATE singletons SET _data_ = '2025-05-16T15:49:35.673Z', v = 1747410575673.0  WHERE id = '1'
2025-05-16T15:49:35.675Z info: Sqlite ping OK: 2025-05-14T15:03:06.581Z <=> 2025-05-16T15:49:35.673Z
2025-05-16T15:49:35.689Z info: File-System ping OK: 2025-05-16T15:49:35.676Z
2025-05-16T15:49:35.709Z info: HTTP listen [8080]
2025-05-16T15:52:32.380Z info: 9 operations registered
2025-05-16T15:52:43.488Z info: 9 App operations registered
2025-05-16T15:52:43.490Z info: Storage FS - path:[D:\git\asocial2-srv\filestorea
2025-05-16T15:52:43.492Z info: SQLite sqla DB path= [D:\git\asocial2-srv\sqlite\testa.db3]
2025-05-16T15:52:43.532Z info: PRAGMA journal_mode = WAL
2025-05-16T15:52:43.533Z info: SELECT _data_ FROM singletons WHERE id = '1'
2025-05-16T15:52:43.534Z info: UPDATE singletons SET _data_ = '2025-05-16T15:52:43.534Z', v = 1747410763534.0  WHERE id = '1'
2025-05-16T15:52:43.535Z info: Sqlite ping OK: 2025-05-16T15:49:35.673Z <=> 2025-05-16T15:52:43.534Z
2025-05-16T15:52:43.547Z info: File-System ping OK: 2025-05-16T15:52:43.535Z
2025-05-16T15:52:43.559Z info: HTTP listen [8080]
2025-05-16T16:17:44.964Z info: 10 operations registered
2025-05-16T16:17:45.038Z info: 10 App operations registered
2025-05-16T16:17:45.039Z info: Storage FS - path:[D:\git\asocial2-srv\filestorea
2025-05-16T16:17:45.039Z info: SQLite sqla DB path= [D:\git\asocial2-srv\sqlite\testa.db3]
2025-05-16T16:17:45.065Z info: PRAGMA journal_mode = WAL
2025-05-16T16:17:45.066Z info: SELECT _data_ FROM singletons WHERE id = '1'
2025-05-16T16:17:45.067Z info: UPDATE singletons SET _data_ = '2025-05-16T16:17:45.067Z', v = 1747412265067.0  WHERE id = '1'
2025-05-16T16:17:45.068Z info: Sqlite ping OK: 2025-05-16T15:52:43.534Z <=> 2025-05-16T16:17:45.067Z
2025-05-16T16:17:45.079Z info: File-System ping OK: 2025-05-16T16:17:45.068Z
2025-05-16T16:17:45.087Z info: HTTP listen [8080]
2025-05-16T16:18:05.731Z info: RegisterToken started
2025-05-16T16:18:05.742Z info: PRAGMA journal_mode = WAL
2025-05-16T16:18:05.743Z info: RegisterToken finished
2025-05-16T16:18:21.560Z info: TestMessage started
2025-05-16T16:18:33.553Z info: PRAGMA journal_mode = WAL
2025-05-16T16:18:51.626Z info: TestMessage finished
2025-05-16T16:19:19.037Z info: TestMessage started
2025-05-16T16:19:19.040Z info: PRAGMA journal_mode = WAL
2025-05-16T16:19:19.205Z info: TestMessage finished
2025-05-16T16:23:37.919Z info: RegisterToken started
2025-05-16T16:23:37.933Z info: PRAGMA journal_mode = WAL
2025-05-16T16:23:37.935Z info: RegisterToken finished
2025-05-16T16:23:46.703Z info: RegisterToken started
2025-05-16T16:23:46.705Z info: PRAGMA journal_mode = WAL
2025-05-16T16:23:46.706Z info: RegisterToken finished
2025-05-16T16:23:54.050Z info: TestMessage started
2025-05-16T16:23:54.053Z info: PRAGMA journal_mode = WAL
2025-05-16T16:23:54.152Z info: TestMessage finished
2025-05-16T16:31:44.171Z info: RegisterToken started
2025-05-16T16:31:44.202Z info: PRAGMA journal_mode = WAL
2025-05-16T16:31:44.203Z info: RegisterToken finished
2025-05-16T16:31:44.209Z info: RegisterToken started
2025-05-16T16:31:44.212Z info: PRAGMA journal_mode = WAL
2025-05-16T16:31:44.215Z info: RegisterToken finished
2025-05-16T16:31:44.848Z info: RegisterToken started
2025-05-16T16:31:44.851Z info: PRAGMA journal_mode = WAL
2025-05-16T16:31:44.852Z info: RegisterToken finished
2025-05-16T16:31:57.708Z info: RegisterToken started
2025-05-16T16:31:57.711Z info: PRAGMA journal_mode = WAL
2025-05-16T16:31:57.713Z info: RegisterToken finished
2025-05-16T16:32:06.317Z info: TestMessage started
2025-05-16T16:32:06.320Z info: PRAGMA journal_mode = WAL
2025-05-16T16:32:06.412Z info: TestMessage finished
2025-05-16T16:33:53.245Z info: 10 operations registered
2025-05-16T16:33:53.328Z info: 10 App operations registered
2025-05-16T16:33:53.328Z info: Storage FS - path:[D:\git\asocial2-srv\filestorea
2025-05-16T16:33:53.329Z info: SQLite sqla DB path= [D:\git\asocial2-srv\sqlite\testa.db3]
2025-05-16T16:33:53.349Z info: PRAGMA journal_mode = WAL
2025-05-16T16:33:53.351Z info: SELECT _data_ FROM singletons WHERE id = '1'
2025-05-16T16:33:53.352Z info: UPDATE singletons SET _data_ = '2025-05-16T16:33:53.352Z', v = 1747413233352.0  WHERE id = '1'
2025-05-16T16:33:53.353Z info: Sqlite ping OK: 2025-05-16T16:17:45.067Z <=> 2025-05-16T16:33:53.352Z
2025-05-16T16:33:53.365Z info: File-System ping OK: 2025-05-16T16:33:53.354Z
2025-05-16T16:33:53.373Z info: HTTP listen [8080]
2025-05-16T16:34:12.029Z info: RegisterToken started
2025-05-16T16:34:12.038Z info: PRAGMA journal_mode = WAL
2025-05-16T16:34:12.039Z info: RegisterToken finished
2025-05-16T16:34:24.767Z info: TestMessage started
2025-05-16T16:34:24.769Z info: PRAGMA journal_mode = WAL
2025-05-16T16:34:25.041Z info: TestMessage finished
2025-05-16T16:35:08.531Z info: TestMessage started
2025-05-16T16:35:08.534Z info: PRAGMA journal_mode = WAL
2025-05-16T16:35:08.683Z info: TestMessage finished
2025-05-17T08:39:59.593Z info: 10 operations registered
2025-05-17T08:40:00.596Z info: 10 App operations registered
2025-05-17T08:40:00.597Z info: Storage FS - path:[D:\git\asocial2-srv\filestorea
2025-05-17T08:40:00.598Z info: SQLite sqla DB path= [D:\git\asocial2-srv\sqlite\testa.db3]
2025-05-17T08:40:00.832Z info: PRAGMA journal_mode = WAL
2025-05-17T08:40:00.835Z info: SELECT _data_ FROM singletons WHERE id = '1'
2025-05-17T08:40:00.836Z info: UPDATE singletons SET _data_ = '2025-05-17T08:40:00.836Z', v = 1747471200836.0  WHERE id = '1'
2025-05-17T08:40:00.837Z info: Sqlite ping OK: 2025-05-16T16:33:53.352Z <=> 2025-05-17T08:40:00.836Z
2025-05-17T08:40:00.850Z info: File-System ping OK: 2025-05-17T08:40:00.838Z
2025-05-17T08:40:00.868Z info: HTTP listen [8080]
2025-05-17T08:40:34.145Z info: RegisterToken started
2025-05-17T08:40:34.155Z info: PRAGMA journal_mode = WAL
2025-05-17T08:40:34.156Z info: RegisterToken finished
2025-05-17T08:45:01.890Z info: 10 operations registered
2025-05-17T08:45:01.970Z info: 10 App operations registered
2025-05-17T08:45:01.971Z info: Storage FS - path:[D:\git\asocial2-srv\filestorea
2025-05-17T08:45:01.972Z info: SQLite sqla DB path= [D:\git\asocial2-srv\sqlite\testa.db3]
2025-05-17T08:45:01.993Z info: PRAGMA journal_mode = WAL
2025-05-17T08:45:01.995Z info: SELECT _data_ FROM singletons WHERE id = '1'
2025-05-17T08:45:01.996Z info: UPDATE singletons SET _data_ = '2025-05-17T08:45:01.996Z', v = 1747471501996.0  WHERE id = '1'
2025-05-17T08:45:01.997Z info: Sqlite ping OK: 2025-05-17T08:40:00.836Z <=> 2025-05-17T08:45:01.996Z
2025-05-17T08:45:02.004Z info: File-System ping OK: 2025-05-17T08:45:01.998Z
2025-05-17T08:45:02.012Z info: HTTP listen [8080]
2025-05-17T08:46:49.292Z info: RegisterToken started
2025-05-17T08:46:49.308Z info: PRAGMA journal_mode = WAL
2025-05-17T08:46:49.310Z info: RegisterToken finished
2025-05-17T08:48:10.881Z info: RegisterToken started
2025-05-17T08:48:10.883Z info: PRAGMA journal_mode = WAL
2025-05-17T08:48:10.884Z info: RegisterToken finished
2025-05-17T08:50:20.468Z info: RegisterToken started
2025-05-17T08:50:20.470Z info: PRAGMA journal_mode = WAL
2025-05-17T08:50:20.471Z info: RegisterToken finished
2025-05-17T08:50:22.730Z info: RegisterToken started
2025-05-17T08:50:22.732Z info: PRAGMA journal_mode = WAL
2025-05-17T08:50:22.733Z info: RegisterToken finished
2025-05-17T08:54:07.683Z info: 10 operations registered
2025-05-17T08:54:07.768Z info: 10 App operations registered
2025-05-17T08:54:07.769Z info: Storage FS - path:[D:\git\asocial2-srv\filestorea
2025-05-17T08:54:07.769Z info: SQLite sqla DB path= [D:\git\asocial2-srv\sqlite\testa.db3]
2025-05-17T08:54:07.791Z info: PRAGMA journal_mode = WAL
2025-05-17T08:54:07.793Z info: SELECT _data_ FROM singletons WHERE id = '1'
2025-05-17T08:54:07.794Z info: UPDATE singletons SET _data_ = '2025-05-17T08:54:07.793Z', v = 1747472047793.0  WHERE id = '1'
2025-05-17T08:54:07.795Z info: Sqlite ping OK: 2025-05-17T08:45:01.996Z <=> 2025-05-17T08:54:07.793Z
2025-05-17T08:54:07.802Z info: File-System ping OK: 2025-05-17T08:54:07.795Z
2025-05-17T08:54:07.810Z info: HTTP listen [8080]
2025-05-17T09:03:43.898Z info: RegisterToken started
2025-05-17T09:03:43.918Z info: PRAGMA journal_mode = WAL
2025-05-17T09:03:43.919Z info: RegisterToken finished
2025-05-17T09:03:52.291Z info: RegisterToken started
2025-05-17T09:03:52.293Z info: PRAGMA journal_mode = WAL
2025-05-17T09:03:52.294Z info: RegisterToken finished
2025-05-17T09:07:21.303Z info: 10 operations registered
2025-05-17T09:07:21.382Z info: 10 App operations registered
2025-05-17T09:07:21.383Z info: Storage FS - path:[D:\git\asocial2-srv\filestorea
2025-05-17T09:07:21.384Z info: SQLite sqla DB path= [D:\git\asocial2-srv\sqlite\testa.db3]
2025-05-17T09:07:21.434Z info: PRAGMA journal_mode = WAL
2025-05-17T09:07:21.436Z info: SELECT _data_ FROM singletons WHERE id = '1'
2025-05-17T09:07:21.437Z info: UPDATE singletons SET _data_ = '2025-05-17T09:07:21.437Z', v = 1747472841437.0  WHERE id = '1'
2025-05-17T09:07:21.438Z info: Sqlite ping OK: 2025-05-17T08:54:07.793Z <=> 2025-05-17T09:07:21.437Z
2025-05-17T09:07:21.445Z info: File-System ping OK: 2025-05-17T09:07:21.438Z
2025-05-17T09:07:21.453Z info: HTTP listen [8080]
2025-05-17T09:15:21.278Z info: RegisterToken started
2025-05-17T09:15:21.296Z info: PRAGMA journal_mode = WAL
2025-05-17T09:15:21.298Z info: RegisterToken finished
2025-05-17T09:15:34.011Z info: RegisterToken started
2025-05-17T09:15:34.014Z info: PRAGMA journal_mode = WAL
2025-05-17T09:15:34.016Z info: RegisterToken finished
2025-05-17T09:15:41.636Z info: TestMessage started
2025-05-17T09:15:41.640Z info: PRAGMA journal_mode = WAL
2025-05-17T09:15:41.810Z info: TestMessage finished
2025-05-17T09:17:21.694Z info: 10 operations registered
2025-05-17T09:17:21.778Z info: 10 App operations registered
2025-05-17T09:17:21.778Z info: Storage FS - path:[D:\git\asocial2-srv\filestorea
2025-05-17T09:17:21.779Z info: SQLite sqla DB path= [D:\git\asocial2-srv\sqlite\testa.db3]
2025-05-17T09:17:21.803Z info: PRAGMA journal_mode = WAL
2025-05-17T09:17:21.804Z info: SELECT _data_ FROM singletons WHERE id = '1'
2025-05-17T09:17:21.805Z info: UPDATE singletons SET _data_ = '2025-05-17T09:17:21.805Z', v = 1747473441805.0  WHERE id = '1'
2025-05-17T09:17:21.806Z info: Sqlite ping OK: 2025-05-17T09:07:21.437Z <=> 2025-05-17T09:17:21.805Z
2025-05-17T09:17:21.816Z info: File-System ping OK: 2025-05-17T09:17:21.807Z
2025-05-17T09:17:21.823Z info: HTTP listen [8080]
2025-05-17T09:17:28.617Z info: TestMessage started
2025-05-17T09:17:28.633Z info: PRAGMA journal_mode = WAL
2025-05-17T09:17:28.978Z info: TestMessage finished
2025-05-17T09:17:41.847Z info: TestMessage started
2025-05-17T09:17:41.850Z info: PRAGMA journal_mode = WAL
2025-05-17T09:17:41.997Z info: TestMessage finished
2025-05-17T09:43:14.850Z info: RegisterToken started
2025-05-17T09:43:14.856Z info: PRAGMA journal_mode = WAL
2025-05-17T09:43:14.858Z info: RegisterToken finished
2025-05-17T09:43:23.790Z info: TestMessage started
2025-05-17T09:43:23.793Z info: PRAGMA journal_mode = WAL
2025-05-17T09:43:23.892Z info: TestMessage finished
2025-05-17T09:50:50.360Z info: RegisterToken started
2025-05-17T09:50:50.363Z info: PRAGMA journal_mode = WAL
2025-05-17T09:50:50.367Z info: RegisterToken finished
2025-05-17T09:50:56.586Z info: RegisterToken started
2025-05-17T09:50:56.596Z info: PRAGMA journal_mode = WAL
2025-05-17T09:50:56.597Z info: RegisterToken finished
2025-05-17T09:51:03.808Z info: TestMessage started
2025-05-17T09:51:03.811Z info: PRAGMA journal_mode = WAL
2025-05-17T09:51:03.918Z info: TestMessage finished
2025-05-17T09:52:50.409Z info: 10 operations registered
2025-05-17T09:52:50.514Z info: 10 App operations registered
2025-05-17T09:52:50.515Z info: Storage FS - path:[D:\git\asocial2-srv\filestorea
2025-05-17T09:52:50.516Z info: SQLite sqla DB path= [D:\git\asocial2-srv\sqlite\testa.db3]
2025-05-17T09:52:50.548Z info: PRAGMA journal_mode = WAL
2025-05-17T09:52:50.549Z info: SELECT _data_ FROM singletons WHERE id = '1'
2025-05-17T09:52:50.550Z info: UPDATE singletons SET _data_ = '2025-05-17T09:52:50.550Z', v = 1747475570550.0  WHERE id = '1'
2025-05-17T09:52:50.551Z info: Sqlite ping OK: 2025-05-17T09:17:21.805Z <=> 2025-05-17T09:52:50.550Z
2025-05-17T09:52:50.561Z info: File-System ping OK: 2025-05-17T09:52:50.551Z
2025-05-17T09:52:50.570Z info: HTTP listen [8080]
2025-05-17T09:56:08.794Z info: RegisterToken started
2025-05-17T09:56:08.807Z info: PRAGMA journal_mode = WAL
2025-05-17T09:56:08.808Z info: RegisterToken finished
2025-05-17T09:56:16.717Z info: TestMessage started
2025-05-17T09:56:16.720Z info: PRAGMA journal_mode = WAL
2025-05-17T09:56:17.011Z info: TestMessage finished
2025-05-17T10:08:37.247Z info: RegisterToken started
2025-05-17T10:08:37.250Z info: PRAGMA journal_mode = WAL
2025-05-17T10:08:37.251Z info: RegisterToken finished
2025-05-17T10:09:04.873Z info: TestMessage started
2025-05-17T10:09:04.876Z info: PRAGMA journal_mode = WAL
2025-05-17T10:09:05.005Z info: TestMessage finished
2025-05-17T10:14:21.872Z info: TestMessage started
2025-05-17T10:14:21.874Z info: PRAGMA journal_mode = WAL
2025-05-17T10:14:21.973Z info: TestMessage finished
2025-05-17T10:18:08.191Z info: RegisterToken started
2025-05-17T10:18:08.208Z info: PRAGMA journal_mode = WAL
2025-05-17T10:18:08.210Z info: RegisterToken finished
2025-05-17T10:18:22.039Z info: RegisterToken started
2025-05-17T10:18:22.048Z info: PRAGMA journal_mode = WAL
2025-05-17T10:18:22.053Z info: RegisterToken finished
2025-05-17T10:18:36.246Z info: RegisterToken started
2025-05-17T10:18:36.253Z info: PRAGMA journal_mode = WAL
2025-05-17T10:18:36.254Z info: RegisterToken finished
2025-05-17T10:18:41.262Z info: TestMessage started
2025-05-17T10:18:41.266Z info: PRAGMA journal_mode = WAL
2025-05-17T10:18:41.337Z info: TestMessage finished
2025-05-17T10:18:43.540Z info: TestMessage started
2025-05-17T10:18:43.542Z info: PRAGMA journal_mode = WAL
2025-05-17T10:18:43.631Z info: TestMessage finished
2025-05-17T10:19:02.908Z info: TestMessage started
2025-05-17T10:19:02.911Z info: PRAGMA journal_mode = WAL
2025-05-17T10:19:03.014Z info: TestMessage finished
2025-05-17T10:50:57.240Z info: 10 operations registered
2025-05-17T10:50:57.888Z info: 10 App operations registered
2025-05-17T10:50:57.889Z info: Storage FS - path:[D:\git\asocial2-srv\filestorea
2025-05-17T10:50:57.889Z info: SQLite sqla DB path= [D:\git\asocial2-srv\sqlite\testa.db3]
2025-05-17T10:50:57.940Z info: PRAGMA journal_mode = WAL
2025-05-17T10:50:57.941Z info: SELECT _data_ FROM singletons WHERE id = '1'
2025-05-17T10:50:57.941Z info: UPDATE singletons SET _data_ = '2025-05-17T10:50:57.941Z', v = 1747479057941.0  WHERE id = '1'
2025-05-17T10:50:57.942Z info: Sqlite ping OK: 2025-05-17T09:52:50.550Z <=> 2025-05-17T10:50:57.941Z
2025-05-17T10:50:57.947Z info: File-System ping OK: 2025-05-17T10:50:57.942Z
2025-05-17T10:50:57.952Z info: HTTP listen [8080]
2025-05-17T10:51:02.539Z info: TestMessage started
2025-05-17T10:51:02.550Z info: PRAGMA journal_mode = WAL
2025-05-17T10:51:02.790Z info: TestMessage finished
2025-05-17T10:51:13.623Z info: TestMessage started
2025-05-17T10:51:13.625Z info: PRAGMA journal_mode = WAL
2025-05-17T10:51:13.772Z info: TestMessage finished
2025-05-17T10:51:15.708Z info: TestMessage started
2025-05-17T10:51:15.710Z info: PRAGMA journal_mode = WAL
2025-05-17T10:51:15.783Z info: TestMessage finished
2025-05-17T10:58:04.744Z info: TestMessage started
2025-05-17T10:58:04.745Z info: AppExc: 1010:invalid argument@TestMessage:["token"]
2025-05-17T10:58:04.746Z info: TestMessage terminated on exception
2025-05-17T14:04:46.345Z info: 10 operations registered
2025-05-17T14:04:47.026Z info: 10 App operations registered
2025-05-17T14:04:47.027Z info: Storage FS - path:[D:\git\asocial2-srv\filestorea
2025-05-17T14:04:47.027Z info: SQLite sqla DB path= [D:\git\asocial2-srv\sqlite\testa.db3]
2025-05-17T14:04:47.099Z info: PRAGMA journal_mode = WAL
2025-05-17T14:04:47.100Z info: SELECT _data_ FROM singletons WHERE id = '1'
2025-05-17T14:04:47.101Z info: UPDATE singletons SET _data_ = '2025-05-17T14:04:47.101Z', v = 1747490687101.0  WHERE id = '1'
2025-05-17T14:04:47.101Z info: Sqlite ping OK: 2025-05-17T10:50:57.941Z <=> 2025-05-17T14:04:47.101Z
2025-05-17T14:04:47.107Z info: File-System ping OK: 2025-05-17T14:04:47.102Z
2025-05-17T14:04:47.114Z info: HTTP listen [8080]
2025-05-17T14:06:17.302Z info: RegisterToken started
2025-05-17T14:06:17.326Z info: PRAGMA journal_mode = WAL
2025-05-17T14:06:17.329Z info: RegisterToken finished
2025-05-17T14:06:31.956Z info: TestMessage started
2025-05-17T14:06:31.958Z info: PRAGMA journal_mode = WAL
2025-05-17T14:06:32.319Z info: TestMessage finished
2025-05-17T14:06:57.296Z info: TestMessage started
2025-05-17T14:06:57.297Z info: PRAGMA journal_mode = WAL
2025-05-17T14:06:57.373Z info: TestMessage finished
2025-05-17T14:15:27.162Z info: RegisterToken started
2025-05-17T14:15:27.164Z info: PRAGMA journal_mode = WAL
2025-05-17T14:15:27.165Z info: RegisterToken finished
2025-05-17T14:15:43.986Z info: TestMessage started
2025-05-17T14:15:43.989Z info: PRAGMA journal_mode = WAL
2025-05-17T14:15:44.126Z info: TestMessage finished
2025-05-17T14:22:23.897Z info: RegisterToken started
2025-05-17T14:22:23.900Z info: PRAGMA journal_mode = WAL
2025-05-17T14:22:23.901Z info: RegisterToken finished
2025-05-17T14:22:30.903Z info: RegisterToken started
2025-05-17T14:22:30.927Z info: PRAGMA journal_mode = WAL
2025-05-17T14:22:30.928Z info: RegisterToken finished
2025-05-17T14:22:35.022Z info: TestMessage started
2025-05-17T14:22:35.025Z info: PRAGMA journal_mode = WAL
2025-05-17T14:22:35.101Z info: TestMessage finished
2025-05-17T14:22:39.516Z info: TestMessage started
2025-05-17T14:22:39.519Z info: PRAGMA journal_mode = WAL
2025-05-17T14:22:39.596Z info: TestMessage finished
2025-05-17T14:25:19.826Z info: RegisterToken started
2025-05-17T14:25:19.827Z info: PRAGMA journal_mode = WAL
2025-05-17T14:25:19.828Z info: RegisterToken finished
2025-05-17T14:32:40.772Z info: RegisterToken started
2025-05-17T14:32:40.796Z info: PRAGMA journal_mode = WAL
2025-05-17T14:32:40.797Z info: RegisterToken finished
2025-05-17T14:33:05.918Z info: RegisterToken started
2025-05-17T14:33:05.920Z info: PRAGMA journal_mode = WAL
2025-05-17T14:33:05.920Z info: RegisterToken finished
2025-05-17T14:33:19.686Z info: TestMessage started
2025-05-17T14:33:19.688Z info: PRAGMA journal_mode = WAL
2025-05-17T14:33:19.800Z info: TestMessage finished
2025-05-19T07:06:42.521Z info: 10 operations registered
2025-05-19T07:06:43.284Z info: 10 App operations registered
2025-05-19T07:06:43.285Z info: Storage FS - path:[D:\git\asocial2-srv\filestorea
2025-05-19T07:06:43.285Z info: SQLite sqla DB path= [D:\git\asocial2-srv\sqlite\testa.db3]
2025-05-19T07:06:43.403Z info: PRAGMA journal_mode = WAL
2025-05-19T07:06:43.404Z info: SELECT _data_ FROM singletons WHERE id = '1'
2025-05-19T07:06:43.405Z info: UPDATE singletons SET _data_ = '2025-05-19T07:06:43.405Z', v = 1747638403405.0  WHERE id = '1'
2025-05-19T07:06:43.406Z info: Sqlite ping OK: 2025-05-17T14:04:47.101Z <=> 2025-05-19T07:06:43.405Z
2025-05-19T07:06:43.422Z info: File-System ping OK: 2025-05-19T07:06:43.407Z
2025-05-19T07:06:43.445Z info: HTTP listen [8080]
2025-05-19T07:07:02.376Z info: RegisterToken started
2025-05-19T07:07:02.384Z info: PRAGMA journal_mode = WAL
2025-05-19T07:07:02.385Z info: RegisterToken finished
2025-05-19T07:07:10.387Z info: RegisterToken started
2025-05-19T07:07:10.389Z info: PRAGMA journal_mode = WAL
2025-05-19T07:07:10.391Z info: RegisterToken finished
2025-05-19T07:08:26.027Z info: TestMessage started
2025-05-19T07:08:26.031Z info: PRAGMA journal_mode = WAL
2025-05-19T07:08:26.313Z info: TestMessage finished
2025-05-19T07:09:32.838Z info: RegisterToken started
2025-05-19T07:09:32.840Z info: PRAGMA journal_mode = WAL
2025-05-19T07:09:32.842Z info: RegisterToken finished
2025-05-19T07:12:47.826Z info: 10 operations registered
2025-05-19T07:12:47.907Z info: 10 App operations registered
2025-05-19T07:12:47.907Z info: Storage FS - path:[D:\git\asocial2-srv\filestorea
2025-05-19T07:12:47.908Z info: SQLite sqla DB path= [D:\git\asocial2-srv\sqlite\testa.db3]
2025-05-19T07:12:47.929Z info: PRAGMA journal_mode = WAL
2025-05-19T07:12:47.931Z info: SELECT _data_ FROM singletons WHERE id = '1'
2025-05-19T07:12:47.931Z info: UPDATE singletons SET _data_ = '2025-05-19T07:12:47.931Z', v = 1747638767931.0  WHERE id = '1'
2025-05-19T07:12:47.932Z info: Sqlite ping OK: 2025-05-19T07:06:43.405Z <=> 2025-05-19T07:12:47.931Z
2025-05-19T07:12:47.940Z info: File-System ping OK: 2025-05-19T07:12:47.933Z
2025-05-19T07:12:47.946Z info: HTTP listen [8080]
2025-05-19T07:17:00.186Z info: TestMessage started
2025-05-19T07:17:00.200Z info: PRAGMA journal_mode = WAL
2025-05-19T07:17:00.273Z info: TestMessage finished
2025-05-19T07:22:26.156Z info: RegisterToken started
2025-05-19T07:22:26.161Z info: PRAGMA journal_mode = WAL
2025-05-19T07:22:26.164Z info: RegisterToken finished
2025-05-19T07:22:34.305Z info: RegisterToken started
2025-05-19T07:22:34.321Z info: PRAGMA journal_mode = WAL
2025-05-19T07:22:34.322Z info: RegisterToken finished
2025-05-19T07:28:46.282Z info: RegisterToken started
2025-05-19T07:28:46.286Z info: PRAGMA journal_mode = WAL
2025-05-19T07:28:46.287Z info: RegisterToken finished
2025-05-19T07:28:52.674Z info: RegisterToken started
2025-05-19T07:28:52.701Z info: PRAGMA journal_mode = WAL
2025-05-19T07:28:52.702Z info: RegisterToken finished
2025-05-19T07:29:16.783Z info: 10 operations registered
2025-05-19T07:29:16.858Z info: 10 App operations registered
2025-05-19T07:29:16.859Z info: Storage FS - path:[D:\git\asocial2-srv\filestorea
2025-05-19T07:29:16.861Z info: SQLite sqla DB path= [D:\git\asocial2-srv\sqlite\testa.db3]
2025-05-19T07:29:16.882Z info: PRAGMA journal_mode = WAL
2025-05-19T07:29:16.883Z info: SELECT _data_ FROM singletons WHERE id = '1'
2025-05-19T07:29:16.884Z info: UPDATE singletons SET _data_ = '2025-05-19T07:29:16.884Z', v = 1747639756884.0  WHERE id = '1'
2025-05-19T07:29:16.885Z info: Sqlite ping OK: 2025-05-19T07:12:47.931Z <=> 2025-05-19T07:29:16.884Z
2025-05-19T07:29:16.892Z info: File-System ping OK: 2025-05-19T07:29:16.885Z
2025-05-19T07:29:16.900Z info: HTTP listen [8080]
2025-05-19T07:30:04.636Z info: TestMessage started
2025-05-19T07:30:04.649Z info: PRAGMA journal_mode = WAL
2025-05-19T07:30:11.285Z info: TestMessage finished
2025-05-19T07:33:10.764Z info: RegisterToken started
2025-05-19T07:33:10.769Z info: PRAGMA journal_mode = WAL
2025-05-19T07:33:10.771Z info: RegisterToken finished
2025-05-19T07:38:07.393Z info: 10 operations registered
2025-05-19T07:38:07.478Z info: 10 App operations registered
2025-05-19T07:38:07.479Z info: Storage FS - path:[D:\git\asocial2-srv\filestorea
2025-05-19T07:38:07.479Z info: SQLite sqla DB path= [D:\git\asocial2-srv\sqlite\testa.db3]
2025-05-19T07:38:07.500Z info: PRAGMA journal_mode = WAL
2025-05-19T07:38:07.502Z info: SELECT _data_ FROM singletons WHERE id = '1'
2025-05-19T07:38:07.503Z info: UPDATE singletons SET _data_ = '2025-05-19T07:38:07.503Z', v = 1747640287503.0  WHERE id = '1'
2025-05-19T07:38:07.504Z info: Sqlite ping OK: 2025-05-19T07:29:16.884Z <=> 2025-05-19T07:38:07.503Z
2025-05-19T07:38:07.510Z info: File-System ping OK: 2025-05-19T07:38:07.505Z
2025-05-19T07:38:07.516Z info: HTTP listen [8080]
2025-05-19T07:38:16.915Z info: RegisterToken started
2025-05-19T07:38:16.935Z info: PRAGMA journal_mode = WAL
2025-05-19T07:38:16.936Z info: RegisterToken finished
2025-05-19T07:38:22.907Z info: RegisterToken started
2025-05-19T07:38:22.909Z info: PRAGMA journal_mode = WAL
2025-05-19T07:38:22.911Z info: RegisterToken finished
2025-05-19T07:38:58.524Z info: TestMessage started
2025-05-19T07:38:58.526Z info: PRAGMA journal_mode = WAL
2025-05-19T07:39:08.243Z info: TestMessage finished
2025-05-19T07:40:49.820Z info: TestMessage started
2025-05-19T07:40:49.823Z info: PRAGMA journal_mode = WAL
2025-05-19T07:41:03.754Z info: TestMessage finished
2025-05-19T07:41:57.422Z info: TestMessage started
2025-05-19T07:41:57.425Z info: PRAGMA journal_mode = WAL
2025-05-19T07:42:06.094Z info: TestMessage finished
2025-05-19T07:43:03.126Z info: TestMessage started
2025-05-19T07:43:03.129Z info: PRAGMA journal_mode = WAL
2025-05-19T07:43:03.223Z info: TestMessage finished
2025-05-19T08:56:13.553Z info: RegisterToken started
2025-05-19T08:56:13.559Z info: PRAGMA journal_mode = WAL
2025-05-19T08:56:13.561Z info: RegisterToken finished
2025-05-19T08:56:47.596Z info: RegisterToken started
2025-05-19T08:56:47.600Z info: PRAGMA journal_mode = WAL
2025-05-19T08:56:47.602Z info: RegisterToken finished
2025-05-19T09:29:12.917Z info: RegisterToken started
2025-05-19T09:29:12.922Z info: PRAGMA journal_mode = WAL
2025-05-19T09:29:12.923Z info: RegisterToken finished
2025-05-19T09:49:30.733Z info: RegisterToken started
2025-05-19T09:49:30.740Z info: PRAGMA journal_mode = WAL
2025-05-19T09:49:30.745Z info: RegisterToken finished
2025-05-19T09:50:07.758Z info: RegisterToken started
2025-05-19T09:50:07.761Z info: PRAGMA journal_mode = WAL
2025-05-19T09:50:07.763Z info: RegisterToken finished
2025-05-19T09:50:18.881Z info: TestMessage started
2025-05-19T09:50:18.886Z info: PRAGMA journal_mode = WAL
2025-05-19T09:50:19.043Z info: TestMessage finished
2025-05-19T10:01:07.051Z info: RegisterToken started
2025-05-19T10:01:07.080Z info: PRAGMA journal_mode = WAL
2025-05-19T10:01:07.092Z info: RegisterToken finished
2025-05-19T10:01:13.704Z info: RegisterToken started
2025-05-19T10:01:13.712Z info: PRAGMA journal_mode = WAL
2025-05-19T10:01:13.715Z info: RegisterToken finished
2025-05-19T10:01:50.089Z info: TestMessage started
2025-05-19T10:01:50.093Z info: PRAGMA journal_mode = WAL
2025-05-19T10:01:50.173Z info: TestMessage finished
2025-05-19T10:04:33.155Z info: RegisterToken started
2025-05-19T10:04:33.158Z info: PRAGMA journal_mode = WAL
2025-05-19T10:04:33.160Z info: RegisterToken finished
2025-05-19T10:06:33.175Z info: TestMessage started
2025-05-19T10:06:33.178Z info: PRAGMA journal_mode = WAL
2025-05-19T10:06:33.331Z info: TestMessage finished
2025-05-19T10:06:41.935Z info: RegisterToken started
2025-05-19T10:06:41.938Z info: PRAGMA journal_mode = WAL
2025-05-19T10:06:41.940Z info: RegisterToken finished
2025-05-19T10:06:48.602Z info: RegisterToken started
2025-05-19T10:06:48.604Z info: PRAGMA journal_mode = WAL
2025-05-19T10:06:48.606Z info: RegisterToken finished
2025-05-19T10:06:58.601Z info: TestMessage started
2025-05-19T10:06:58.604Z info: PRAGMA journal_mode = WAL
2025-05-19T10:06:58.775Z info: TestMessage finished
2025-05-19T10:08:28.152Z info: TestMessage started
2025-05-19T10:08:28.155Z info: PRAGMA journal_mode = WAL
2025-05-19T10:08:39.134Z info: TestMessage finished
2025-05-19T10:10:18.170Z info: TestMessage started
2025-05-19T10:10:18.173Z info: PRAGMA journal_mode = WAL
2025-05-19T10:10:24.535Z info: TestMessage finished
2025-05-19T10:12:14.762Z info: TestMessage started
2025-05-19T10:12:14.765Z info: PRAGMA journal_mode = WAL
2025-05-19T10:12:22.330Z info: TestMessage finished
2025-05-19T10:22:31.271Z info: RegisterToken started
2025-05-19T10:22:31.274Z info: PRAGMA journal_mode = WAL
2025-05-19T10:22:31.276Z info: RegisterToken finished
2025-05-19T10:22:38.188Z info: RegisterToken started
2025-05-19T10:22:38.190Z info: PRAGMA journal_mode = WAL
2025-05-19T10:22:38.192Z info: RegisterToken finished
2025-05-19T10:22:45.112Z info: TestMessage started
2025-05-19T10:22:45.115Z info: PRAGMA journal_mode = WAL
2025-05-19T10:22:52.315Z info: TestMessage finished
2025-05-19T10:23:02.836Z info: TestMessage started
2025-05-19T10:23:02.839Z info: PRAGMA journal_mode = WAL
2025-05-19T10:23:16.508Z info: TestMessage finished
2025-05-19T10:52:23.518Z info: TestMessage started
2025-05-19T10:52:23.522Z info: PRAGMA journal_mode = WAL
2025-05-19T10:52:36.819Z info: TestMessage finished
2025-05-19T10:53:05.253Z info: TestMessage started
2025-05-19T10:53:05.256Z info: PRAGMA journal_mode = WAL
2025-05-19T10:53:13.984Z info: TestMessage finished
2025-05-19T10:55:26.403Z info: TestMessage started
2025-05-19T10:55:26.406Z info: PRAGMA journal_mode = WAL
2025-05-19T10:55:34.761Z info: TestMessage finished
2025-05-19T10:55:45.892Z info: RegisterToken started
2025-05-19T10:55:45.894Z info: PRAGMA journal_mode = WAL
2025-05-19T10:55:45.895Z info: RegisterToken finished
2025-05-19T10:56:03.958Z info: TestMessage started
2025-05-19T10:56:03.961Z info: PRAGMA journal_mode = WAL
2025-05-19T10:56:04.080Z info: TestMessage finished
2025-05-19T10:56:14.776Z info: TestMessage started
2025-05-19T10:56:14.779Z info: PRAGMA journal_mode = WAL
2025-05-19T10:56:24.157Z info: TestMessage finished
2025-05-19T10:56:45.553Z info: RegisterToken started
2025-05-19T10:56:45.555Z info: PRAGMA journal_mode = WAL
2025-05-19T10:56:45.556Z info: RegisterToken finished
2025-05-19T11:10:51.932Z info: RegisterToken started
2025-05-19T11:10:51.936Z info: PRAGMA journal_mode = WAL
2025-05-19T11:10:51.939Z info: RegisterToken finished
2025-05-19T11:10:52.000Z info: RegisterToken started
2025-05-19T11:10:52.003Z info: PRAGMA journal_mode = WAL
2025-05-19T11:10:52.008Z info: RegisterToken finished
2025-05-19T11:11:35.803Z info: 10 operations registered
2025-05-19T11:11:36.503Z info: 10 App operations registered
2025-05-19T11:11:36.504Z info: Storage FS - path:[D:\git\asocial2-srv\filestorea
2025-05-19T11:11:36.505Z info: SQLite sqla DB path= [D:\git\asocial2-srv\sqlite\testa.db3]
2025-05-19T11:11:36.555Z info: PRAGMA journal_mode = WAL
2025-05-19T11:11:36.557Z info: SELECT _data_ FROM singletons WHERE id = '1'
2025-05-19T11:11:36.557Z info: UPDATE singletons SET _data_ = '2025-05-19T11:11:36.557Z', v = 1747653096557.0  WHERE id = '1'
2025-05-19T11:11:36.558Z info: Sqlite ping OK: 2025-05-19T07:38:07.503Z <=> 2025-05-19T11:11:36.557Z
2025-05-19T11:11:36.570Z info: File-System ping OK: 2025-05-19T11:11:36.559Z
2025-05-19T11:11:36.580Z info: HTTP listen [8080]
2025-05-19T11:11:46.589Z info: TestMessage started
2025-05-19T11:11:46.602Z info: PRAGMA journal_mode = WAL
2025-05-19T11:11:46.613Z info: TestMessage finished
2025-05-19T11:11:59.020Z info: TestMessage started
2025-05-19T11:11:59.024Z info: PRAGMA journal_mode = WAL
2025-05-19T11:11:59.028Z info: TestMessage finished
2025-05-19T11:14:49.601Z info: RegisterToken started
2025-05-19T11:14:49.613Z info: PRAGMA journal_mode = WAL
2025-05-19T11:14:49.615Z info: RegisterToken finished
2025-05-19T11:15:15.178Z info: 10 operations registered
2025-05-19T11:15:15.257Z info: 10 App operations registered
2025-05-19T11:15:15.258Z info: Storage FS - path:[D:\git\asocial2-srv\filestorea
2025-05-19T11:15:15.258Z info: SQLite sqla DB path= [D:\git\asocial2-srv\sqlite\testa.db3]
2025-05-19T11:15:15.279Z info: PRAGMA journal_mode = WAL
2025-05-19T11:15:15.280Z info: SELECT _data_ FROM singletons WHERE id = '1'
2025-05-19T11:15:15.281Z info: UPDATE singletons SET _data_ = '2025-05-19T11:15:15.281Z', v = 1747653315281.0  WHERE id = '1'
2025-05-19T11:15:15.282Z info: Sqlite ping OK: 2025-05-19T11:11:36.557Z <=> 2025-05-19T11:15:15.281Z
2025-05-19T11:15:15.289Z info: File-System ping OK: 2025-05-19T11:15:15.283Z
2025-05-19T11:15:15.297Z info: HTTP listen [8080]
2025-05-19T11:15:22.360Z info: RegisterToken started
2025-05-19T11:15:22.372Z info: PRAGMA journal_mode = WAL
2025-05-19T11:15:22.374Z info: RegisterToken finished
2025-05-19T11:15:30.402Z info: TestMessage started
2025-05-19T11:15:30.406Z info: PRAGMA journal_mode = WAL
2025-05-19T11:15:30.669Z info: TestMessage finished
2025-05-19T11:15:38.175Z info: TestMessage started
2025-05-19T11:15:38.177Z info: PRAGMA journal_mode = WAL
2025-05-19T11:15:38.329Z info: TestMessage finished
2025-05-19T11:16:14.583Z info: TestMessage started
2025-05-19T11:16:14.587Z info: PRAGMA journal_mode = WAL
2025-05-19T11:16:21.991Z info: TestMessage finished
2025-05-19T11:20:34.600Z info: 10 operations registered
2025-05-19T11:20:34.678Z info: 10 App operations registered
2025-05-19T11:20:34.678Z info: Storage FS - path:[D:\git\asocial2-srv\filestorea
2025-05-19T11:20:34.679Z info: SQLite sqla DB path= [D:\git\asocial2-srv\sqlite\testa.db3]
2025-05-19T11:20:34.698Z info: PRAGMA journal_mode = WAL
2025-05-19T11:20:34.700Z info: SELECT _data_ FROM singletons WHERE id = '1'
2025-05-19T11:20:34.700Z info: UPDATE singletons SET _data_ = '2025-05-19T11:20:34.700Z', v = 1747653634700.0  WHERE id = '1'
2025-05-19T11:20:34.701Z info: Sqlite ping OK: 2025-05-19T11:15:15.281Z <=> 2025-05-19T11:20:34.700Z
2025-05-19T11:20:34.713Z info: File-System ping OK: 2025-05-19T11:20:34.702Z
2025-05-19T11:20:34.724Z info: HTTP listen [8080]
2025-05-19T11:20:39.601Z info: TestMessage started
2025-05-19T11:20:39.614Z info: PRAGMA journal_mode = WAL
2025-05-19T11:20:45.442Z info: TestMessage finished
2025-05-19T11:20:49.395Z info: TestMessage started
2025-05-19T11:20:49.398Z info: PRAGMA journal_mode = WAL
2025-05-19T11:20:55.033Z info: TestMessage finished
2025-05-19T11:21:10.645Z info: TestMessage started
2025-05-19T11:21:10.648Z info: PRAGMA journal_mode = WAL
2025-05-19T11:21:18.254Z info: TestMessage finished
2025-05-19T11:21:42.409Z info: TestMessage started
2025-05-19T11:21:42.413Z info: PRAGMA journal_mode = WAL
2025-05-19T11:21:51.445Z info: TestMessage finished
2025-05-19T11:21:55.802Z info: RegisterToken started
2025-05-19T11:21:55.805Z info: PRAGMA journal_mode = WAL
2025-05-19T11:21:55.808Z info: RegisterToken finished
2025-05-19T11:29:10.742Z info: RegisterToken started
2025-05-19T11:29:10.744Z info: PRAGMA journal_mode = WAL
2025-05-19T11:29:10.746Z info: RegisterToken finished
2025-05-19T11:43:13.635Z info: RegisterToken started
2025-05-19T11:43:13.645Z info: PRAGMA journal_mode = WAL
2025-05-19T11:43:13.648Z info: RegisterToken finished
2025-05-19T11:43:39.872Z info: 10 operations registered
2025-05-19T11:43:39.953Z info: 10 App operations registered
2025-05-19T11:43:39.953Z info: Storage FS - path:[D:\git\asocial2-srv\filestorea
2025-05-19T11:43:39.954Z info: SQLite sqla DB path= [D:\git\asocial2-srv\sqlite\testa.db3]
2025-05-19T11:43:39.974Z info: PRAGMA journal_mode = WAL
2025-05-19T11:43:39.975Z info: SELECT _data_ FROM singletons WHERE id = '1'
2025-05-19T11:43:39.975Z info: UPDATE singletons SET _data_ = '2025-05-19T11:43:39.975Z', v = 1747655019975.0  WHERE id = '1'
2025-05-19T11:43:39.976Z info: Sqlite ping OK: 2025-05-19T11:20:34.700Z <=> 2025-05-19T11:43:39.975Z
2025-05-19T11:43:39.984Z info: File-System ping OK: 2025-05-19T11:43:39.977Z
2025-05-19T11:43:39.991Z info: HTTP listen [8080]
2025-05-19T11:43:52.140Z info: RegisterToken started
2025-05-19T11:43:52.155Z info: PRAGMA journal_mode = WAL
2025-05-19T11:43:52.156Z info: RegisterToken finished
2025-05-19T11:43:59.984Z info: RegisterToken started
2025-05-19T11:43:59.987Z info: PRAGMA journal_mode = WAL
2025-05-19T11:43:59.988Z info: RegisterToken finished
2025-05-19T11:44:09.543Z info: TestMessage started
2025-05-19T11:44:09.546Z info: PRAGMA journal_mode = WAL
2025-05-19T11:44:19.678Z info: TestMessage finished
2025-05-19T11:47:24.413Z info: RegisterToken started
2025-05-19T11:47:24.416Z info: PRAGMA journal_mode = WAL
2025-05-19T11:47:24.417Z info: RegisterToken finished
2025-05-19T11:47:29.556Z info: RegisterToken started
2025-05-19T11:47:29.558Z info: PRAGMA journal_mode = WAL
2025-05-19T11:47:29.559Z info: RegisterToken finished
2025-05-19T11:47:44.520Z info: TestMessage started
2025-05-19T11:47:44.522Z info: PRAGMA journal_mode = WAL
2025-05-19T11:47:55.354Z info: TestMessage finished
2025-05-19T11:48:02.309Z info: TestMessage started
2025-05-19T11:48:02.312Z info: PRAGMA journal_mode = WAL
2025-05-19T11:48:16.880Z info: TestMessage finished
2025-05-19T11:48:34.650Z info: TestMessage started
2025-05-19T11:48:34.654Z info: PRAGMA journal_mode = WAL
2025-05-19T11:48:48.571Z info: TestMessage finished
2025-05-19T11:50:02.009Z info: TestMessage started
2025-05-19T11:50:02.013Z info: PRAGMA journal_mode = WAL
2025-05-19T11:50:13.169Z info: TestMessage finished
2025-05-19T11:50:24.968Z info: TestMessage started
2025-05-19T11:50:24.971Z info: PRAGMA journal_mode = WAL
2025-05-19T11:51:28.910Z info: TestMessage finished
2025-05-19T11:54:09.731Z info: RegisterToken started
2025-05-19T11:54:09.733Z info: PRAGMA journal_mode = WAL
2025-05-19T11:54:09.734Z info: RegisterToken finished
2025-05-19T11:54:25.950Z info: TestMessage started
2025-05-19T11:54:25.953Z info: PRAGMA journal_mode = WAL
2025-05-19T11:54:35.802Z info: TestMessage finished
2025-05-19T11:57:41.163Z info: RegisterToken started
2025-05-19T11:57:41.164Z info: PRAGMA journal_mode = WAL
2025-05-19T11:57:41.165Z info: RegisterToken finished
2025-05-19T11:57:48.400Z info: TestMessage started
2025-05-19T11:57:48.403Z info: PRAGMA journal_mode = WAL
2025-05-19T11:58:01.113Z info: TestMessage finished
2025-05-19T11:59:31.731Z info: RegisterToken started
2025-05-19T11:59:31.733Z info: PRAGMA journal_mode = WAL
2025-05-19T11:59:31.735Z info: RegisterToken finished
2025-05-19T12:01:10.365Z info: TestMessage started
2025-05-19T12:01:10.369Z info: PRAGMA journal_mode = WAL
2025-05-19T12:01:17.244Z info: TestMessage finished
2025-05-19T12:10:43.434Z info: RegisterToken started
2025-05-19T12:10:43.435Z info: PRAGMA journal_mode = WAL
2025-05-19T12:10:43.436Z info: RegisterToken finished
2025-05-19T12:11:19.803Z info: RegisterToken started
2025-05-19T12:11:19.804Z info: PRAGMA journal_mode = WAL
2025-05-19T12:11:19.805Z info: RegisterToken finished
2025-05-19T12:11:27.867Z info: RegisterToken started
2025-05-19T12:11:27.870Z info: PRAGMA journal_mode = WAL
2025-05-19T12:11:27.871Z info: RegisterToken finished
2025-05-19T12:11:32.379Z info: TestMessage started
2025-05-19T12:11:32.381Z info: PRAGMA journal_mode = WAL
2025-05-19T12:11:38.457Z info: TestMessage finished
2025-05-19T12:14:32.845Z info: RegisterToken started
2025-05-19T12:14:32.847Z info: PRAGMA journal_mode = WAL
2025-05-19T12:14:32.848Z info: RegisterToken finished
2025-05-19T12:14:46.054Z info: RegisterToken started
2025-05-19T12:14:46.056Z info: PRAGMA journal_mode = WAL
2025-05-19T12:14:46.057Z info: RegisterToken finished
2025-05-19T12:14:58.515Z info: TestMessage started
2025-05-19T12:14:58.519Z info: PRAGMA journal_mode = WAL
2025-05-19T12:15:11.366Z info: TestMessage finished
2025-05-19T12:16:17.094Z info: RegisterToken started
2025-05-19T12:16:17.097Z info: PRAGMA journal_mode = WAL
2025-05-19T12:16:17.098Z info: RegisterToken finished
2025-05-19T12:16:28.740Z info: RegisterToken started
2025-05-19T12:16:28.743Z info: PRAGMA journal_mode = WAL
2025-05-19T12:16:28.744Z info: RegisterToken finished
2025-05-19T12:16:38.314Z info: RegisterToken started
2025-05-19T12:16:38.316Z info: PRAGMA journal_mode = WAL
2025-05-19T12:16:38.317Z info: RegisterToken finished
2025-05-19T12:16:49.949Z info: TestMessage started
2025-05-19T12:16:49.953Z info: PRAGMA journal_mode = WAL
2025-05-19T12:17:12.705Z info: TestMessage finished
2025-05-19T12:20:51.349Z info: TestMessage started
2025-05-19T12:20:51.351Z info: AppExc: 1010:invalid argument@TestMessage:["token"]
2025-05-19T12:20:51.352Z info: TestMessage terminated on exception
2025-05-19T12:20:56.777Z info: TestMessage started
2025-05-19T12:20:56.778Z info: AppExc: 1010:invalid argument@TestMessage:["token"]
2025-05-19T12:20:56.779Z info: TestMessage terminated on exception
2025-05-19T12:21:59.810Z info: TestMessage started
2025-05-19T12:22:05.744Z info: AppExc: 1010:invalid argument@TestMessage:["token"]
2025-05-19T12:22:14.898Z info: TestMessage terminated on exception
2025-05-19T12:28:05.484Z info: RegisterToken started
2025-05-19T12:28:05.491Z info: PRAGMA journal_mode = WAL
2025-05-19T12:28:05.493Z info: RegisterToken finished
2025-05-19T12:28:12.273Z info: RegisterToken started
2025-05-19T12:28:12.275Z info: PRAGMA journal_mode = WAL
2025-05-19T12:28:12.276Z info: RegisterToken finished
2025-05-19T12:29:00.626Z info: RegisterToken started
2025-05-19T12:29:00.633Z info: PRAGMA journal_mode = WAL
2025-05-19T12:29:00.637Z info: RegisterToken finished
2025-05-19T12:29:09.294Z info: TestMessage started
2025-05-19T12:29:14.821Z info: PRAGMA journal_mode = WAL
2025-05-19T12:29:17.855Z info: TestMessage finished
2025-05-19T12:29:22.122Z info: TestMessage started
2025-05-19T12:29:27.046Z info: PRAGMA journal_mode = WAL
2025-05-19T12:29:30.831Z info: TestMessage finished
2025-05-19T12:29:47.534Z info: TestMessage started
2025-05-19T12:29:58.545Z info: PRAGMA journal_mode = WAL
2025-05-19T12:30:01.371Z info: TestMessage finished
2025-05-19T12:34:15.092Z info: RegisterToken started
2025-05-19T12:34:15.094Z info: PRAGMA journal_mode = WAL
2025-05-19T12:34:15.094Z info: RegisterToken finished
2025-05-19T12:34:22.626Z info: RegisterToken started
2025-05-19T12:34:22.628Z info: PRAGMA journal_mode = WAL
2025-05-19T12:34:22.630Z info: RegisterToken finished
2025-05-19T12:34:29.504Z info: TestMessage started
2025-05-19T12:34:29.508Z info: PRAGMA journal_mode = WAL
2025-05-19T12:34:35.248Z info: TestMessage finished
2025-05-19T12:34:45.609Z info: TestMessage started
2025-05-19T12:34:45.612Z info: PRAGMA journal_mode = WAL
2025-05-19T12:34:55.740Z info: TestMessage finished
2025-05-19T12:35:35.072Z info: TestMessage started
2025-05-19T12:35:35.075Z info: PRAGMA journal_mode = WAL
2025-05-19T12:35:41.452Z info: TestMessage finished
2025-05-19T12:36:38.352Z info: RegisterToken started
2025-05-19T12:36:38.357Z info: PRAGMA journal_mode = WAL
2025-05-19T12:36:38.361Z info: RegisterToken finished
2025-05-19T12:36:43.966Z info: TestMessage started
2025-05-19T12:36:43.969Z info: PRAGMA journal_mode = WAL
2025-05-19T12:36:50.224Z info: TestMessage finished
2025-05-19T12:39:29.504Z info: TestMessage started
2025-05-19T12:39:29.507Z info: PRAGMA journal_mode = WAL
2025-05-19T12:39:39.840Z info: TestMessage finished
2025-05-19T12:40:56.414Z info: RegisterToken started
2025-05-19T12:40:56.419Z info: PRAGMA journal_mode = WAL
2025-05-19T12:40:56.421Z info: RegisterToken finished
2025-05-19T12:41:01.410Z info: TestMessage started
2025-05-19T12:41:01.413Z info: PRAGMA journal_mode = WAL
2025-05-19T12:41:08.263Z info: TestMessage finished
2025-05-19T12:41:22.493Z info: TestMessage started
2025-05-19T12:41:22.496Z info: PRAGMA journal_mode = WAL
2025-05-19T12:41:29.533Z info: TestMessage finished
2025-05-19T12:43:15.139Z info: TestMessage started
2025-05-19T12:43:15.143Z info: PRAGMA journal_mode = WAL
2025-05-19T12:43:30.716Z info: TestMessage finished
2025-05-19T12:44:55.142Z info: TestMessage started
2025-05-19T12:44:55.145Z info: PRAGMA journal_mode = WAL
2025-05-19T12:45:14.119Z info: TestMessage finished
2025-05-19T12:45:37.471Z info: TestMessage started
2025-05-19T12:45:37.474Z info: PRAGMA journal_mode = WAL
2025-05-19T12:45:45.177Z info: TestMessage finished
2025-05-19T12:47:40.305Z info: RegisterToken started
2025-05-19T12:47:40.307Z info: PRAGMA journal_mode = WAL
2025-05-19T12:47:40.309Z info: RegisterToken finished
2025-05-19T12:48:01.144Z info: TestMessage started
2025-05-19T12:48:01.147Z info: PRAGMA journal_mode = WAL
2025-05-19T12:48:13.323Z info: TestMessage finished
2025-05-19T12:52:59.594Z info: RegisterToken started
2025-05-19T12:52:59.596Z info: PRAGMA journal_mode = WAL
2025-05-19T12:52:59.597Z info: RegisterToken finished
2025-05-19T12:53:07.279Z info: RegisterToken started
2025-05-19T12:53:07.281Z info: PRAGMA journal_mode = WAL
2025-05-19T12:53:07.283Z info: RegisterToken finished
2025-05-19T12:53:25.959Z info: TestMessage started
2025-05-19T12:53:25.969Z info: PRAGMA journal_mode = WAL
2025-05-19T12:53:38.785Z info: TestMessage finished
2025-05-19T12:57:16.139Z info: RegisterToken started
2025-05-19T12:57:16.141Z info: PRAGMA journal_mode = WAL
2025-05-19T12:57:16.143Z info: RegisterToken finished
2025-05-19T12:57:27.401Z info: RegisterToken started
2025-05-19T12:57:27.403Z info: PRAGMA journal_mode = WAL
2025-05-19T12:57:27.404Z info: RegisterToken finished
2025-05-19T12:57:49.875Z info: RegisterToken started
2025-05-19T12:57:49.878Z info: PRAGMA journal_mode = WAL
2025-05-19T12:57:49.879Z info: RegisterToken finished
2025-05-19T12:57:54.313Z info: TestMessage started
2025-05-19T12:57:54.316Z info: PRAGMA journal_mode = WAL
2025-05-19T12:58:23.154Z info: TestMessage finished
2025-05-19T12:59:19.639Z info: TestMessage started
2025-05-19T12:59:19.641Z info: PRAGMA journal_mode = WAL
2025-05-19T12:59:32.877Z info: TestMessage finished
2025-05-19T12:59:44.913Z info: TestMessage started
2025-05-19T12:59:44.917Z info: PRAGMA journal_mode = WAL
2025-05-19T12:59:51.841Z info: TestMessage finished
2025-05-19T13:00:01.718Z info: TestMessage started
2025-05-19T13:00:01.721Z info: PRAGMA journal_mode = WAL
2025-05-19T13:00:09.821Z info: TestMessage finished
2025-05-19T13:05:51.679Z info: RegisterToken started
2025-05-19T13:05:51.682Z info: PRAGMA journal_mode = WAL
2025-05-19T13:05:51.683Z info: RegisterToken finished
2025-05-19T13:12:38.868Z info: RegisterToken started
2025-05-19T13:12:38.870Z info: PRAGMA journal_mode = WAL
2025-05-19T13:12:38.871Z info: RegisterToken finished
2025-05-19T13:13:26.256Z info: RegisterToken started
2025-05-19T13:13:26.268Z info: PRAGMA journal_mode = WAL
2025-05-19T13:13:26.269Z info: RegisterToken finished
2025-05-19T13:14:29.988Z info: RegisterToken started
2025-05-19T13:14:29.991Z info: PRAGMA journal_mode = WAL
2025-05-19T13:14:30.004Z info: RegisterToken finished
2025-05-19T13:15:19.555Z info: RegisterToken started
2025-05-19T13:15:19.557Z info: PRAGMA journal_mode = WAL
2025-05-19T13:15:19.558Z info: RegisterToken finished
2025-05-19T13:16:49.644Z info: RegisterToken started
2025-05-19T13:16:49.646Z info: PRAGMA journal_mode = WAL
2025-05-19T13:16:49.648Z info: RegisterToken finished
2025-05-19T13:17:26.879Z info: RegisterToken started
2025-05-19T13:17:26.881Z info: PRAGMA journal_mode = WAL
2025-05-19T13:17:26.883Z info: RegisterToken finished
2025-05-19T13:20:14.990Z info: RegisterToken started
2025-05-19T13:20:14.994Z info: PRAGMA journal_mode = WAL
2025-05-19T13:20:14.997Z info: RegisterToken finished
2025-05-19T13:20:42.048Z info: RegisterToken started
2025-05-19T13:20:42.051Z info: PRAGMA journal_mode = WAL
2025-05-19T13:20:42.054Z info: RegisterToken finished
2025-05-19T13:21:05.037Z info: TestMessage started
2025-05-19T13:21:05.040Z info: PRAGMA journal_mode = WAL
2025-05-19T13:21:10.683Z info: TestMessage finished
2025-05-19T13:53:43.147Z info: RegisterToken started
2025-05-19T13:53:43.149Z info: PRAGMA journal_mode = WAL
2025-05-19T13:53:43.150Z info: RegisterToken finished
2025-05-19T14:06:17.802Z info: RegisterToken started
2025-05-19T14:06:17.805Z info: PRAGMA journal_mode = WAL
2025-05-19T14:06:17.814Z info: RegisterToken finished
2025-05-19T14:06:22.583Z info: RegisterToken started
2025-05-19T14:06:22.585Z info: PRAGMA journal_mode = WAL
2025-05-19T14:06:22.586Z info: RegisterToken finished
2025-05-19T14:07:01.038Z info: RegisterToken started
2025-05-19T14:07:01.041Z info: PRAGMA journal_mode = WAL
2025-05-19T14:07:01.043Z info: RegisterToken finished
2025-05-19T14:07:59.715Z info: RegisterToken started
2025-05-19T14:07:59.718Z info: PRAGMA journal_mode = WAL
2025-05-19T14:07:59.720Z info: RegisterToken finished
2025-05-19T14:08:21.670Z info: RegisterToken started
2025-05-19T14:08:21.672Z info: PRAGMA journal_mode = WAL
2025-05-19T14:08:21.674Z info: RegisterToken finished
2025-05-19T14:10:07.641Z info: RegisterToken started
2025-05-19T14:10:07.646Z info: PRAGMA journal_mode = WAL
2025-05-19T14:10:07.649Z info: RegisterToken finished
2025-05-19T14:10:21.205Z info: TestMessage started
2025-05-19T14:10:21.210Z info: PRAGMA journal_mode = WAL
2025-05-19T14:10:27.315Z info: TestMessage finished
2025-05-19T14:11:51.471Z info: 10 operations registered
2025-05-19T14:11:52.167Z info: 10 App operations registered
2025-05-19T14:11:52.168Z info: Storage FS - path:[D:\git\asocial2-srv\filestorea
2025-05-19T14:11:52.169Z info: SQLite sqla DB path= [D:\git\asocial2-srv\sqlite\testa.db3]
2025-05-19T14:11:52.224Z info: PRAGMA journal_mode = WAL
2025-05-19T14:11:52.226Z info: SELECT _data_ FROM singletons WHERE id = '1'
2025-05-19T14:11:52.227Z info: UPDATE singletons SET _data_ = '2025-05-19T14:11:52.226Z', v = 1747663912226.0  WHERE id = '1'
2025-05-19T14:11:52.228Z info: Sqlite ping OK: 2025-05-19T11:43:39.975Z <=> 2025-05-19T14:11:52.226Z
2025-05-19T14:11:52.235Z info: File-System ping OK: 2025-05-19T14:11:52.229Z
2025-05-19T14:11:52.240Z info: HTTP listen [8080]
2025-05-19T14:11:56.568Z info: TestMessage started
2025-05-19T14:11:56.594Z info: PRAGMA journal_mode = WAL
2025-05-19T14:12:05.085Z info: TestMessage finished
2025-05-19T14:12:44.333Z info: RegisterToken started
2025-05-19T14:12:44.336Z info: PRAGMA journal_mode = WAL
2025-05-19T14:12:44.338Z info: RegisterToken finished
2025-05-19T14:13:47.114Z info: TestMessage started
2025-05-19T14:14:01.225Z info: PRAGMA journal_mode = WAL
2025-05-19T14:14:45.172Z info: TestMessage finished
2025-05-19T14:19:50.472Z info: RegisterToken started
2025-05-19T14:19:50.475Z info: PRAGMA journal_mode = WAL
2025-05-19T14:19:50.476Z info: RegisterToken finished
2025-05-19T14:22:26.686Z info: RegisterToken started
2025-05-19T14:22:26.689Z info: PRAGMA journal_mode = WAL
2025-05-19T14:22:26.690Z info: RegisterToken finished
2025-05-19T14:22:38.861Z info: RegisterToken started
2025-05-19T14:22:38.864Z info: PRAGMA journal_mode = WAL
2025-05-19T14:22:38.866Z info: RegisterToken finished
2025-05-19T14:23:06.483Z info: RegisterToken started
2025-05-19T14:23:06.486Z info: PRAGMA journal_mode = WAL
2025-05-19T14:23:06.487Z info: RegisterToken finished
2025-05-19T15:47:35.140Z info: RegisterToken started
2025-05-19T15:47:35.268Z info: PRAGMA journal_mode = WAL
2025-05-19T15:47:35.301Z info: RegisterToken finished
2025-05-19T15:47:41.828Z info: RegisterToken started
2025-05-19T15:47:41.895Z info: PRAGMA journal_mode = WAL
2025-05-19T15:47:41.926Z info: RegisterToken finished
2025-05-19T16:02:28.660Z info: RegisterToken started
2025-05-19T16:02:28.662Z info: AppExc: 1010:invalid argument@RegisterToken:["token"]
2025-05-19T16:02:28.664Z info: RegisterToken terminated on exception
2025-05-19T16:04:24.473Z info: RegisterToken started
2025-05-19T16:04:24.474Z info: AppExc: 1010:invalid argument@RegisterToken:["token"]
2025-05-19T16:04:24.475Z info: RegisterToken terminated on exception
2025-05-19T16:06:49.259Z info: RegisterToken started
2025-05-19T16:06:49.263Z info: PRAGMA journal_mode = WAL
2025-05-19T16:06:49.312Z info: RegisterToken finished
2025-05-19T16:09:51.912Z info: RegisterToken started
2025-05-19T16:09:51.915Z info: PRAGMA journal_mode = WAL
2025-05-19T16:09:51.917Z info: RegisterToken finished
2025-05-19T16:09:58.552Z info: TestMessage started
2025-05-19T16:09:58.558Z info: PRAGMA journal_mode = WAL
2025-05-19T16:10:14.040Z info: TestMessage finished
2025-05-19T16:11:51.311Z info: RegisterToken started
2025-05-19T16:11:51.314Z info: PRAGMA journal_mode = WAL
2025-05-19T16:11:51.315Z info: RegisterToken finished
2025-05-19T16:12:36.812Z info: TestMessage started
2025-05-19T16:12:36.814Z info: PRAGMA journal_mode = WAL
2025-05-19T16:12:43.103Z info: TestMessage finished
2025-05-19T16:14:23.536Z info: TestMessage started
2025-05-19T16:14:23.540Z info: PRAGMA journal_mode = WAL
2025-05-19T16:15:14.375Z info: TestMessage finished
2025-05-19T16:17:27.975Z info: 10 operations registered
2025-05-19T16:17:28.075Z info: 10 App operations registered
2025-05-19T16:17:28.075Z info: Storage FS - path:[D:\git\asocial2-srv\filestorea
2025-05-19T16:17:28.076Z info: SQLite sqla DB path= [D:\git\asocial2-srv\sqlite\testa.db3]
2025-05-19T16:17:28.096Z info: PRAGMA journal_mode = WAL
2025-05-19T16:17:28.097Z info: SELECT _data_ FROM singletons WHERE id = '1'
2025-05-19T16:17:28.098Z info: UPDATE singletons SET _data_ = '2025-05-19T16:17:28.098Z', v = 1747671448098.0  WHERE id = '1'
2025-05-19T16:17:28.099Z info: Sqlite ping OK: 2025-05-19T14:11:52.226Z <=> 2025-05-19T16:17:28.098Z
2025-05-19T16:17:28.109Z info: File-System ping OK: 2025-05-19T16:17:28.100Z
2025-05-19T16:17:28.117Z info: HTTP listen [8080]
2025-05-19T16:17:35.030Z info: RegisterToken started
2025-05-19T16:17:35.045Z info: PRAGMA journal_mode = WAL
2025-05-19T16:17:35.046Z info: RegisterToken finished
2025-05-19T16:17:49.671Z info: TestMessage started
2025-05-19T16:17:49.675Z info: PRAGMA journal_mode = WAL
2025-05-19T16:17:49.997Z info: TestMessage finished
2025-05-19T16:21:28.394Z info: RegisterToken started
2025-05-19T16:21:28.396Z info: PRAGMA journal_mode = WAL
2025-05-19T16:21:28.397Z info: RegisterToken finished
2025-05-19T16:46:53.483Z info: RegisterToken started
2025-05-19T16:46:53.486Z info: PRAGMA journal_mode = WAL
2025-05-19T16:46:53.487Z info: RegisterToken finished
2025-05-19T16:46:55.462Z info: RegisterToken started
2025-05-19T16:46:55.520Z info: PRAGMA journal_mode = WAL
2025-05-19T16:46:55.528Z info: RegisterToken finished
2025-05-19T16:47:29.366Z info: RegisterToken started
2025-05-19T16:47:29.373Z info: PRAGMA journal_mode = WAL
2025-05-19T16:47:29.374Z info: RegisterToken finished
2025-05-19T16:51:59.693Z info: RegisterToken started
2025-05-19T16:51:59.720Z info: PRAGMA journal_mode = WAL
2025-05-19T16:51:59.724Z info: RegisterToken finished
2025-05-19T16:52:42.568Z info: RegisterToken started
2025-05-19T16:52:42.571Z info: PRAGMA journal_mode = WAL
2025-05-19T16:52:42.573Z info: RegisterToken finished
2025-05-21T16:30:06.395Z info: 10 operations registered
2025-05-21T16:30:06.399Z info: 10 App operations registered
2025-05-21T16:30:06.400Z info: Storage FS - path:[D:\git\asocial2-srv\filestorea
2025-05-21T16:30:06.400Z info: SQLite sqla DB path= [D:\git\asocial2-srv\sqlite\testa.db3]
2025-05-21T16:30:06.467Z info: PRAGMA journal_mode = WAL
2025-05-21T16:30:06.469Z info: SELECT _data_ FROM singletons WHERE id = '1'
2025-05-21T16:30:06.470Z info: UPDATE singletons SET _data_ = '2025-05-21T16:30:06.470Z', v = 1747845006470.0  WHERE id = '1'
2025-05-21T16:30:06.470Z info: Sqlite ping OK: 2025-05-20T06:38:09.110Z <=> 2025-05-21T16:30:06.470Z
2025-05-21T16:30:06.480Z info: File-System ping OK: 2025-05-21T16:30:06.471Z
2025-05-21T16:30:06.498Z info: HTTP listen [8080]
2025-05-21T16:36:17.039Z info: AppExc: 1002:unknown operation["RegisterToken"]
2025-05-21T16:36:17.041Z info: RegisterToken terminated on exception
2025-05-21T16:42:08.614Z info: RegisterSubscription started
2025-05-21T16:42:48.796Z info: PRAGMA journal_mode = WAL
2025-05-21T16:42:48.798Z info: RegisterSubscription finished
2025-05-21T16:46:45.270Z info: RegisterSubscription started
2025-05-21T16:46:45.272Z info: PRAGMA journal_mode = WAL
2025-05-21T16:46:45.274Z info: RegisterSubscription finished
2025-05-21T16:46:47.652Z info: TestMessage started
2025-05-21T16:47:00.366Z info: PRAGMA journal_mode = WAL
2025-05-21T16:47:36.681Z info: TestMessage finished
2025-05-21T16:48:51.235Z info: TestMessage started
2025-05-21T16:48:55.773Z info: PRAGMA journal_mode = WAL
2025-05-21T16:49:08.926Z info: TestMessage finished
2025-05-21T16:49:55.370Z info: TestMessage started
2025-05-21T16:49:55.372Z info: PRAGMA journal_mode = WAL
2025-05-21T16:50:08.492Z info: TestMessage finished
2025-05-21T16:53:09.198Z info: 10 operations registered
2025-05-21T16:53:09.201Z info: 10 App operations registered
2025-05-21T16:53:09.202Z info: Storage FS - path:[D:\git\asocial2-srv\filestorea
2025-05-21T16:53:09.203Z info: SQLite sqla DB path= [D:\git\asocial2-srv\sqlite\testa.db3]
2025-05-21T16:53:09.223Z info: PRAGMA journal_mode = WAL
2025-05-21T16:53:09.225Z info: SELECT _data_ FROM singletons WHERE id = '1'
2025-05-21T16:53:09.225Z info: UPDATE singletons SET _data_ = '2025-05-21T16:53:09.225Z', v = 1747846389225.0  WHERE id = '1'
2025-05-21T16:53:09.226Z info: Sqlite ping OK: 2025-05-21T16:30:06.470Z <=> 2025-05-21T16:53:09.225Z
2025-05-21T16:53:09.234Z info: File-System ping OK: 2025-05-21T16:53:09.227Z
2025-05-21T16:53:09.241Z info: HTTP listen [8080]
2025-05-21T16:53:43.586Z info: RegisterSubscription started
2025-05-21T16:53:43.598Z info: PRAGMA journal_mode = WAL
2025-05-21T16:53:43.599Z info: RegisterSubscription finished
2025-05-21T16:53:45.671Z info: TestMessage started
2025-05-21T16:53:45.674Z info: PRAGMA journal_mode = WAL
2025-05-21T16:53:55.084Z info: TestMessage finished
2025-05-21T16:54:50.590Z info: TestMessage started
2025-05-21T16:54:50.592Z info: PRAGMA journal_mode = WAL
2025-05-21T16:54:56.701Z info: TestMessage finished
2025-05-21T16:57:24.670Z info: RegisterSubscription started
2025-05-21T16:57:24.672Z info: PRAGMA journal_mode = WAL
2025-05-21T16:57:24.673Z info: RegisterSubscription finished
2025-05-21T16:57:25.931Z info: TestMessage started
2025-05-21T16:57:25.933Z info: PRAGMA journal_mode = WAL
2025-05-21T16:57:35.703Z info: TestMessage finished
2025-05-21T16:58:44.858Z info: RegisterSubscription started
2025-05-21T16:58:44.860Z info: PRAGMA journal_mode = WAL
2025-05-21T16:58:44.861Z info: RegisterSubscription finished
2025-05-21T16:58:47.177Z info: TestMessage started
2025-05-21T16:58:47.180Z info: PRAGMA journal_mode = WAL
2025-05-21T16:58:47.226Z info: TestMessage finished
2025-05-21T16:59:34.748Z info: RegisterSubscription started
2025-05-21T16:59:34.751Z info: PRAGMA journal_mode = WAL
2025-05-21T16:59:34.752Z info: RegisterSubscription finished
2025-05-21T16:59:53.854Z info: RegisterSubscription started
2025-05-21T16:59:53.857Z info: PRAGMA journal_mode = WAL
2025-05-21T16:59:53.858Z info: RegisterSubscription finished
2025-05-21T16:59:55.405Z info: TestMessage started
2025-05-21T16:59:55.408Z info: PRAGMA journal_mode = WAL
2025-05-21T16:59:59.893Z info: TestMessage finished
2025-05-21T17:01:50.608Z info: TestMessage started
2025-05-21T17:01:50.611Z info: PRAGMA journal_mode = WAL
2025-05-21T17:02:03.736Z info: TestMessage finished
2025-05-21T17:03:43.670Z info: RegisterSubscription started
2025-05-21T17:03:43.672Z info: PRAGMA journal_mode = WAL
2025-05-21T17:03:43.673Z info: RegisterSubscription finished
2025-05-21T17:03:45.541Z info: TestMessage started
2025-05-21T17:03:45.544Z info: PRAGMA journal_mode = WAL
2025-05-21T17:03:50.884Z info: TestMessage finished
2025-05-21T17:09:59.330Z info: RegisterSubscription started
2025-05-21T17:09:59.333Z info: PRAGMA journal_mode = WAL
2025-05-21T17:09:59.334Z info: RegisterSubscription finished
2025-05-21T17:10:00.885Z info: TestMessage started
2025-05-21T17:10:00.888Z info: PRAGMA journal_mode = WAL
2025-05-21T17:10:06.159Z info: TestMessage finished
2025-05-21T17:12:20.339Z info: TestMessage started
2025-05-21T17:12:20.343Z info: PRAGMA journal_mode = WAL
2025-05-21T17:12:31.549Z info: TestMessage finished
2025-05-21T17:15:40.334Z info: RegisterSubscription started
2025-05-21T17:15:40.337Z info: PRAGMA journal_mode = WAL
2025-05-21T17:15:40.338Z info: RegisterSubscription finished
2025-05-21T17:16:14.652Z info: TestMessage started
2025-05-21T17:16:14.654Z info: PRAGMA journal_mode = WAL
2025-05-21T17:16:26.676Z info: TestMessage finished
2025-05-21T17:32:51.383Z info: RegisterSubscription started
2025-05-21T17:32:51.386Z info: PRAGMA journal_mode = WAL
2025-05-21T17:32:51.387Z info: RegisterSubscription finished
2025-05-21T17:32:52.963Z info: TestMessage started
2025-05-21T17:32:52.966Z info: PRAGMA journal_mode = WAL
2025-05-21T17:33:07.134Z info: TestMessage finished
2025-05-21T17:34:29.062Z info: RegisterSubscription started
2025-05-21T17:34:29.064Z info: PRAGMA journal_mode = WAL
2025-05-21T17:34:29.065Z info: RegisterSubscription finished
2025-05-21T17:34:32.714Z info: TestMessage started
2025-05-21T17:34:32.716Z info: PRAGMA journal_mode = WAL
2025-05-21T17:34:41.131Z info: TestMessage finished
2025-05-21T17:43:52.908Z info: RegisterSubscription started
2025-05-21T17:43:52.910Z info: PRAGMA journal_mode = WAL
2025-05-21T17:43:52.912Z info: RegisterSubscription finished
2025-05-21T17:43:55.269Z info: TestMessage started
2025-05-21T17:43:55.271Z info: PRAGMA journal_mode = WAL
2025-05-21T17:44:03.487Z info: TestMessage finished
2025-05-21T17:46:38.805Z info: RegisterSubscription started
2025-05-21T17:46:38.807Z info: PRAGMA journal_mode = WAL
2025-05-21T17:46:38.809Z info: RegisterSubscription finished
2025-05-21T17:46:40.228Z info: TestMessage started
2025-05-21T17:46:40.231Z info: PRAGMA journal_mode = WAL
2025-05-21T17:46:45.170Z info: TestMessage finished
2025-05-21T17:47:31.263Z info: TestMessage started
2025-05-21T17:47:31.265Z info: PRAGMA journal_mode = WAL
2025-05-21T17:47:38.168Z info: TestMessage finished
2025-05-24T08:04:49.473Z info: 10 operations registered
2025-05-24T08:04:49.476Z info: 10 App operations registered
2025-05-24T08:04:49.477Z info: Storage FS - path:[/home/daniel/git/asocial2-srv/filestorea
2025-05-24T08:04:49.478Z info: SQLite sqla DB path= [/home/daniel/git/asocial2-srv/sqlite/testa.db3]
2025-05-24T08:04:49.508Z info: PRAGMA journal_mode = WAL
2025-05-24T08:04:49.512Z info: SELECT _data_ FROM singletons WHERE id = '1'
2025-05-24T08:04:49.513Z info: UPDATE singletons SET _data_ = '2025-05-24T08:04:49.513Z', v = 1748073889513.0  WHERE id = '1'
2025-05-24T08:04:49.514Z info: Sqlite ping OK: 2025-05-24T07:58:33.492Z <=> 2025-05-24T08:04:49.513Z
2025-05-24T08:04:49.531Z info: File-System ping OK: 2025-05-24T08:04:49.518Z
2025-05-24T08:04:49.538Z info: HTTP listen [8080]
2025-05-24T08:25:14.354Z info: RegisterSubscription started
2025-05-24T08:25:14.358Z info: PRAGMA journal_mode = WAL
2025-05-24T08:25:14.359Z info: RegisterSubscription finished
2025-05-24T08:25:23.805Z info: TestMessage started
2025-05-24T08:25:23.809Z info: PRAGMA journal_mode = WAL
2025-05-24T08:25:28.346Z info: TestMessage finished
2025-05-24T08:26:03.927Z info: TestMessage started
2025-05-24T08:26:03.930Z info: PRAGMA journal_mode = WAL
2025-05-24T08:26:16.484Z info: TestMessage finished
2025-05-24T08:29:45.475Z info: RegisterSubscription started
2025-05-24T08:29:45.477Z info: PRAGMA journal_mode = WAL
2025-05-24T08:29:45.478Z info: RegisterSubscription finished
2025-05-24T08:29:50.451Z info: TestMessage started
2025-05-24T08:29:50.457Z info: PRAGMA journal_mode = WAL
2025-05-24T08:29:55.050Z info: TestMessage finished
2025-05-24T08:32:11.057Z info: RegisterSubscription started
2025-05-24T08:32:11.062Z info: PRAGMA journal_mode = WAL
2025-05-24T08:32:11.063Z info: RegisterSubscription finished
2025-05-24T08:32:14.040Z info: TestMessage started
2025-05-24T08:32:14.043Z info: PRAGMA journal_mode = WAL
2025-05-24T08:32:17.591Z info: TestMessage finished
2025-05-24T08:34:38.627Z info: RegisterSubscription started
2025-05-24T08:34:38.629Z info: PRAGMA journal_mode = WAL
2025-05-24T08:34:38.630Z info: RegisterSubscription finished
2025-05-24T08:34:42.184Z info: TestMessage started
2025-05-24T08:34:42.185Z info: PRAGMA journal_mode = WAL
2025-05-24T08:34:46.155Z info: TestMessage finished
2025-05-24T08:43:18.962Z info: RegisterSubscription started
2025-05-24T08:43:18.964Z info: PRAGMA journal_mode = WAL
2025-05-24T08:43:18.964Z info: RegisterSubscription finished
2025-05-24T08:43:21.069Z info: TestMessage started
2025-05-24T08:43:21.074Z info: PRAGMA journal_mode = WAL
2025-05-24T08:43:33.797Z info: TestMessage finished
2025-05-24T16:26:44.100Z info: 10 operations registered
2025-05-24T16:26:44.105Z info: 10 App operations registered
2025-05-24T16:26:44.107Z info: Storage FS - path:[/home/daniel/git/asocial2-srv/filestorea
2025-05-24T16:26:44.108Z info: SQLite sqla DB path= [/home/daniel/git/asocial2-srv/sqlite/testa.db3]
2025-05-24T16:28:26.130Z info: 10 operations registered
2025-05-24T16:28:26.136Z info: 10 App operations registered
2025-05-24T16:28:26.138Z info: Storage FS - path:[/home/daniel/git/asocial2-srv/filestorea
2025-05-24T16:28:26.139Z info: SQLite sqla DB path= [/home/daniel/git/asocial2-srv/sqlite/testa.db3]
2025-05-24T16:34:58.884Z info: 10 operations registered
2025-05-24T16:34:58.889Z info: 10 App operations registered
2025-05-24T16:34:58.890Z info: Storage FS - path:[/home/daniel/git/asocial2-srv/filestorea
2025-05-24T16:34:58.892Z info: SQLite sqla DB path= [/home/daniel/git/asocial2-srv/sqlite/testa.db3]
2025-05-24T16:39:33.836Z info: 10 operations registered
2025-05-24T16:39:33.840Z info: 10 App operations registered
2025-05-24T16:39:33.842Z info: Storage FS - path:[/home/daniel/git/asocial2-srv/filestorea
2025-05-24T16:39:33.843Z info: SQLite sqla DB path= [/home/daniel/git/asocial2-srv/sqlite/testa.db3]
2025-05-24T16:40:03.584Z info: PRAGMA journal_mode = WAL
2025-05-24T16:40:03.586Z info: SELECT _data_ FROM singletons WHERE id = '1'
2025-05-24T16:40:03.589Z info: UPDATE singletons SET _data_ = '2025-05-24T16:40:03.586Z', v = 1748104803586.0  WHERE id = '1'
2025-05-24T16:40:03.590Z info: Sqlite ping OK: 2025-05-24T08:04:49.513Z <=> 2025-05-24T16:40:03.586Z
2025-05-24T16:40:03.593Z info: File-System ping OK: 2025-05-24T16:40:03.591Z
2025-05-24T16:40:03.598Z info: HTTP listen [8080]
2025-05-24T17:19:10.621Z info: 10 operations registered
2025-05-24T17:19:10.626Z info: 10 App operations registered
2025-05-24T17:19:10.627Z info: Storage FS - path:[/home/daniel/git/asocial2-srv/filestorea
2025-05-24T17:19:10.628Z info: SQLite sqla DB path= [/home/daniel/git/asocial2-srv/sqlite/testa.db3]
2025-05-24T17:19:10.779Z info: PRAGMA journal_mode = WAL
2025-05-24T17:19:10.780Z info: SELECT _data_ FROM singletons WHERE id = '1'
2025-05-24T17:19:10.783Z info: UPDATE singletons SET _data_ = '2025-05-24T17:19:10.781Z', v = 1748107150781.0  WHERE id = '1'
2025-05-24T17:19:10.784Z info: Sqlite ping OK: 2025-05-24T16:40:03.586Z <=> 2025-05-24T17:19:10.781Z
2025-05-24T17:19:10.790Z info: File-System ping OK: 2025-05-24T17:19:10.785Z
2025-05-24T17:19:10.801Z info: HTTP listen [8080]
2025-05-25T09:05:15.394Z info: 10 operations registered
2025-05-25T09:05:15.398Z info: 10 App operations registered
2025-05-25T09:05:15.399Z info: Storage FS - path:[/home/daniel/git/asocial2-srv/filestorea
2025-05-25T09:05:15.400Z info: SQLite sqla DB path= [/home/daniel/git/asocial2-srv/sqlite/testa.db3]
2025-05-25T09:07:07.048Z info: 10 operations registered
2025-05-25T09:07:07.054Z info: 10 App operations registered
2025-05-25T09:07:07.056Z info: Storage FS - path:[/home/daniel/git/asocial2-srv/filestorea
2025-05-25T09:07:07.057Z info: SQLite sqla DB path= [/home/daniel/git/asocial2-srv/sqlite/testa.db3]
2025-05-25T09:09:30.304Z info: 10 operations registered
2025-05-25T09:09:30.309Z info: 10 App operations registered
2025-05-25T09:09:30.310Z info: Storage FS - path:[/home/daniel/git/asocial2-srv/filestorea
2025-05-25T09:09:30.311Z info: SQLite sqla DB path= [/home/daniel/git/asocial2-srv/sqlite/testa.db3]
2025-05-25T09:11:13.774Z info: 10 operations registered
2025-05-25T09:11:13.785Z info: 10 App operations registered
2025-05-25T09:11:13.790Z info: Storage FS - path:[/home/daniel/git/asocial2-srv/filestorea
2025-05-25T09:11:13.795Z info: SQLite sqla DB path= [/home/daniel/git/asocial2-srv/sqlite/testa.db3]
2025-05-25T09:11:42.086Z info: PRAGMA journal_mode = WAL
2025-05-25T09:11:42.088Z info: SELECT _data_ FROM singletons WHERE id = '1'
2025-05-25T09:11:42.091Z info: UPDATE singletons SET _data_ = '2025-05-25T09:11:42.089Z', v = 1748164302089.0  WHERE id = '1'
2025-05-25T09:11:42.092Z info: Sqlite ping OK: 2025-05-24T17:19:10.781Z <=> 2025-05-25T09:11:42.089Z
2025-05-25T09:11:42.106Z info: File-System ping OK: 2025-05-25T09:11:42.093Z
2025-05-25T09:11:42.116Z info: HTTP listen [8080]
2025-05-25T09:24:08.439Z info: 10 operations registered
2025-05-25T09:24:08.444Z info: 10 App operations registered
2025-05-25T09:24:08.446Z info: Storage FS - path:[/home/daniel/git/asocial2-srv/filestorea
2025-05-25T09:24:08.447Z info: SQLite sqla DB path= [/home/daniel/git/asocial2-srv/sqlite/testa.db3]
2025-05-25T09:24:08.575Z info: PRAGMA journal_mode = WAL
2025-05-25T09:24:08.577Z info: SELECT _data_ FROM singletons WHERE id = '1'
2025-05-25T09:24:08.578Z info: UPDATE singletons SET _data_ = '2025-05-25T09:24:08.578Z', v = 1748165048578.0  WHERE id = '1'
2025-05-25T09:24:08.579Z info: Sqlite ping OK: 2025-05-25T09:11:42.089Z <=> 2025-05-25T09:24:08.578Z
2025-05-25T09:24:08.583Z info: File-System ping OK: 2025-05-25T09:24:08.580Z
2025-05-25T09:24:08.593Z info: HTTP listen [8080]
2025-05-25T09:31:44.343Z info: 10 operations registered
2025-05-25T09:31:44.347Z info: 10 App operations registered
2025-05-25T09:31:44.348Z info: Storage FS - path:[/home/daniel/git/asocial2-srv/filestorea
2025-05-25T09:31:44.350Z info: SQLite sqla DB path= [/home/daniel/git/asocial2-srv/sqlite/testa.db3]
2025-05-25T09:38:21.973Z info: 10 operations registered
2025-05-25T09:38:21.978Z info: 10 App operations registered
2025-05-25T09:38:21.981Z info: Storage FS - path:[/home/daniel/git/asocial2-srv/filestorea
2025-05-25T09:38:21.984Z info: SQLite sqla DB path= [/home/daniel/git/asocial2-srv/sqlite/testa.db3]
2025-05-25T09:43:33.888Z info: 10 operations registered
2025-05-25T09:43:33.893Z info: 10 App operations registered
2025-05-25T09:43:33.895Z info: Storage FS - path:[/home/daniel/git/asocial2-srv/filestorea
2025-05-25T09:43:33.896Z info: SQLite sqla DB path= [/home/daniel/git/asocial2-srv/sqlite/testa.db3]
2025-05-25T09:44:59.808Z info: 10 operations registered
2025-05-25T09:44:59.812Z info: 10 App operations registered
2025-05-25T09:44:59.814Z info: Storage FS - path:[/home/daniel/git/asocial2-srv/filestorea
2025-05-25T09:44:59.816Z info: SQLite sqla DB path= [/home/daniel/git/asocial2-srv/sqlite/testa.db3]
2025-05-25T09:57:28.480Z info: 10 operations registered
2025-05-25T09:57:28.485Z info: 10 App operations registered
2025-05-25T09:57:28.487Z info: Storage FS - path:[/home/daniel/git/asocial2-srv/filestorea
2025-05-25T09:57:28.488Z info: SQLite sqla DB path= [/home/daniel/git/asocial2-srv/sqlite/testa.db3]
2025-05-25T10:04:01.879Z info: 10 operations registered
2025-05-25T10:04:01.884Z info: 10 App operations registered
2025-05-25T10:04:01.886Z info: Storage FS - path:[/home/daniel/git/asocial2-srv/filestorea
2025-05-25T10:04:01.888Z info: SQLite sqla DB path= [/home/daniel/git/asocial2-srv/sqlite/testa.db3]
2025-05-25T10:11:29.979Z info: 10 operations registered
2025-05-25T10:11:29.984Z info: 10 App operations registered
2025-05-25T10:11:29.986Z info: Storage FS - path:[/home/daniel/git/asocial2-srv/filestorea
2025-05-25T10:11:29.987Z info: SQLite sqla DB path= [/home/daniel/git/asocial2-srv/sqlite/testa.db3]
2025-05-25T10:17:27.124Z info: 10 operations registered
2025-05-25T10:17:27.129Z info: 10 App operations registered
2025-05-25T10:17:27.131Z info: Storage FS - path:[/home/daniel/git/asocial2-srv/filestorea
2025-05-25T10:17:27.132Z info: SQLite sqla DB path= [/home/daniel/git/asocial2-srv/sqlite/testa.db3]
2025-05-25T10:21:57.851Z info: 10 operations registered
2025-05-25T10:21:57.856Z info: 10 App operations registered
2025-05-25T10:21:57.858Z info: Storage FS - path:[/home/daniel/git/asocial2-srv/filestorea
2025-05-25T10:21:57.859Z info: SQLite sqla DB path= [/home/daniel/git/asocial2-srv/sqlite/testa.db3]
2025-05-25T10:24:40.378Z info: 10 operations registered
2025-05-25T10:24:40.384Z info: 10 App operations registered
2025-05-25T10:24:40.385Z info: Storage FS - path:[/home/daniel/git/asocial2-srv/filestorea
2025-05-25T10:24:40.386Z info: SQLite sqla DB path= [/home/daniel/git/asocial2-srv/sqlite/testa.db3]
2025-05-25T10:28:39.061Z info: 10 operations registered
2025-05-25T10:28:39.067Z info: 10 App operations registered
2025-05-25T10:28:39.069Z info: Storage FS - path:[/home/daniel/git/asocial2-srv/filestorea
2025-05-25T10:28:39.071Z info: SQLite sqla DB path= [/home/daniel/git/asocial2-srv/sqlite/testa.db3]
2025-05-25T10:29:44.296Z info: 10 operations registered
2025-05-25T10:29:44.300Z info: 10 App operations registered
2025-05-25T10:29:44.302Z info: Storage FS - path:[/home/daniel/git/asocial2-srv/filestorea
2025-05-25T10:29:44.304Z info: SQLite sqla DB path= [/home/daniel/git/asocial2-srv/sqlite/testa.db3]
2025-05-25T10:35:11.690Z info: 10 operations registered
2025-05-25T10:35:11.694Z info: 10 App operations registered
2025-05-25T10:35:11.696Z info: Storage FS - path:[/home/daniel/git/asocial2-srv/filestorea
2025-05-25T10:35:11.697Z info: SQLite sqla DB path= [/home/daniel/git/asocial2-srv/sqlite/testa.db3]
2025-05-25T10:42:22.903Z info: 10 operations registered
2025-05-25T10:42:22.910Z info: 10 App operations registered
2025-05-25T10:42:22.913Z info: Storage FS - path:[/home/daniel/git/asocial2-srv/filestorea
2025-05-25T10:42:22.915Z info: SQLite sqla DB path= [/home/daniel/git/asocial2-srv/sqlite/testa.db3]
2025-05-25T11:23:25.944Z info: 10 operations registered
2025-05-25T11:23:25.950Z info: 10 App operations registered
2025-05-25T11:23:25.952Z info: Storage FS - path:[/home/daniel/git/asocial2-srv/filestorea
2025-05-25T11:23:25.953Z info: SQLite sqla DB path= [/home/daniel/git/asocial2-srv/sqlite/testa.db3]
2025-05-25T11:30:17.416Z info: 10 operations registered
2025-05-25T11:30:17.425Z info: 10 App operations registered
2025-05-25T11:30:17.427Z info: Storage FS - path:[/home/daniel/git/asocial2-srv/filestorea
2025-05-25T11:30:17.429Z info: SQLite sqla DB path= [/home/daniel/git/asocial2-srv/sqlite/testa.db3]
2025-05-25T11:46:10.400Z info: 10 operations registered
2025-05-25T11:46:10.405Z info: 10 App operations registered
2025-05-25T11:46:10.407Z info: Storage FS - path:[/home/daniel/git/asocial2-srv/filestorea
2025-05-25T11:46:10.408Z info: SQLite sqla DB path= [/home/daniel/git/asocial2-srv/sqlite/testa.db3]
2025-05-25T11:50:13.445Z info: 10 operations registered
2025-05-25T11:50:13.451Z info: 10 App operations registered
2025-05-25T11:50:13.453Z info: Storage FS - path:[/home/daniel/git/asocial2-srv/filestorea
2025-05-25T11:50:13.454Z info: SQLite sqla DB path= [/home/daniel/git/asocial2-srv/sqlite/testa.db3]
2025-05-25T11:50:54.041Z info: PRAGMA journal_mode = WAL
2025-05-25T11:50:54.043Z info: SELECT _data_ FROM singletons WHERE id = '1'
2025-05-25T11:50:54.045Z info: UPDATE singletons SET _data_ = '2025-05-25T11:50:54.044Z', v = 1748173854044.0  WHERE id = '1'
2025-05-25T11:50:54.046Z info: Sqlite ping OK: 2025-05-25T09:24:08.578Z <=> 2025-05-25T11:50:54.044Z
2025-05-25T11:50:54.051Z info: File-System ping OK: 2025-05-25T11:50:54.047Z
2025-05-25T11:50:54.062Z info: HTTP listen [8080]
2025-05-25T12:07:25.240Z info: 10 operations registered
2025-05-25T12:07:25.245Z info: 10 App operations registered
2025-05-25T12:07:25.247Z info: Storage FS - path:[/home/daniel/git/asocial2-srv/filestorea
2025-05-25T12:07:25.248Z info: SQLite sqla DB path= [/home/daniel/git/asocial2-srv/sqlite/testa.db3]
2025-05-25T12:09:18.300Z info: PRAGMA journal_mode = WAL
2025-05-25T12:09:18.301Z info: SELECT _data_ FROM singletons WHERE id = '1'
2025-05-25T12:09:18.302Z info: UPDATE singletons SET _data_ = '2025-05-25T12:09:18.302Z', v = 1748174958302.0  WHERE id = '1'
2025-05-25T12:09:18.303Z info: Sqlite ping OK: 2025-05-25T11:50:54.044Z <=> 2025-05-25T12:09:18.302Z
2025-05-25T12:09:18.307Z info: File-System ping OK: 2025-05-25T12:09:18.304Z
2025-05-25T12:09:18.316Z info: HTTP listen [8080]
2025-05-25T12:11:54.565Z info: 10 operations registered
2025-05-25T12:11:54.571Z info: 10 App operations registered
2025-05-25T12:11:54.573Z info: Storage FS - path:[/home/daniel/git/asocial2-srv/filestorea
2025-05-25T12:11:54.575Z info: SQLite sqla DB path= [/home/daniel/git/asocial2-srv/sqlite/testa.db3]
2025-05-25T12:13:23.610Z info: PRAGMA journal_mode = WAL
2025-05-25T12:13:23.612Z info: SELECT _data_ FROM singletons WHERE id = '1'
2025-05-25T12:13:23.613Z info: UPDATE singletons SET _data_ = '2025-05-25T12:13:23.613Z', v = 1748175203613.0  WHERE id = '1'
2025-05-25T12:13:23.614Z info: Sqlite ping OK: 2025-05-25T12:09:18.302Z <=> 2025-05-25T12:13:23.613Z
2025-05-25T12:13:23.619Z info: File-System ping OK: 2025-05-25T12:13:23.615Z
2025-05-25T12:13:23.630Z info: HTTP listen [8080]
2025-05-25T12:15:33.395Z info: 10 operations registered
2025-05-25T12:15:33.400Z info: 10 App operations registered
2025-05-25T12:15:33.402Z info: Storage FS - path:[/home/daniel/git/asocial2-srv/filestorea
2025-05-25T12:15:33.403Z info: SQLite sqla DB path= [/home/daniel/git/asocial2-srv/sqlite/testa.db3]
2025-05-25T12:16:11.540Z info: PRAGMA journal_mode = WAL
2025-05-25T12:16:11.542Z info: SELECT _data_ FROM singletons WHERE id = '1'
2025-05-25T12:16:11.543Z info: UPDATE singletons SET _data_ = '2025-05-25T12:16:11.543Z', v = 1748175371543.0  WHERE id = '1'
2025-05-25T12:16:11.544Z info: Sqlite ping OK: 2025-05-25T12:13:23.613Z <=> 2025-05-25T12:16:11.543Z
2025-05-25T12:16:11.556Z info: File-System ping OK: 2025-05-25T12:16:11.545Z
2025-05-25T12:16:11.570Z info: HTTP listen [8080]
2025-05-25T12:17:17.201Z info: 10 operations registered
2025-05-25T12:17:17.206Z info: 10 App operations registered
2025-05-25T12:17:17.207Z info: Storage FS - path:[/home/daniel/git/asocial2-srv/filestorea
2025-05-25T12:17:17.209Z info: SQLite sqla DB path= [/home/daniel/git/asocial2-srv/sqlite/testa.db3]
2025-05-25T12:21:11.317Z info: PRAGMA journal_mode = WAL
2025-05-25T12:21:11.319Z info: SELECT _data_ FROM singletons WHERE id = '1'
2025-05-25T12:21:11.320Z info: UPDATE singletons SET _data_ = '2025-05-25T12:21:11.320Z', v = 1748175671320.0  WHERE id = '1'
2025-05-25T12:21:11.321Z info: Sqlite ping OK: 2025-05-25T12:16:11.543Z <=> 2025-05-25T12:21:11.320Z
2025-05-25T12:21:11.332Z info: File-System ping OK: 2025-05-25T12:21:11.322Z
2025-05-25T12:21:11.344Z info: HTTP listen [8080]
2025-05-25T12:21:26.168Z info: 10 operations registered
2025-05-25T12:21:26.174Z info: 10 App operations registered
2025-05-25T12:21:26.175Z info: Storage FS - path:[/home/daniel/git/asocial2-srv/filestorea
2025-05-25T12:21:26.176Z info: SQLite sqla DB path= [/home/daniel/git/asocial2-srv/sqlite/testa.db3]
2025-05-25T12:21:37.248Z info: PRAGMA journal_mode = WAL
2025-05-25T12:21:37.249Z info: SELECT _data_ FROM singletons WHERE id = '1'
2025-05-25T12:21:37.250Z info: UPDATE singletons SET _data_ = '2025-05-25T12:21:37.250Z', v = 1748175697250.0  WHERE id = '1'
2025-05-25T12:21:37.251Z info: Sqlite ping OK: 2025-05-25T12:21:11.320Z <=> 2025-05-25T12:21:37.250Z
2025-05-25T12:21:37.252Z info: File-System ping OK: 2025-05-25T12:21:37.251Z
2025-05-25T12:21:37.258Z info: HTTP listen [8080]
2025-05-25T12:54:54.455Z info: 10 operations registered
2025-05-25T12:54:54.459Z info: 10 App operations registered
2025-05-25T12:54:54.461Z info: Storage FS - path:[/home/daniel/git/asocial2-srv/filestorea
2025-05-25T12:54:54.462Z info: SQLite sqla DB path= [/home/daniel/git/asocial2-srv/sqlite/testa.db3]
2025-05-25T12:55:15.492Z info: PRAGMA journal_mode = WAL
2025-05-25T12:55:15.495Z info: SELECT _data_ FROM singletons WHERE id = '1'
2025-05-25T12:55:15.496Z info: UPDATE singletons SET _data_ = '2025-05-25T12:55:15.496Z', v = 1748177715496.0  WHERE id = '1'
2025-05-25T12:55:15.497Z info: Sqlite ping OK: 2025-05-25T12:21:37.250Z <=> 2025-05-25T12:55:15.496Z
2025-05-25T12:55:15.500Z info: File-System ping OK: 2025-05-25T12:55:15.498Z
2025-05-25T12:55:15.506Z info: HTTP listen [8080]
2025-05-25T13:00:38.421Z info: 10 operations registered
2025-05-25T13:00:38.428Z info: 10 App operations registered
2025-05-25T13:00:38.430Z info: Storage FS - path:[/home/daniel/git/asocial2-srv/filestorea
2025-05-25T13:00:38.432Z info: SQLite sqla DB path= [/home/daniel/git/asocial2-srv/sqlite/testa.db3]
2025-05-25T13:00:38.578Z info: PRAGMA journal_mode = WAL
2025-05-25T13:00:38.580Z info: SELECT _data_ FROM singletons WHERE id = '1'
2025-05-25T13:00:38.580Z info: UPDATE singletons SET _data_ = '2025-05-25T13:00:38.580Z', v = 1748178038580.0  WHERE id = '1'
2025-05-25T13:00:38.581Z info: Sqlite ping OK: 2025-05-25T12:55:15.496Z <=> 2025-05-25T13:00:38.580Z
2025-05-25T13:00:38.584Z info: File-System ping OK: 2025-05-25T13:00:38.582Z
2025-05-25T13:00:38.592Z info: HTTP listen [8080]
2025-05-25T14:33:27.530Z info: 10 operations registered
2025-05-25T14:33:27.533Z info: 10 App operations registered
2025-05-25T14:33:27.534Z info: Storage FS - path:[/home/daniel/git/asocial2-srv/filestorea
2025-05-25T14:33:27.535Z info: SQLite sqla DB path= [/home/daniel/git/asocial2-srv/sqlite/testa.db3]
2025-05-25T14:34:42.814Z info: 10 operations registered
2025-05-25T14:34:42.817Z info: 10 App operations registered
2025-05-25T14:34:42.818Z info: Storage FS - path:[/home/daniel/git/asocial2-srv/filestorea
2025-05-25T14:34:42.819Z info: SQLite sqla DB path= [/home/daniel/git/asocial2-srv/sqlite/testa.db3]
2025-05-25T14:34:42.908Z info: PRAGMA journal_mode = WAL
2025-05-25T14:34:42.909Z info: SELECT _data_ FROM singletons WHERE id = '1'
2025-05-25T14:34:42.912Z info: UPDATE singletons SET _data_ = '2025-05-25T14:34:42.910Z', v = 1748183682910.0  WHERE id = '1'
2025-05-25T14:34:42.913Z info: Sqlite ping OK: 2025-05-25T13:00:38.580Z <=> 2025-05-25T14:34:42.910Z
2025-05-25T14:34:42.915Z info: File-System ping OK: 2025-05-25T14:34:42.913Z
2025-05-25T14:34:42.922Z info: HTTP listen [8080]
2025-05-25T15:03:21.091Z info: 10 operations registered
2025-05-25T15:03:21.096Z info: 10 App operations registered
2025-05-25T15:03:21.097Z info: Storage FS - path:[/home/daniel/git/asocial2-srv/filestorea
2025-05-25T15:03:21.098Z info: SQLite sqla DB path= [/home/daniel/git/asocial2-srv/sqlite/testa.db3]
2025-05-25T15:03:43.384Z info: PRAGMA journal_mode = WAL
2025-05-25T15:03:43.386Z info: SELECT _data_ FROM singletons WHERE id = '1'
2025-05-25T15:03:43.388Z info: UPDATE singletons SET _data_ = '2025-05-25T15:03:43.387Z', v = 1748185423387.0  WHERE id = '1'
2025-05-25T15:03:43.389Z info: Sqlite ping OK: 2025-05-25T14:34:42.910Z <=> 2025-05-25T15:03:43.387Z
2025-05-25T15:03:43.393Z info: File-System ping OK: 2025-05-25T15:03:43.390Z
2025-05-25T15:03:43.400Z info: HTTP listen [8080]
2025-05-25T15:21:05.547Z info: 10 operations registered
2025-05-25T15:21:05.552Z info: 10 App operations registered
2025-05-25T15:21:05.553Z info: Storage FS - path:[/home/daniel/git/asocial2-srv/filestorea
2025-05-25T15:21:05.555Z info: SQLite sqla DB path= [/home/daniel/git/asocial2-srv/sqlite/testa.db3]
2025-05-25T15:21:05.716Z info: PRAGMA journal_mode = WAL
2025-05-25T15:21:05.719Z info: SELECT _data_ FROM singletons WHERE id = '1'
2025-05-25T15:21:05.722Z info: UPDATE singletons SET _data_ = '2025-05-25T15:21:05.720Z', v = 1748186465720.0  WHERE id = '1'
2025-05-25T15:21:05.723Z info: Sqlite ping OK: 2025-05-25T15:03:43.387Z <=> 2025-05-25T15:21:05.720Z
2025-05-25T15:21:05.726Z info: File-System ping OK: 2025-05-25T15:21:05.724Z
2025-05-25T15:21:05.733Z info: HTTP listen [8080]
2025-05-25T17:04:20.719Z info: 10 operations registered
2025-05-25T17:04:20.724Z info: 10 App operations registered
2025-05-25T17:04:20.726Z info: Storage FS - path:[/home/daniel/git/asocial2-srv/filestorea
2025-05-25T17:04:20.727Z info: SQLite sqla DB path= [/home/daniel/git/asocial2-srv/sqlite/testa.db3]
2025-05-25T17:07:48.993Z info: 10 operations registered
2025-05-25T17:07:48.998Z info: 10 App operations registered
2025-05-25T17:07:48.999Z info: Storage FS - path:[/home/daniel/git/asocial2-srv/filestorea
2025-05-25T17:07:49.000Z info: SQLite sqla DB path= [/home/daniel/git/asocial2-srv/sqlite/testa.db3]
2025-05-25T17:11:42.866Z info: 10 operations registered
2025-05-25T17:11:42.871Z info: 10 App operations registered
2025-05-25T17:11:42.873Z info: Storage FS - path:[/home/daniel/git/asocial2-srv/filestorea
2025-05-25T17:11:42.874Z info: SQLite sqla DB path= [/home/daniel/git/asocial2-srv/sqlite/testa.db3]
2025-05-25T17:14:52.836Z info: 10 operations registered
2025-05-25T17:14:52.841Z info: 10 App operations registered
2025-05-25T17:14:52.842Z info: Storage FS - path:[/home/daniel/git/asocial2-srv/filestorea
2025-05-25T17:14:52.843Z info: SQLite sqla DB path= [/home/daniel/git/asocial2-srv/sqlite/testa.db3]
2025-05-25T17:18:06.089Z info: 10 operations registered
2025-05-25T17:18:06.094Z info: 10 App operations registered
2025-05-25T17:18:06.096Z info: Storage FS - path:[/home/daniel/git/asocial2-srv/filestorea
2025-05-25T17:18:06.097Z info: SQLite sqla DB path= [/home/daniel/git/asocial2-srv/sqlite/testa.db3]
2025-05-25T17:22:57.905Z info: 10 operations registered
2025-05-25T17:22:57.910Z info: 10 App operations registered
2025-05-25T17:22:57.911Z info: Storage FS - path:[/home/daniel/git/asocial2-srv/filestorea
2025-05-25T17:22:57.913Z info: SQLite sqla DB path= [/home/daniel/git/asocial2-srv/sqlite/testa.db3]
2025-05-25T17:23:17.136Z info: PRAGMA journal_mode = WAL
2025-05-25T17:23:17.137Z info: SELECT _data_ FROM singletons WHERE id = '1'
2025-05-25T17:23:17.138Z info: UPDATE singletons SET _data_ = '2025-05-25T17:23:17.138Z', v = 1748193797138.0  WHERE id = '1'
2025-05-25T17:23:17.139Z info: Sqlite ping OK: 2025-05-25T15:21:05.720Z <=> 2025-05-25T17:23:17.138Z
2025-05-25T17:23:17.149Z info: File-System ping OK: 2025-05-25T17:23:17.140Z
2025-05-25T17:23:17.167Z info: HTTP listen [8080]
2025-05-25T17:36:53.106Z info: 10 operations registered
2025-05-25T17:36:53.111Z info: 10 App operations registered
2025-05-25T17:36:53.113Z info: Storage FS - path:[/home/daniel/git/asocial2-srv/filestorea
2025-05-25T17:36:53.116Z info: SQLite sqla DB path= [/home/daniel/git/asocial2-srv/sqlite/testa.db3]
2025-05-25T17:39:38.462Z info: 10 operations registered
2025-05-25T17:39:38.469Z info: 10 App operations registered
2025-05-25T17:39:38.478Z info: Storage FS - path:[/home/daniel/git/asocial2-srv/filestorea
2025-05-25T17:39:38.481Z info: SQLite sqla DB path= [/home/daniel/git/asocial2-srv/sqlite/testa.db3]
2025-05-25T17:39:48.193Z info: PRAGMA journal_mode = WAL
2025-05-25T17:39:48.195Z info: SELECT _data_ FROM singletons WHERE id = '1'
2025-05-25T17:39:48.196Z info: UPDATE singletons SET _data_ = '2025-05-25T17:39:48.196Z', v = 1748194788196.0  WHERE id = '1'
2025-05-25T17:39:48.198Z info: Sqlite ping OK: 2025-05-25T17:23:17.138Z <=> 2025-05-25T17:39:48.196Z
2025-05-25T17:39:48.207Z info: File-System ping OK: 2025-05-25T17:39:48.199Z
2025-05-25T17:39:48.217Z info: HTTP listen [8080]
2025-05-25T17:41:57.212Z info: 10 operations registered
2025-05-25T17:41:57.216Z info: 10 App operations registered
2025-05-25T17:41:57.217Z info: Storage FS - path:[/home/daniel/git/asocial2-srv/filestorea
2025-05-25T17:41:57.218Z info: SQLite sqla DB path= [/home/daniel/git/asocial2-srv/sqlite/testa.db3]
2025-05-25T17:44:34.864Z info: 10 operations registered
2025-05-25T17:44:34.869Z info: 10 App operations registered
2025-05-25T17:44:34.870Z info: Storage FS - path:[/home/daniel/git/asocial2-srv/filestorea
2025-05-25T17:44:34.871Z info: SQLite sqla DB path= [/home/daniel/git/asocial2-srv/sqlite/testa.db3]
2025-05-25T17:45:00.983Z info: PRAGMA journal_mode = WAL
2025-05-25T17:45:00.984Z info: SELECT _data_ FROM singletons WHERE id = '1'
2025-05-25T17:45:00.985Z info: UPDATE singletons SET _data_ = '2025-05-25T17:45:00.985Z', v = 1748195100985.0  WHERE id = '1'
2025-05-25T17:45:00.986Z info: Sqlite ping OK: 2025-05-25T17:39:48.196Z <=> 2025-05-25T17:45:00.985Z
2025-05-25T17:45:00.996Z info: File-System ping OK: 2025-05-25T17:45:00.987Z
2025-05-25T17:45:01.012Z info: HTTP listen [8080]
2025-05-25T17:49:56.823Z info: 10 operations registered
2025-05-25T17:49:56.828Z info: 10 App operations registered
2025-05-25T17:49:56.829Z info: Storage FS - path:[/home/daniel/git/asocial2-srv/filestorea
2025-05-25T17:49:56.831Z info: SQLite sqla DB path= [/home/daniel/git/asocial2-srv/sqlite/testa.db3]
2025-05-25T17:49:56.933Z info: PRAGMA journal_mode = WAL
2025-05-25T17:49:56.935Z info: SELECT _data_ FROM singletons WHERE id = '1'
2025-05-25T17:49:56.936Z info: UPDATE singletons SET _data_ = '2025-05-25T17:49:56.935Z', v = 1748195396935.0  WHERE id = '1'
2025-05-25T17:49:56.936Z info: Sqlite ping OK: 2025-05-25T17:45:00.985Z <=> 2025-05-25T17:49:56.935Z
2025-05-25T17:49:56.939Z info: File-System ping OK: 2025-05-25T17:49:56.937Z
2025-05-25T17:49:56.949Z info: HTTP listen [8080]
2025-05-26T07:52:49.574Z info: 10 operations registered
2025-05-26T07:52:49.578Z info: 10 App operations registered
2025-05-26T07:52:49.580Z info: Storage FS - path:[/home/daniel/git/asocial2-srv/filestorea
2025-05-26T07:52:49.581Z info: SQLite sqla DB path= [/home/daniel/git/asocial2-srv/sqlite/testa.db3]
2025-05-26T07:52:49.784Z info: PRAGMA journal_mode = WAL
2025-05-26T07:52:49.786Z info: SELECT _data_ FROM singletons WHERE id = '1'
2025-05-26T07:52:49.789Z info: UPDATE singletons SET _data_ = '2025-05-26T07:52:49.787Z', v = 1748245969787.0  WHERE id = '1'
2025-05-26T07:52:49.790Z info: Sqlite ping OK: 2025-05-25T17:49:56.935Z <=> 2025-05-26T07:52:49.787Z
2025-05-26T07:52:49.793Z info: File-System ping OK: 2025-05-26T07:52:49.791Z
2025-05-26T07:52:49.800Z info: HTTP listen [8080]
2025-06-03T13:02:37.235Z info: 10 operations registered
2025-06-03T13:02:54.227Z info: 10 App operations registered
2025-06-03T13:02:54.229Z info: Storage FS - path:[D:\git\asocial2-srv\filestorea
2025-06-03T13:02:54.231Z info: SQLite sqla DB path= [D:\git\asocial2-srv\sqlite\testa.db3]
2025-06-03T13:02:54.309Z info: PRAGMA journal_mode = WAL
2025-06-03T13:02:54.311Z info: SELECT _data_ FROM singletons WHERE id = '1'
2025-06-03T13:02:54.312Z info: UPDATE singletons SET _data_ = '2025-06-03T13:02:54.311Z', v = 1748955774311.0  WHERE id = '1'
2025-06-03T13:02:54.312Z info: Sqlite ping OK: 2025-05-23T14:09:58.806Z <=> 2025-06-03T13:02:54.311Z
2025-06-03T13:02:54.385Z info: File-System ping OK: 2025-06-03T13:02:54.313Z
2025-06-03T13:02:54.411Z info: HTTP listen [8080]
2025-06-03T13:03:24.170Z info: RegisterSubscription started
2025-06-03T13:03:24.179Z info: PRAGMA journal_mode = WAL
2025-06-03T13:03:24.180Z info: RegisterSubscription finished
2025-06-03T15:28:47.894Z info: 10 operations registered
2025-06-03T15:28:47.897Z info: 10 App operations registered
2025-06-03T15:28:47.898Z info: Storage FS - path:[D:\git\asocial2-srv\filestorea
2025-06-03T15:28:47.899Z info: SQLite sqla DB path= [D:\git\asocial2-srv\sqlite\testa.db3]
2025-06-03T15:28:48.100Z info: PRAGMA journal_mode = WAL
2025-06-03T15:28:48.101Z info: SELECT _data_ FROM singletons WHERE id = '1'
2025-06-03T15:28:48.101Z info: UPDATE singletons SET _data_ = '2025-06-03T15:28:48.101Z', v = 1748964528101.0  WHERE id = '1'
2025-06-03T15:28:48.102Z info: Sqlite ping OK: 2025-06-03T13:02:54.311Z <=> 2025-06-03T15:28:48.101Z
2025-06-03T15:28:48.103Z info: File-System ping OK: 2025-06-03T15:28:48.102Z
2025-06-03T15:28:48.108Z info: HTTP listen [8080]
2025-06-03T15:38:10.582Z info: 10 operations registered
2025-06-03T15:38:10.585Z info: 10 App operations registered
2025-06-03T15:38:10.586Z info: Storage FS - path:[D:\git\asocial2-srv\filestorea
2025-06-03T15:38:10.587Z info: SQLite sqla DB path= [D:\git\asocial2-srv\sqlite\testa.db3]
2025-06-03T15:38:10.672Z info: PRAGMA journal_mode = WAL
2025-06-03T15:38:10.673Z info: SELECT _data_ FROM singletons WHERE id = '1'
2025-06-03T15:38:10.674Z info: UPDATE singletons SET _data_ = '2025-06-03T15:38:10.673Z', v = 1748965090673.0  WHERE id = '1'
2025-06-03T15:38:10.674Z info: Sqlite ping OK: 2025-06-03T15:28:48.101Z <=> 2025-06-03T15:38:10.673Z
2025-06-03T15:38:10.676Z info: File-System ping OK: 2025-06-03T15:38:10.675Z
2025-06-03T15:38:10.682Z info: HTTP listen [8080]
2025-06-05T09:17:38.438Z info: 10 operations registered
2025-06-05T09:17:38.441Z info: 10 App operations registered
2025-06-05T09:17:38.441Z info: Storage FS - path:[D:\git\asocial2-srv\filestorea
2025-06-05T09:17:38.441Z info: SQLite sqla DB path= [D:\git\asocial2-srv\sqlite\testa.db3]
2025-06-05T09:17:38.562Z info: PRAGMA journal_mode = WAL
2025-06-05T09:17:38.563Z info: SELECT _data_ FROM singletons WHERE id = '1'
2025-06-05T09:17:38.563Z info: UPDATE singletons SET _data_ = '2025-06-05T09:17:38.563Z', v = 1749115058563.0  WHERE id = '1'
2025-06-05T09:17:38.564Z info: Sqlite ping OK: 2025-06-03T15:38:10.673Z <=> 2025-06-05T09:17:38.563Z
2025-06-05T09:17:38.565Z info: File-System ping OK: 2025-06-05T09:17:38.564Z
2025-06-05T09:17:38.569Z info: HTTP listen [8080]
2025-06-05T09:18:02.045Z info: RegisterSubscription started
2025-06-05T09:18:02.056Z info: PRAGMA journal_mode = WAL
2025-06-05T09:18:02.057Z info: RegisterSubscription finished
2025-06-05T09:18:06.828Z info: TestMessage started
2025-06-05T09:18:06.830Z info: PRAGMA journal_mode = WAL
2025-06-05T09:18:06.953Z info: TestMessage finished
2025-06-05T09:45:31.284Z info: 10 operations registered
2025-06-05T09:45:31.287Z info: 10 App operations registered
2025-06-05T09:45:31.288Z info: Storage FS - path:[D:\git\asocial2-srv\filestorea
2025-06-05T09:45:31.288Z info: SQLite sqla DB path= [D:\git\asocial2-srv\sqlite\testa.db3]
2025-06-05T09:45:31.309Z info: PRAGMA journal_mode = WAL
2025-06-05T09:45:31.310Z info: SELECT _data_ FROM singletons WHERE id = '1'
2025-06-05T09:45:31.311Z info: UPDATE singletons SET _data_ = '2025-06-05T09:45:31.311Z', v = 1749116731311.0  WHERE id = '1'
2025-06-05T09:45:31.312Z info: Sqlite ping OK: 2025-06-05T09:17:38.563Z <=> 2025-06-05T09:45:31.311Z
2025-06-05T09:45:31.317Z info: File-System ping OK: 2025-06-05T09:45:31.312Z
2025-06-05T09:45:31.324Z info: HTTP listen [8080]
2025-06-07T13:33:50.827Z info: 10 operations registered
2025-06-07T13:33:50.833Z info: 10 App operations registered
2025-06-07T13:33:50.837Z info: Storage FS - path:[/home/daniel/git/asocial2-srv/filestorea
2025-06-07T13:33:50.839Z info: SQLite sqla DB path= [/home/daniel/git/asocial2-srv/sqlite/testa.db3]
2025-06-07T13:33:50.881Z info: PRAGMA journal_mode = WAL
2025-06-07T13:33:50.883Z info: SELECT _data_ FROM singletons WHERE id = '1'
2025-06-07T13:33:50.886Z info: UPDATE singletons SET _data_ = '2025-06-07T13:33:50.884Z', v = 1749303230884.0  WHERE id = '1'
2025-06-07T13:33:50.888Z info: Sqlite ping OK: 2025-05-26T07:52:49.787Z <=> 2025-06-07T13:33:50.884Z
2025-06-07T13:33:50.912Z info: File-System ping OK: 2025-06-07T13:33:50.890Z
2025-06-07T13:33:50.918Z info: HTTP listen [8080]
2025-06-07T13:33:57.163Z info: RegisterSubscription started
2025-06-07T13:33:57.166Z info: PRAGMA journal_mode = WAL
2025-06-07T13:33:57.168Z info: RegisterSubscription finished
2025-07-15T10:08:18.760Z info: 10 operations registered
2025-07-15T10:08:18.762Z info: 10 App operations registered
2025-07-15T10:08:18.763Z info: Storage FS - path:[/home/daniel/git/asocial2-srv/filestorea
2025-07-15T10:08:18.764Z info: SQLite sqla DB path= [/home/daniel/git/asocial2-srv/sqlite/testa.db3]
2025-07-15T10:08:19.006Z info: PRAGMA journal_mode = WAL
2025-07-15T10:08:19.008Z info: SELECT _data_ FROM singletons WHERE id = '1'
2025-07-15T10:08:19.010Z info: UPDATE singletons SET _data_ = '2025-07-15T10:08:19.009Z', v = 1752574099009.0  WHERE id = '1'
2025-07-15T10:08:19.011Z info: Sqlite ping OK: 2025-06-07T13:33:50.884Z <=> 2025-07-15T10:08:19.009Z
2025-07-15T10:08:19.014Z info: File-System ping OK: 2025-07-15T10:08:19.012Z
2025-07-15T10:08:19.024Z info: HTTP listen [8080]
2025-08-23T16:18:03.365Z info: 10 operations registered
2025-08-23T16:18:03.379Z info: SQLite  DB path= [/home/daniel/git/asocial2-srv/sqlite/testa.db3]
2025-08-23T16:18:03.380Z info: Firestore connector
2025-08-23T16:18:03.389Z info: FilesystemStorage - path:[/home/daniel/git/asocial2-srv/filestorea
2025-08-23T16:18:10.856Z info: 10 App operations registered
2025-08-23T16:22:28.829Z info: 10 operations registered
2025-08-23T16:22:28.834Z info: SQLite  DB path= [/home/daniel/git/asocial2-srv/sqlite/testa.db3]
2025-08-23T16:22:28.836Z info: Firestore connector
2025-08-23T16:22:28.837Z info: FilesystemStorage - path:[/home/daniel/git/asocial2-srv/filestorea
2025-08-23T16:22:47.727Z info: 10 App operations registered
2025-08-23T16:24:37.326Z info: 10 operations registered
2025-08-23T16:24:37.330Z info: SQLite  DB path= [/home/daniel/git/asocial2-srv/sqlite/testa.db3]
2025-08-23T16:24:37.331Z info: Firestore connector
2025-08-23T16:24:37.332Z info: FilesystemStorage - path:[/home/daniel/git/asocial2-srv/filestorea
2025-08-23T16:24:37.332Z info: 10 App operations registered
2025-08-23T16:26:11.870Z info: 10 operations registered
2025-08-23T16:26:11.875Z info: SQLite  DB path= [/home/daniel/git/asocial2-srv/sqlite/testa.db3]
2025-08-23T16:26:11.876Z info: Firestore connector
2025-08-23T16:26:11.876Z info: FilesystemStorage - path:[/home/daniel/git/asocial2-srv/filestorea
2025-08-23T16:26:11.877Z info: 10 App operations registered
2025-08-23T16:27:09.441Z info: 10 operations registered
2025-08-23T16:27:09.445Z info: SQLite  DB path= [/home/daniel/git/asocial2-srv/sqlite/testa.db3]
2025-08-23T16:27:09.446Z info: Firestore connector
2025-08-23T16:27:09.447Z info: FilesystemStorage - path:[/home/daniel/git/asocial2-srv/filestorea
2025-08-23T16:27:09.447Z info: 10 App operations registered
2025-08-23T16:49:52.571Z info: 10 operations registered
2025-08-23T16:49:52.575Z info: SQLite  DB path= [/home/daniel/git/asocial2-srv/sqlite/testa.db3]
2025-08-23T16:49:52.575Z info: Firestore connector
2025-08-23T16:49:52.576Z info: FilesystemStorage - path:[/home/daniel/git/asocial2-srv/filestorea
2025-08-23T16:49:52.577Z info: 10 App operations registered
2025-08-23T16:49:52.668Z info: PRAGMA journal_mode = WAL
2025-08-23T16:50:41.203Z info: 10 operations registered
2025-08-23T16:50:41.208Z info: SQLite  DB path= [/home/daniel/git/asocial2-srv/sqlite/testa.db3]
2025-08-23T16:50:41.209Z info: Firestore connector
2025-08-23T16:50:41.211Z info: FilesystemStorage - path:[/home/daniel/git/asocial2-srv/filestorea
2025-08-23T16:50:41.212Z info: 10 App operations registered
2025-08-23T16:50:41.290Z info: PRAGMA journal_mode = WAL
2025-08-23T16:50:45.625Z info: SELECT data FROM Hdr WHERE id = 'ping'
2025-08-23T16:50:49.233Z info: INSERT INTO Hdr (id, v, data) VALUES ('ping', 1755967846453.0, '2025-08-23T16:50:46.453Z')
2025-08-23T16:50:53.325Z info: Sqlite ping OK: ? <=> 2025-08-23T16:50:46.453Z
2025-08-23T16:50:53.338Z info: File-System ping OK: 2025-08-23T16:50:53.326Z
2025-08-23T17:17:29.516Z info: 10 operations registered
2025-08-23T17:17:29.519Z info: Firestore connector
2025-08-23T17:17:29.520Z info: SQLite  DB path= [/home/daniel/git/asocial2-srv/sqlite/testa.db3]
2025-08-23T17:17:29.521Z info: FilesystemStorage - path:[/home/daniel/git/asocial2-srv/filestorea
2025-08-23T17:17:29.522Z info: 10 App operations registered
2025-08-23T17:20:55.082Z info: 10 operations registered
2025-08-23T17:21:33.073Z info: Firestore connector
2025-08-23T17:21:33.075Z info: SQLite  DB path= [/home/daniel/git/asocial2-srv/sqlite/testa.db3]
2025-08-23T17:21:33.076Z info: FilesystemStorage - path:[/home/daniel/git/asocial2-srv/filestorea
2025-08-23T17:21:33.077Z info: 10 App operations registered
2025-08-23T17:21:58.442Z info: Firestore ping OK: ? <=> 2025-08-23T17:21:46.961Z
2025-08-23T17:21:58.445Z info: File-System ping OK: 2025-08-23T17:21:58.443Z
2025-08-28T13:07:57.131Z info: 11 operations registered
2025-08-28T13:07:57.134Z info: SQLite  DB path= [/home/daniel/git/asocial2-srv/sqlite/testa.db3]
2025-08-28T13:07:57.135Z info: Firestore connector
2025-08-28T13:07:57.136Z info: FilesystemStorage - path:[/home/daniel/git/asocial2-srv/filestorea
2025-08-28T13:07:57.137Z info: 11 App operations registered
2025-08-28T13:07:57.150Z info: HTTP listen [8080]
2025-08-28T13:17:35.198Z info: AppExc: 1002:unknown operation["testAuth"]
2025-08-28T13:17:35.201Z info: testAuth terminated on exception
2025-08-28T13:18:27.741Z info: TestAuth started
2025-08-28T13:18:27.748Z error: AppExc: 3001:argument absent["text"]
2025-08-28T13:18:27.761Z info: TestAuth terminated on exception
2025-08-28T13:20:17.869Z info: 11 operations registered
2025-08-28T13:20:17.873Z info: SQLite  DB path= [/home/daniel/git/asocial2-srv/sqlite/testa.db3]
2025-08-28T13:20:17.874Z info: Firestore connector
2025-08-28T13:20:17.874Z info: FilesystemStorage - path:[/home/daniel/git/asocial2-srv/filestorea
2025-08-28T13:20:17.875Z info: 11 App operations registered
2025-08-28T13:20:17.890Z info: HTTP listen [8080]
2025-08-28T13:20:22.705Z info: TestAuth started
2025-08-28T13:20:22.759Z info: PRAGMA journal_mode = WAL
2025-08-28T13:22:02.397Z info: TestAuth terminated on exception
2025-08-28T13:22:02.399Z info: AppExc: 1999:unexpected exception["Cannot read properties of undefined (reading 'auths')"]
TypeError: Cannot read properties of undefined (reading 'auths')
    at mtADMIN (/home/daniel/git/asocial2-srv/src-fw/operation.ts:136:34)
    at AppAuthenticator.process (/home/daniel/git/asocial2-srv/src-fw/operation.ts:131:21)
    at TestAuth.setAuths (/home/daniel/git/asocial2-srv/src-fw/operation.ts:52:35)
    at TestAuth.run (/home/daniel/git/asocial2-srv/src-fw/operations.ts:37:16)
    at doOp (/home/daniel/git/asocial2-srv/src-fw/index.ts:270:14)
    at process.processTicksAndRejections (node:internal/process/task_queues:105:5)
    at async IncomingMessage.<anonymous> (/home/daniel/git/asocial2-srv/src-fw/index.ts:157:9)
2025-08-28T13:26:27.125Z info: 11 operations registered
2025-08-28T13:26:27.129Z info: SQLite  DB path= [/home/daniel/git/asocial2-srv/sqlite/testa.db3]
2025-08-28T13:26:27.131Z info: Firestore connector
2025-08-28T13:26:27.132Z info: FilesystemStorage - path:[/home/daniel/git/asocial2-srv/filestorea
2025-08-28T13:26:27.133Z info: 11 App operations registered
2025-08-28T13:26:27.151Z info: HTTP listen [8080]
2025-08-28T13:26:36.340Z info: TestAuth started
2025-08-28T13:27:44.579Z info: 11 operations registered
2025-08-28T13:27:44.583Z info: SQLite  DB path= [/home/daniel/git/asocial2-srv/sqlite/testa.db3]
2025-08-28T13:27:44.584Z info: Firestore connector
2025-08-28T13:27:44.585Z info: FilesystemStorage - path:[/home/daniel/git/asocial2-srv/filestorea
2025-08-28T13:27:44.586Z info: 11 App operations registered
2025-08-28T13:27:44.599Z info: HTTP listen [8080]
2025-08-28T13:27:53.844Z info: TestAuth started
2025-08-28T13:27:53.857Z info: PRAGMA journal_mode = WAL
2025-08-28T13:27:55.685Z info: TestAuth terminated on exception
2025-08-28T13:27:55.686Z info: AppExc: 1999:unexpected exception["Cannot set properties of undefined (setting 'auth')"]
TypeError: Cannot set properties of undefined (setting 'auth')
    at TestAuth.setAuths (/home/daniel/git/asocial2-srv/src-fw/operation.ts:53:23)
    at process.processTicksAndRejections (node:internal/process/task_queues:105:5)
    at async TestAuth.run (/home/daniel/git/asocial2-srv/src-fw/operations.ts:37:5)
    at async doOp (/home/daniel/git/asocial2-srv/src-fw/index.ts:270:5)
    at async IncomingMessage.<anonymous> (/home/daniel/git/asocial2-srv/src-fw/index.ts:157:9)
2025-08-28T13:30:14.041Z info: 11 operations registered
2025-08-28T13:30:14.057Z info: SQLite  DB path= [/home/daniel/git/asocial2-srv/sqlite/testa.db3]
2025-08-28T13:30:14.059Z info: Firestore connector
2025-08-28T13:30:14.063Z info: FilesystemStorage - path:[/home/daniel/git/asocial2-srv/filestorea
2025-08-28T13:30:14.064Z info: 11 App operations registered
2025-08-28T13:30:14.103Z info: HTTP listen [8080]
2025-08-28T13:30:16.097Z info: TestAuth started
2025-08-28T13:30:16.108Z info: PRAGMA journal_mode = WAL
2025-08-28T13:31:32.579Z info: TestAuth terminated on exception
2025-08-28T13:31:32.582Z info: AppExc: 1999:unexpected exception["Cannot set properties of undefined (setting 'auth')"]
TypeError: Cannot set properties of undefined (setting 'auth')
    at TestAuth.setAuths (/home/daniel/git/asocial2-srv/src-fw/operation.ts:53:23)
    at process.processTicksAndRejections (node:internal/process/task_queues:105:5)
    at async TestAuth.run (/home/daniel/git/asocial2-srv/src-fw/operations.ts:37:5)
    at async doOp (/home/daniel/git/asocial2-srv/src-fw/index.ts:270:5)
    at async IncomingMessage.<anonymous> (/home/daniel/git/asocial2-srv/src-fw/index.ts:157:9)
2025-08-28T13:33:44.415Z info: 11 operations registered
2025-08-28T13:33:44.420Z info: SQLite  DB path= [/home/daniel/git/asocial2-srv/sqlite/testa.db3]
2025-08-28T13:33:44.421Z info: Firestore connector
2025-08-28T13:33:44.422Z info: FilesystemStorage - path:[/home/daniel/git/asocial2-srv/filestorea
2025-08-28T13:33:44.423Z info: 11 App operations registered
2025-08-28T13:33:44.447Z info: HTTP listen [8080]
2025-08-28T13:33:48.189Z info: TestAuth started
2025-08-28T13:33:48.209Z info: PRAGMA journal_mode = WAL
2025-08-28T13:34:17.414Z info: TestAuth terminated on exception
2025-08-28T13:34:17.415Z info: AppExc: 1999:unexpected exception["Cannot set properties of undefined (setting 'auth')"]
TypeError: Cannot set properties of undefined (setting 'auth')
    at TestAuth.setAuths (/home/daniel/git/asocial2-srv/src-fw/operation.ts:53:23)
    at process.processTicksAndRejections (node:internal/process/task_queues:105:5)
    at async TestAuth.run (/home/daniel/git/asocial2-srv/src-fw/operations.ts:37:5)
    at async doOp (/home/daniel/git/asocial2-srv/src-fw/index.ts:270:5)
    at async IncomingMessage.<anonymous> (/home/daniel/git/asocial2-srv/src-fw/index.ts:157:9)
2025-08-28T13:35:18.304Z info: 11 operations registered
2025-08-28T13:35:18.308Z info: SQLite  DB path= [/home/daniel/git/asocial2-srv/sqlite/testa.db3]
2025-08-28T13:35:18.309Z info: Firestore connector
2025-08-28T13:35:18.310Z info: FilesystemStorage - path:[/home/daniel/git/asocial2-srv/filestorea
2025-08-28T13:35:18.311Z info: 11 App operations registered
2025-08-28T13:35:18.329Z info: HTTP listen [8080]
2025-08-28T13:35:36.978Z info: TestAuth started
2025-08-28T13:35:36.993Z info: PRAGMA journal_mode = WAL
2025-08-28T13:35:38.567Z info: TestAuth finished
2025-08-28T13:39:32.992Z info: 11 operations registered
2025-08-28T13:39:32.995Z info: SQLite  DB path= [/home/daniel/git/asocial2-srv/sqlite/testa.db3]
2025-08-28T13:39:32.997Z info: Firestore connector
2025-08-28T13:39:32.998Z info: FilesystemStorage - path:[/home/daniel/git/asocial2-srv/filestorea
2025-08-28T13:39:33.000Z info: 11 App operations registered
2025-08-28T13:39:33.017Z info: HTTP listen [8080]
2025-08-28T13:39:33.476Z info: TestAuth started
2025-08-28T13:39:33.485Z info: PRAGMA journal_mode = WAL
2025-08-28T13:40:10.685Z info: TestAuth finished
2025-08-28T13:41:34.620Z info: TestAuth started
2025-08-28T13:41:34.623Z info: PRAGMA journal_mode = WAL
2025-08-28T13:42:13.632Z info: TestAuth finished
2025-08-28T13:53:06.207Z info: 11 operations registered
2025-08-28T13:53:06.213Z info: SQLite  DB path= [/home/daniel/git/asocial2-srv/sqlite/testa.db3]
2025-08-28T13:53:06.215Z info: Firestore connector
2025-08-28T13:53:06.216Z info: FilesystemStorage - path:[/home/daniel/git/asocial2-srv/filestorea
2025-08-28T13:53:06.218Z info: 11 App operations registered
2025-08-28T13:53:06.236Z info: HTTP listen [8080]
2025-08-28T13:53:08.387Z info: TestAuth started
2025-08-28T13:53:08.399Z info: PRAGMA journal_mode = WAL
2025-08-28T13:53:08.403Z info: TestAuth finished
2025-08-28T16:50:47.325Z info: 11 operations registered
2025-08-28T16:50:47.329Z info: SQLite  DB path= [/home/daniel/git/asocial2-srv/sqlite/testa.db3]
2025-08-28T16:50:47.331Z info: Firestore connector
2025-08-28T16:50:47.332Z info: FilesystemStorage - path:[/home/daniel/git/asocial2-srv/filestorea
2025-08-28T16:50:47.333Z info: 11 App operations registered
2025-08-28T17:06:56.145Z info: 11 operations registered
2025-08-28T17:06:56.149Z info: SQLite  DB path= [/home/daniel/git/asocial2-srv/sqlite/testa.db3]
2025-08-28T17:06:56.149Z info: Firestore connector
2025-08-28T17:06:56.150Z info: FilesystemStorage - path:[/home/daniel/git/asocial2-srv/filestorea
2025-08-28T17:06:56.151Z info: 11 App operations registered
2025-08-28T17:06:56.165Z info: HTTP listen [8080]
2025-08-28T17:07:27.904Z info: TestAuth started
2025-08-28T17:10:10.169Z info: 11 operations registered
2025-08-28T17:10:10.172Z info: SQLite  DB path= [/home/daniel/git/asocial2-srv/sqlite/testa.db3]
2025-08-28T17:10:10.173Z info: Firestore connector
2025-08-28T17:10:10.174Z info: FilesystemStorage - path:[/home/daniel/git/asocial2-srv/filestorea
2025-08-28T17:10:10.175Z info: 11 App operations registered
2025-08-28T17:10:10.193Z info: HTTP listen [8080]
2025-08-28T17:22:44.267Z info: 11 operations registered
2025-08-28T17:22:44.272Z info: SQLite  DB path= [/home/daniel/git/asocial2-srv/sqlite/testa.db3]
2025-08-28T17:22:44.274Z info: Firestore connector
2025-08-28T17:22:44.275Z info: FilesystemStorage - path:[/home/daniel/git/asocial2-srv/filestorea
2025-08-28T17:22:44.276Z info: 11 App operations registered
2025-08-28T17:22:44.294Z info: HTTP listen [8080]
2025-08-28T17:23:04.411Z info: TestAuth started
2025-08-28T17:26:07.778Z info: 11 operations registered
2025-08-28T17:26:07.781Z info: SQLite  DB path= [/home/daniel/git/asocial2-srv/sqlite/testa.db3]
2025-08-28T17:26:07.782Z info: Firestore connector
2025-08-28T17:26:07.783Z info: FilesystemStorage - path:[/home/daniel/git/asocial2-srv/filestorea
2025-08-28T17:26:07.783Z info: 11 App operations registered
2025-08-28T17:26:07.799Z info: HTTP listen [8080]
2025-08-28T17:26:11.622Z info: TestAuth started
2025-08-28T17:26:11.630Z info: PRAGMA journal_mode = WAL
2025-08-28T17:26:29.835Z info: TestAuth finished
2025-08-29T14:19:12.343Z info: 7 operations registered
2025-08-29T14:19:12.352Z info: SQLite  DB path= [/home/daniel/git/asocial2-srv/sqlite/testa.db3]
2025-08-29T14:19:12.353Z info: Firestore connector
2025-08-29T14:19:12.355Z info: FilesystemStorage - path:[/home/daniel/git/asocial2-srv/filestorea
2025-08-29T14:19:12.356Z info: 7 App operations registered
2025-08-29T14:19:12.383Z info: HTTP listen [8080]
2025-08-29T14:34:19.368Z info: TestAuth terminated on exception
2025-08-29T14:34:19.395Z info: AppExc: 1999:unexpected exception["Invalid time value"]
RangeError: Invalid time value
    at Date.toISOString (<anonymous>)
    at new Operation (/home/daniel/git/asocial2-srv/src-fw/operation.ts:47:57)
    at new TestAuth (/home/daniel/git/asocial2-srv/src-fw/operations.ts:34:20)
    at <anonymous> (/home/daniel/git/asocial2-srv/src-fw/operations.ts:42:47)
    at doOp (/home/daniel/git/asocial2-srv/src-fw/index.ts:251:16)
    at IncomingMessage.<anonymous> (/home/daniel/git/asocial2-srv/src-fw/index.ts:158:15)
    at IncomingMessage.emit (node:events:518:28)
    at endReadableNT (node:internal/streams/readable:1698:12)
    at process.processTicksAndRejections (node:internal/process/task_queues:90:21)
2025-08-29T14:35:42.279Z info: TestAuth terminated on exception
2025-08-29T14:35:42.281Z info: AppExc: 1999:unexpected exception["Invalid time value"]
RangeError: Invalid time value
    at Date.toISOString (<anonymous>)
    at new Operation (/home/daniel/git/asocial2-srv/src-fw/operation.ts:47:57)
    at new TestAuth (/home/daniel/git/asocial2-srv/src-fw/operations.ts:34:20)
    at <anonymous> (/home/daniel/git/asocial2-srv/src-fw/operations.ts:42:47)
    at doOp (/home/daniel/git/asocial2-srv/src-fw/index.ts:251:16)
    at IncomingMessage.<anonymous> (/home/daniel/git/asocial2-srv/src-fw/index.ts:158:15)
    at IncomingMessage.emit (node:events:518:28)
    at endReadableNT (node:internal/streams/readable:1698:12)
    at process.processTicksAndRejections (node:internal/process/task_queues:90:21)
2025-08-29T14:39:02.975Z info: 7 operations registered
2025-08-29T14:39:02.978Z info: SQLite  DB path= [/home/daniel/git/asocial2-srv/sqlite/testa.db3]
2025-08-29T14:39:02.979Z info: Firestore connector
2025-08-29T14:39:02.980Z info: FilesystemStorage - path:[/home/daniel/git/asocial2-srv/filestorea
2025-08-29T14:39:02.981Z info: 7 App operations registered
2025-08-29T14:39:02.996Z info: HTTP listen [8080]
2025-08-29T14:40:08.465Z info: TestAuth terminated on exception
2025-08-29T14:40:08.468Z info: AppExc: 1999:unexpected exception["Invalid time value"]
RangeError: Invalid time value
    at Date.toISOString (<anonymous>)
    at new Operation (/home/daniel/git/asocial2-srv/src-fw/operation.ts:46:57)
    at new TestAuth (/home/daniel/git/asocial2-srv/src-fw/operations.ts:34:20)
    at <anonymous> (/home/daniel/git/asocial2-srv/src-fw/operations.ts:42:47)
    at doOp (/home/daniel/git/asocial2-srv/src-fw/index.ts:251:16)
    at IncomingMessage.<anonymous> (/home/daniel/git/asocial2-srv/src-fw/index.ts:158:15)
    at IncomingMessage.emit (node:events:518:28)
    at endReadableNT (node:internal/streams/readable:1698:12)
    at process.processTicksAndRejections (node:internal/process/task_queues:90:21)
2025-08-29T14:41:46.482Z info: 7 operations registered
2025-08-29T14:41:46.486Z info: SQLite  DB path= [/home/daniel/git/asocial2-srv/sqlite/testa.db3]
2025-08-29T14:41:46.487Z info: Firestore connector
2025-08-29T14:41:46.488Z info: FilesystemStorage - path:[/home/daniel/git/asocial2-srv/filestorea
2025-08-29T14:41:46.488Z info: 7 App operations registered
2025-08-29T14:41:46.502Z info: HTTP listen [8080]
2025-08-29T14:42:51.804Z info: TestAuth terminated on exception
2025-08-29T14:42:51.806Z info: AppExc: 1999:unexpected exception["Invalid time value"]
RangeError: Invalid time value
    at Date.toISOString (<anonymous>)
    at new Operation (/home/daniel/git/asocial2-srv/src-fw/operation.ts:46:57)
    at new TestAuth (/home/daniel/git/asocial2-srv/src-fw/operations.ts:34:20)
    at <anonymous> (/home/daniel/git/asocial2-srv/src-fw/operations.ts:42:47)
    at doOp (/home/daniel/git/asocial2-srv/src-fw/index.ts:251:16)
    at IncomingMessage.<anonymous> (/home/daniel/git/asocial2-srv/src-fw/index.ts:158:15)
    at IncomingMessage.emit (node:events:518:28)
    at endReadableNT (node:internal/streams/readable:1698:12)
    at process.processTicksAndRejections (node:internal/process/task_queues:90:21)
2025-08-29T14:47:31.051Z info: 7 operations registered
2025-08-29T14:47:31.054Z info: SQLite  DB path= [/home/daniel/git/asocial2-srv/sqlite/testa.db3]
2025-08-29T14:47:31.055Z info: Firestore connector
2025-08-29T14:47:31.056Z info: FilesystemStorage - path:[/home/daniel/git/asocial2-srv/filestorea
2025-08-29T14:47:31.057Z info: 7 App operations registered
2025-08-29T14:47:31.069Z info: HTTP listen [8080]
2025-08-29T14:47:49.851Z info: TestAuth : 2025-08-29T14:47:39.349Z
2025-08-29T14:48:17.436Z info: PRAGMA journal_mode = WAL
2025-08-29T14:48:20.460Z info: BEGIN
2025-08-29T14:48:20.465Z info: ROLLBACK
2025-08-29T14:48:30.624Z error: TestAuth : 2025-08-29T14:47:39.349Z : TypeError: Cannot read properties of undefined (reading 'transac')
2025-08-29T14:48:30.626Z info: TestAuth terminated on exception
2025-08-29T14:48:30.627Z info: AppExc: 1999:unexpected exception["Cannot read properties of undefined (reading 'transac')"]
TypeError: Cannot read properties of undefined (reading 'transac')
    at AppSQLiteConnexion.doTransaction (/home/daniel/git/asocial2-srv/src-sqlite/index.ts:105:21)
    at TestAuth.run (/home/daniel/git/asocial2-srv/src-fw/operation.ts:101:44)
    at process.processTicksAndRejections (node:internal/process/task_queues:105:5)
    at async doOp (/home/daniel/git/asocial2-srv/src-fw/index.ts:266:5)
    at async IncomingMessage.<anonymous> (/home/daniel/git/asocial2-srv/src-fw/index.ts:158:9)
2025-08-29T15:00:16.221Z info: TestAuth : 2025-08-29T15:00:16.220Z
2025-08-29T15:05:41.265Z info: 7 operations registered
2025-08-29T15:05:41.268Z info: SQLite  DB path= [/home/daniel/git/asocial2-srv/sqlite/testa.db3]
2025-08-29T15:05:41.269Z info: Firestore connector
2025-08-29T15:05:41.270Z info: FilesystemStorage - path:[/home/daniel/git/asocial2-srv/filestorea
2025-08-29T15:05:41.270Z info: 7 App operations registered
2025-08-29T15:05:41.286Z info: HTTP listen [8080]
2025-08-29T15:05:50.394Z info: TestAuth : 2025-08-29T15:05:50.386Z
2025-08-29T15:08:54.040Z info: 7 operations registered
2025-08-29T15:08:54.045Z info: SQLite  DB path= [/home/daniel/git/asocial2-srv/sqlite/testa.db3]
2025-08-29T15:08:54.047Z info: Firestore connector
2025-08-29T15:08:54.048Z info: FilesystemStorage - path:[/home/daniel/git/asocial2-srv/filestorea
2025-08-29T15:08:54.049Z info: 7 App operations registered
2025-08-29T15:08:54.068Z info: HTTP listen [8080]
2025-08-29T15:08:56.079Z info: TestAuth : 2025-08-29T15:08:56.074Z
2025-08-29T15:09:15.643Z info: PRAGMA journal_mode = WAL
2025-08-29T15:10:08.596Z info: BEGIN
2025-08-29T15:10:59.469Z info: auths : 1756480136042 - ADMIN TOTO
2025-08-29T15:11:32.597Z info: COMMIT
2025-08-29T15:12:00.006Z info: TestAuth finished
2025-08-29T15:14:28.922Z info: 7 operations registered
2025-08-29T15:14:28.926Z info: SQLite  DB path= [/home/daniel/git/asocial2-srv/sqlite/testa.db3]
2025-08-29T15:14:28.927Z info: Firestore connector
2025-08-29T15:14:28.928Z info: FilesystemStorage - path:[/home/daniel/git/asocial2-srv/filestorea
2025-08-29T15:14:28.928Z info: 7 App operations registered
2025-08-29T15:14:28.944Z info: HTTP listen [8080]
2025-08-29T15:14:47.231Z info: TestAuth : 2025-08-29T15:14:47.226Z
2025-08-29T15:14:52.172Z info: PRAGMA journal_mode = WAL
2025-08-29T15:15:14.355Z info: BEGIN
2025-08-29T15:16:00.748Z info: auths : 1756480487194 - ADMIN TOTO
2025-08-29T15:16:11.492Z info: COMMIT
2025-08-29T15:16:19.569Z info: TestAuth finished
2025-08-29T15:19:15.236Z info: 7 operations registered
2025-08-29T15:19:15.239Z info: SQLite  DB path= [/home/daniel/git/asocial2-srv/sqlite/testa.db3]
2025-08-29T15:19:15.240Z info: Firestore connector
2025-08-29T15:19:15.241Z info: FilesystemStorage - path:[/home/daniel/git/asocial2-srv/filestorea
2025-08-29T15:19:15.242Z info: 7 App operations registered
2025-08-29T15:19:15.256Z info: HTTP listen [8080]
2025-08-29T15:19:18.048Z info: TestAuth : 2025-08-29T15:19:18.041Z
2025-08-29T15:19:18.062Z info: PRAGMA journal_mode = WAL
2025-08-29T15:19:18.064Z info: BEGIN
2025-08-29T15:19:35.097Z info: auths : 1756480758001 - ADMIN TOTO
2025-08-29T15:19:40.241Z info: COMMIT
2025-08-29T15:19:47.906Z info: TestAuth finished
2025-08-31T13:01:15.391Z info: 7 operations registered
2025-08-31T13:01:15.394Z info: SQLite  DB path= [/home/daniel/git/asocial2-srv/sqlite/testa.db3]
2025-08-31T13:01:15.395Z info: Firestore connector
2025-08-31T13:01:15.396Z info: FilesystemStorage - path:[/home/daniel/git/asocial2-srv/filestorea
2025-08-31T13:01:15.396Z info: 7 App operations registered
2025-08-31T13:01:15.413Z info: HTTP listen [8080]
2025-08-31T13:02:16.199Z info: 7 operations registered
2025-08-31T13:02:16.202Z info: SQLite  DB path= [/home/daniel/git/asocial2-srv/sqlite/testa.db3]
2025-08-31T13:02:16.203Z info: Firestore connector
2025-08-31T13:02:16.204Z info: FilesystemStorage - path:[/home/daniel/git/asocial2-srv/filestorea
2025-08-31T13:03:22.006Z info: 7 App operations registered
2025-08-31T13:03:22.020Z info: HTTP listen [8080]
2025-08-31T13:05:40.383Z info: 7 operations registered
2025-08-31T13:05:40.386Z info: SQLite  DB path= [/home/daniel/git/asocial2-srv/sqlite/testa.db3]
2025-08-31T13:05:40.387Z info: Firestore connector
2025-08-31T13:05:40.388Z info: FilesystemStorage - path:[/home/daniel/git/asocial2-srv/filestorea
2025-08-31T13:05:40.389Z info: 7 App operations registered
2025-08-31T13:05:40.402Z info: HTTP listen [8080]
2025-08-31T13:06:03.531Z info: 7 operations registered
2025-08-31T13:06:03.534Z info: SQLite  DB path= [/home/daniel/git/asocial2-srv/sqlite/testa.db3]
2025-08-31T13:06:03.535Z info: Firestore connector
2025-08-31T13:06:03.536Z info: FilesystemStorage - path:[/home/daniel/git/asocial2-srv/filestorea
2025-08-31T13:06:26.114Z info: 7 App operations registered
2025-08-31T13:06:26.133Z info: HTTP listen [8080]
2025-09-09T10:21:02.586Z info: 7 operations registered
2025-09-09T10:21:12.159Z info: SQLite  DB path= [D:\git\asocial2-srv\sqlite\testa.db3]
2025-09-09T10:21:12.160Z info: Firestore connector
2025-09-09T10:21:12.162Z info: FilesystemStorage - path:[D:\git\asocial2-srv\filestorea
2025-09-09T10:21:12.163Z info: 7 App operations registered
2025-09-09T10:21:12.178Z info: HTTP listen [8080]
2025-09-09T10:24:21.086Z info: 7 operations registered
2025-09-09T10:25:54.231Z info: 7 classes de document
2025-09-09T10:25:54.234Z info: SQLite  DB path= [D:\git\asocial2-srv\sqlite\testa.db3]
2025-09-09T10:25:54.235Z info: Firestore connector
2025-09-09T10:25:54.237Z info: FilesystemStorage - path:[D:\git\asocial2-srv\filestorea
2025-09-09T10:25:54.239Z info: 7 App operations registered
2025-09-09T10:25:54.256Z info: HTTP listen [8080]
2025-09-09T10:29:50.443Z info: 7 operations registered
2025-09-09T10:29:50.446Z info: 7 document classes
2025-09-09T10:29:50.447Z info: SQLite  DB path= [D:\git\asocial2-srv\sqlite\testa.db3]
2025-09-09T10:29:50.447Z info: Firestore connector
2025-09-09T10:29:50.448Z info: FilesystemStorage - path:[D:\git\asocial2-srv\filestorea
2025-09-09T10:29:50.448Z info: 7 App operations registered
2025-09-09T10:29:50.457Z info: HTTP listen [8080]
2025-09-16T11:49:08.083Z info: 7 operations registered
2025-09-16T11:49:08.086Z info: 7 document classes
2025-09-16T11:49:08.087Z info: SQLite  DB path= [D:\git\asocial2-srv\sqlite\testa.db3]
2025-09-16T11:49:08.088Z info: Firestore connector
2025-09-16T11:49:08.089Z info: FilesystemStorage - path:[D:\git\asocial2-srv\filestorea
2025-09-16T11:49:08.090Z info: 7 App operations registered
2025-09-16T11:52:21.614Z info: 7 operations registered
2025-09-16T11:52:21.617Z info: 7 document classes
2025-09-16T11:52:21.618Z info: SQLite  DB path= [D:\git\asocial2-srv\sqlite\testa.db3]
2025-09-16T11:52:21.618Z info: Firestore connector
2025-09-16T11:52:21.619Z info: FilesystemStorage - path:[D:\git\asocial2-srv\filestorea
2025-09-16T11:52:21.619Z info: 7 App operations registered
2025-09-16T12:08:37.817Z info: 7 operations registered
2025-09-16T12:08:37.820Z info: 7 document classes
2025-09-16T12:08:37.821Z info: SQLite  DB path= [D:\git\asocial2-srv\sqlite\testa.db3]
2025-09-16T12:08:37.821Z info: Firestore connector
2025-09-16T12:08:37.822Z info: FilesystemStorage - path:[D:\git\asocial2-srv\filestorea
2025-09-16T12:08:37.823Z info: 7 App operations registered
2025-09-16T12:14:05.132Z info: 7 operations registered
2025-09-16T12:14:05.135Z info: 7 document classes
2025-09-16T12:14:05.136Z info: SQLite  DB path= [D:\git\asocial2-srv\sqlite\testa.db3]
2025-09-16T12:14:05.137Z info: Firestore connector
2025-09-16T12:14:05.137Z info: FilesystemStorage - path:[D:\git\asocial2-srv\filestorea
2025-09-16T12:14:05.138Z info: 7 App operations registered
2025-09-16T12:15:55.404Z info: 7 operations registered
2025-09-16T12:15:55.407Z info: 7 document classes
2025-09-16T12:15:55.408Z info: SQLite  DB path= [D:\git\asocial2-srv\sqlite\testa.db3]
2025-09-16T12:15:55.408Z info: Firestore connector
2025-09-16T12:15:55.409Z info: FilesystemStorage - path:[D:\git\asocial2-srv\filestorea
2025-09-16T12:15:55.410Z info: 7 App operations registered
2025-09-16T12:17:35.990Z info: 7 operations registered
2025-09-16T12:17:35.993Z info: 7 document classes
2025-09-16T12:17:35.994Z info: SQLite  DB path= [D:\git\asocial2-srv\sqlite\testa.db3]
2025-09-16T12:17:35.994Z info: Firestore connector
2025-09-16T12:17:35.995Z info: FilesystemStorage - path:[D:\git\asocial2-srv\filestorea
2025-09-16T12:17:35.995Z info: 7 App operations registered
2025-09-16T12:20:29.874Z info: 7 operations registered
2025-09-16T12:20:29.877Z info: 7 document classes
2025-09-16T12:20:29.877Z info: SQLite  DB path= [D:\git\asocial2-srv\sqlite\testa.db3]
2025-09-16T12:20:29.878Z info: Firestore connector
2025-09-16T12:20:29.878Z info: FilesystemStorage - path:[D:\git\asocial2-srv\filestorea
2025-09-16T12:20:29.879Z info: 7 App operations registered
2025-09-16T12:27:39.568Z info: 7 operations registered
2025-09-16T12:27:39.571Z info: 7 document classes
2025-09-16T12:27:39.571Z info: SQLite  DB path= [D:\git\asocial2-srv\sqlite\testa.db3]
2025-09-16T12:27:39.572Z info: Firestore connector
2025-09-16T12:27:39.573Z info: FilesystemStorage - path:[D:\git\asocial2-srv\filestorea
2025-09-16T12:27:39.573Z info: 7 App operations registered
2025-09-16T12:28:26.437Z info: 7 operations registered
2025-09-16T12:28:26.441Z info: 7 document classes
2025-09-16T12:28:26.441Z info: SQLite  DB path= [D:\git\asocial2-srv\sqlite\testa.db3]
2025-09-16T12:28:26.442Z info: Firestore connector
2025-09-16T12:28:26.443Z info: FilesystemStorage - path:[D:\git\asocial2-srv\filestorea
2025-09-16T12:28:26.444Z info: 7 App operations registered
2025-09-24T09:43:37.229Z info: 8 operations registered
2025-09-24T09:43:37.232Z info: 8 document classes
2025-09-24T09:43:37.233Z info: SQLite  DB path= [D:\git\asocial2-srv\sqlite\testa.db3]
2025-09-24T09:43:37.234Z info: Firestore connector
2025-09-24T09:43:37.234Z info: FilesystemStorage - path:[D:\git\asocial2-srv\filestorea
2025-09-24T09:43:37.235Z info: 8 App operations registered
2025-09-24T09:44:25.430Z info: 8 operations registered
2025-09-24T09:44:25.434Z info: 8 document classes
2025-09-24T09:44:25.434Z info: SQLite  DB path= [D:\git\asocial2-srv\sqlite\testa.db3]
2025-09-24T09:44:25.435Z info: Firestore connector
2025-09-24T09:44:25.435Z info: FilesystemStorage - path:[D:\git\asocial2-srv\filestorea
2025-09-24T09:44:25.436Z info: 8 App operations registered
2025-09-24T09:45:46.755Z info: 8 operations registered
2025-09-24T09:45:46.759Z info: 7 document classes
2025-09-24T09:45:46.759Z info: SQLite  DB path= [D:\git\asocial2-srv\sqlite\testa.db3]
2025-09-24T09:45:46.760Z info: Firestore connector
2025-09-24T09:45:46.760Z info: FilesystemStorage - path:[D:\git\asocial2-srv\filestorea
2025-09-24T09:45:46.761Z info: 8 App operations registered
2025-09-24T09:49:17.789Z info: 8 operations registered
2025-09-24T09:49:17.792Z info: 7 document classes
2025-09-24T09:49:17.793Z info: SQLite  DB path= [D:\git\asocial2-srv\sqlite\testa.db3]
2025-09-24T09:49:17.793Z info: Firestore connector
2025-09-24T09:49:17.794Z info: FilesystemStorage - path:[D:\git\asocial2-srv\filestorea
2025-09-24T09:49:17.794Z info: 8 App operations registered
2025-09-24T09:49:32.210Z info: PRAGMA journal_mode = WAL
2025-09-24T09:50:24.090Z info: st:0 at:0 info:
2025-09-24T09:50:24.095Z info: File-System ping OK: 2025-09-24T09:50:24.092Z
2025-09-24T09:52:10.739Z info: 8 operations registered
2025-09-24T09:52:10.743Z info: 7 document classes
2025-09-24T09:52:10.743Z info: SQLite  DB path= [D:\git\asocial2-srv\sqlite\testa.db3]
2025-09-24T09:52:10.744Z info: Firestore connector
2025-09-24T09:52:10.744Z info: FilesystemStorage - path:[D:\git\asocial2-srv\filestorea
2025-09-24T09:52:10.745Z info: 8 App operations registered
2025-09-24T09:52:15.579Z info: PRAGMA journal_mode = WAL
2025-09-24T09:52:19.027Z info: st:0 at:0 info:
2025-09-24T09:52:19.032Z info: File-System ping OK: 2025-09-24T09:52:19.028Z
2025-09-24T09:53:13.345Z info: 8 operations registered
2025-09-24T09:53:13.348Z info: 7 document classes
2025-09-24T09:53:13.348Z info: SQLite  DB path= [D:\git\asocial2-srv\sqlite\testa.db3]
2025-09-24T09:53:13.349Z info: Firestore connector
2025-09-24T09:53:13.349Z info: FilesystemStorage - path:[D:\git\asocial2-srv\filestorea
2025-09-24T09:53:13.350Z info: 8 App operations registered
2025-09-24T09:53:16.111Z info: PRAGMA journal_mode = WAL
2025-09-24T09:53:16.849Z info: st:0 at:0 info:
2025-09-24T09:53:16.853Z info: File-System ping OK: 2025-09-24T09:53:16.850Z
2025-09-24T09:54:04.530Z info: 8 operations registered
2025-09-24T09:54:04.533Z info: 7 document classes
2025-09-24T09:54:04.533Z info: SQLite  DB path= [D:\git\asocial2-srv\sqlite\testa.db3]
2025-09-24T09:54:04.534Z info: Firestore connector
2025-09-24T09:54:04.534Z info: FilesystemStorage - path:[D:\git\asocial2-srv\filestorea
2025-09-24T09:54:04.535Z info: 8 App operations registered
2025-09-24T09:54:07.522Z info: PRAGMA journal_mode = WAL
2025-09-24T09:55:57.372Z info: st:0 at:0 info:
2025-09-24T09:55:57.378Z info: File-System ping OK: 2025-09-24T09:55:57.374Z
2025-09-24T09:56:09.500Z info: 8 operations registered
2025-09-24T09:56:09.503Z info: 7 document classes
2025-09-24T09:56:09.504Z info: SQLite  DB path= [D:\git\asocial2-srv\sqlite\testa.db3]
2025-09-24T09:56:09.504Z info: Firestore connector
2025-09-24T09:56:09.505Z info: FilesystemStorage - path:[D:\git\asocial2-srv\filestorea
2025-09-24T09:56:09.505Z info: 8 App operations registered
2025-09-24T09:56:12.079Z info: PRAGMA journal_mode = WAL
2025-09-24T09:56:13.883Z info: st:0 at:0 info:
2025-09-24T09:56:13.887Z info: File-System ping OK: 2025-09-24T09:56:13.885Z
2025-09-24T10:09:46.298Z info: 8 operations registered
2025-09-24T10:09:46.301Z info: 7 document classes
2025-09-24T10:09:46.302Z info: Firestore connector
2025-09-24T10:09:46.302Z info: SQLite  DB path= [D:\git\asocial2-srv\sqlite\testa.db3]
2025-09-24T10:09:46.303Z info: FilesystemStorage - path:[D:\git\asocial2-srv\filestorea
2025-09-24T10:09:46.303Z info: 8 App operations registered
2025-09-24T10:10:03.516Z info: st:0 at:0 info:(none)
2025-09-24T10:10:03.523Z info: File-System ping OK: 2025-09-24T10:10:03.518Z
2025-09-24T10:12:12.919Z info: 8 operations registered
2025-09-24T10:12:12.921Z info: 7 document classes
2025-09-24T10:12:12.922Z info: Firestore connector
2025-09-24T10:12:12.923Z info: SQLite  DB path= [D:\git\asocial2-srv\sqlite\testa.db3]
2025-09-24T10:12:12.923Z info: FilesystemStorage - path:[D:\git\asocial2-srv\filestorea
2025-09-24T10:12:12.924Z info: 8 App operations registered
2025-09-24T10:12:31.210Z info: st:0 at:0 info:(none)
2025-09-24T10:12:31.217Z info: File-System ping OK: 2025-09-24T10:12:31.211Z
2025-09-24T10:13:54.332Z info: 8 operations registered
2025-09-24T10:13:54.335Z info: 7 document classes
2025-09-24T10:13:54.336Z info: Firestore connector
2025-09-24T10:13:54.336Z info: SQLite  DB path= [D:\git\asocial2-srv\sqlite\testa.db3]
2025-09-24T10:13:54.337Z info: FilesystemStorage - path:[D:\git\asocial2-srv\filestorea
2025-09-24T10:13:54.337Z info: 8 App operations registered
2025-09-24T10:14:13.456Z info: st:1 at:1000 info:Info ...
2025-09-24T10:14:13.464Z info: File-System ping OK: 2025-09-24T10:14:13.457Z
2025-09-24T10:16:11.739Z info: 8 operations registered
2025-09-24T10:16:11.742Z info: 7 document classes
2025-09-24T10:16:11.743Z info: Firestore connector
2025-09-24T10:16:11.744Z info: SQLite  DB path= [D:\git\asocial2-srv\sqlite\testa.db3]
2025-09-24T10:16:11.744Z info: FilesystemStorage - path:[D:\git\asocial2-srv\filestorea
2025-09-24T10:16:11.745Z info: 8 App operations registered
2025-09-24T10:16:17.377Z info: st:1 at:1970-01-01T00:00:01.000Z info:Info ...
2025-09-24T10:16:17.387Z info: File-System ping OK: 2025-09-24T10:16:17.378Z
2025-09-24T10:18:27.179Z info: 8 operations registered
2025-09-24T10:18:27.182Z info: 7 document classes
2025-09-24T10:18:27.183Z info: Firestore connector
2025-09-24T10:18:27.183Z info: SQLite  DB path= [D:\git\asocial2-srv\sqlite\testa.db3]
2025-09-24T10:18:27.184Z info: FilesystemStorage - path:[D:\git\asocial2-srv\filestorea
2025-09-24T10:18:27.184Z info: 8 App operations registered
2025-09-24T10:18:27.192Z info: HTTP listen [8080]
2025-09-24T10:19:53.210Z info: AppExc: 1002:unknown operation["GetSrvStatus"]
2025-09-24T10:19:53.212Z info: GetSrvStatus terminated on exception
2025-09-24T10:21:42.192Z info: 9 operations registered
2025-09-24T10:21:42.229Z info: 7 document classes
2025-09-24T10:21:42.262Z info: Firestore connector
2025-09-24T10:21:42.268Z info: SQLite  DB path= [D:\git\asocial2-srv\sqlite\testa.db3]
2025-09-24T10:21:42.270Z info: FilesystemStorage - path:[D:\git\asocial2-srv\filestorea
2025-09-24T10:21:42.272Z info: 9 App operations registered
2025-09-24T10:21:42.288Z info: HTTP listen [8080]
2025-09-24T10:21:55.629Z info: GetSrvStatus : 2025-09-24T10:21:55.626Z
2025-09-24T10:21:55.647Z info: auths : undefined - 
2025-09-24T10:22:05.591Z info: GetSrvStatus finished
2025-09-24T10:23:09.540Z info: GetSrvStatus : 2025-09-24T10:23:09.539Z
2025-09-24T10:23:09.552Z info: auths : undefined - 
2025-09-24T10:23:15.823Z info: GetSrvStatus finished
2025-09-24T10:25:00.251Z info: 9 operations registered
2025-09-24T10:25:00.258Z info: 7 document classes
2025-09-24T10:25:00.259Z info: Firestore connector
2025-09-24T10:25:00.260Z info: SQLite  DB path= [D:\git\asocial2-srv\sqlite\testa.db3]
2025-09-24T10:25:00.260Z info: FilesystemStorage - path:[D:\git\asocial2-srv\filestorea
2025-09-24T10:25:00.261Z info: 9 App operations registered
2025-09-24T10:25:00.271Z info: HTTP listen [8080]
2025-09-24T10:25:03.486Z info: GetSrvStatus : 2025-09-24T10:25:03.484Z
2025-09-24T10:25:03.509Z info: auths : undefined - 
2025-09-24T10:25:09.507Z info: GetSrvStatus finished
2025-09-24T10:29:22.484Z info: GetSrvStatus : 2025-09-24T10:29:22.483Z
2025-09-24T10:29:22.495Z info: auths : undefined - 
2025-09-24T10:29:28.626Z info: GetSrvStatus finished
2025-09-24T10:30:43.480Z info: GetSrvStatus : 2025-09-24T10:30:43.479Z
2025-09-24T10:30:43.492Z info: auths : undefined - 
2025-09-24T10:30:43.555Z info: GetSrvStatus finished
2025-09-24T16:29:00.757Z info: 9 operations registered
2025-09-24T16:29:00.759Z info: 7 document classes
2025-09-24T16:29:00.760Z info: Firestore connector
2025-09-24T16:29:00.761Z info: SQLite  DB path= [D:\git\asocial2-srv\sqlite\testa.db3]
2025-09-24T16:29:00.761Z info: FilesystemStorage - path:[D:\git\asocial2-srv\filestorea
2025-09-24T16:29:00.762Z info: 9 App operations registered
2025-09-24T16:29:00.772Z info: HTTP listen [8080]
2025-09-24T16:32:28.332Z info: GetSrvStatus : 2025-09-24T16:32:28.330Z
2025-09-24T16:32:28.355Z info: auths : undefined - 
2025-09-24T16:32:29.378Z info: GetSrvStatus finished
2025-09-24T16:36:38.072Z info: SetSrvStatus : 2025-09-24T16:36:31.005Z
2025-09-24T16:36:38.074Z info: AppExc: 1010:invalid argument@SetSrvStatus:["st"]
2025-09-24T16:36:38.075Z info: SetSrvStatus terminated on exception
2025-09-24T16:46:49.632Z info: SetSrvStatus : 2025-09-24T16:46:20.063Z
2025-09-24T16:46:50.514Z info: AppExc: 1010:invalid argument@SetSrvStatus:["st"]
2025-09-24T16:47:20.908Z info: SetSrvStatus terminated on exception
2025-09-24T16:50:37.857Z info: 9 operations registered
2025-09-24T16:50:37.860Z info: 7 document classes
2025-09-24T16:50:37.861Z info: Firestore connector
2025-09-24T16:50:37.862Z info: SQLite  DB path= [D:\git\asocial2-srv\sqlite\testa.db3]
2025-09-24T16:50:37.862Z info: FilesystemStorage - path:[D:\git\asocial2-srv\filestorea
2025-09-24T16:50:37.863Z info: 9 App operations registered
2025-09-24T16:50:37.875Z info: HTTP listen [8080]
2025-09-24T16:54:51.129Z info: GetSrvStatus : 2025-09-24T16:54:51.128Z
2025-09-24T16:54:51.157Z info: auths : undefined - 
2025-09-24T16:54:51.410Z info: GetSrvStatus finished
2025-09-24T16:57:15.995Z info: GetSrvStatus : 2025-09-24T16:57:15.994Z
2025-09-24T16:58:15.830Z info: auths : undefined - 
2025-09-24T16:58:15.884Z info: GetSrvStatus finished
2025-09-24T17:00:09.384Z info: 9 operations registered
2025-09-24T17:00:09.388Z info: 7 document classes
2025-09-24T17:00:09.388Z info: Firestore connector
2025-09-24T17:00:09.389Z info: SQLite  DB path= [D:\git\asocial2-srv\sqlite\testa.db3]
2025-09-24T17:00:09.389Z info: FilesystemStorage - path:[D:\git\asocial2-srv\filestorea
2025-09-24T17:00:09.390Z info: 9 App operations registered
2025-09-24T17:00:09.401Z info: HTTP listen [8080]
2025-09-24T17:00:17.697Z info: GetSrvStatus : 2025-09-24T17:00:17.695Z
2025-09-24T17:01:12.644Z info: auths : undefined - 
2025-09-24T17:01:12.883Z info: GetSrvStatus finished
2025-09-24T17:02:58.733Z info: 9 operations registered
2025-09-24T17:02:58.736Z info: 7 document classes
2025-09-24T17:02:58.737Z info: Firestore connector
2025-09-24T17:02:58.737Z info: SQLite  DB path= [D:\git\asocial2-srv\sqlite\testa.db3]
2025-09-24T17:02:58.738Z info: FilesystemStorage - path:[D:\git\asocial2-srv\filestorea
2025-09-24T17:02:58.739Z info: 9 App operations registered
2025-09-24T17:02:58.748Z info: HTTP listen [8080]
2025-09-24T17:07:35.570Z info: SetSrvStatus : 2025-09-24T17:07:26.101Z
2025-09-24T17:09:55.175Z info: AppExc: 1010:invalid argument@SetSrvStatus:["st"]
2025-09-24T17:09:55.177Z info: SetSrvStatus terminated on exception
2025-09-24T17:15:16.105Z info: SetSrvStatus : 2025-09-24T17:14:08.307Z
2025-09-24T17:19:11.766Z info: auths : 1758733978616 - ADMIN
2025-09-24T17:19:49.986Z info: SetSrvStatus finished
2025-09-24T17:21:03.110Z info: GetSrvStatus : 2025-09-24T17:20:57.702Z
2025-09-24T17:21:16.072Z info: auths : 0 - 
2025-09-24T17:21:16.276Z info: GetSrvStatus finished
2025-09-24T17:21:39.837Z info: GetSrvStatus : 2025-09-24T17:21:39.837Z
2025-09-24T17:21:39.841Z info: auths : 0 - 
2025-09-24T17:21:39.880Z info: GetSrvStatus finished
2025-09-24T17:22:46.659Z info: GetSrvStatus : 2025-09-24T17:22:46.659Z
2025-09-24T17:22:46.665Z info: auths : 0 - 
2025-09-24T17:22:46.705Z info: GetSrvStatus finished
2025-09-24T17:24:30.615Z info: GetSrvStatus : 2025-09-24T17:24:30.615Z
2025-09-24T17:24:30.621Z info: auths : 0 - 
2025-09-24T17:24:30.663Z info: GetSrvStatus finished
2025-09-24T17:26:17.392Z info: 9 operations registered
2025-09-24T17:26:17.395Z info: 7 document classes
2025-09-24T17:26:17.396Z info: Firestore connector
2025-09-24T17:26:17.397Z info: SQLite  DB path= [D:\git\asocial2-srv\sqlite\testa.db3]
2025-09-24T17:26:17.397Z info: FilesystemStorage - path:[D:\git\asocial2-srv\filestorea
2025-09-24T17:26:17.398Z info: 9 App operations registered
2025-09-24T17:26:17.408Z info: HTTP listen [8080]
2025-09-24T17:30:29.280Z info: SetSrvStatus : 2025-09-24T17:30:24.160Z
2025-09-24T17:30:39.432Z info: auths : 1758735017989 - ADMIN
2025-09-24T17:30:39.692Z info: SetSrvStatus finished
2025-09-24T17:35:36.780Z info: SetSrvStatus : 2025-09-24T17:35:36.780Z
2025-09-24T17:35:36.797Z info: auths : 1758735324882 - ADMIN
2025-09-24T17:35:36.858Z info: SetSrvStatus finished
2025-09-24T17:35:52.265Z info: SetSrvStatus : 2025-09-24T17:35:52.265Z
2025-09-24T17:35:52.271Z info: auths : 1758735347015 - ADMIN
2025-09-24T17:35:52.358Z info: SetSrvStatus finished
2025-09-24T17:36:11.199Z info: SetSrvStatus : 2025-09-24T17:36:11.199Z
2025-09-24T17:36:11.205Z info: auths : 1758735371193 - ADMIN
2025-09-24T17:36:11.248Z info: SetSrvStatus finished
2025-09-24T17:36:13.941Z info: SetSrvStatus : 2025-09-24T17:36:13.941Z
2025-09-24T17:36:13.948Z info: auths : 1758735373937 - ADMIN
2025-09-24T17:36:13.988Z info: SetSrvStatus finished
2025-09-24T17:36:16.254Z info: SetSrvStatus : 2025-09-24T17:36:16.254Z
2025-09-24T17:36:16.272Z info: auths : 1758735376249 - ADMIN
2025-09-24T17:36:16.303Z info: SetSrvStatus finished
2025-09-24T17:37:33.576Z info: SetSrvStatus : 2025-09-24T17:37:33.575Z
2025-09-24T17:37:33.580Z info: auths : 1758735453567 - ADMIN
2025-09-24T17:37:33.628Z info: SetSrvStatus finished
2025-09-24T17:37:35.520Z info: SetSrvStatus : 2025-09-24T17:37:35.520Z
2025-09-24T17:37:35.525Z info: auths : 1758735455517 - ADMIN
2025-09-24T17:37:35.560Z info: SetSrvStatus finished
2025-09-24T17:37:37.417Z info: SetSrvStatus : 2025-09-24T17:37:37.417Z
2025-09-24T17:37:37.423Z info: auths : 1758735457413 - ADMIN
2025-09-24T17:37:37.467Z info: SetSrvStatus finished
2025-09-24T17:37:40.421Z info: SetSrvStatus : 2025-09-24T17:37:40.420Z
2025-09-24T17:37:40.428Z info: auths : 1758735460415 - ADMIN
2025-09-24T17:37:40.467Z info: SetSrvStatus finished
2025-10-04T11:52:08.631Z info: 10 operations registered
2025-10-04T11:54:16.463Z info: 10 operations registered
2025-10-04T11:54:16.468Z info: 8 document classes
2025-10-04T11:54:16.469Z info: Firestore connector
2025-10-04T11:54:16.470Z info: SQLite  DB path= [D:\git\asocial2-srv\sqlite\testa.db3]
2025-10-04T11:54:16.471Z info: FilesystemStorage - path:[D:\git\asocial2-srv\filestorea
2025-10-04T11:54:16.472Z info: 10 App operations registered
2025-10-04T11:59:22.914Z info: 10 operations registered
2025-10-04T11:59:22.917Z info: 8 document classes
2025-10-04T11:59:22.918Z info: Firestore connector
2025-10-04T11:59:22.919Z info: SQLite  DB path= [D:\git\asocial2-srv\sqlite\testa.db3]
2025-10-04T11:59:22.919Z info: FilesystemStorage - path:[D:\git\asocial2-srv\filestorea
2025-10-04T11:59:22.920Z info: 10 App operations registered
2025-10-04T12:00:51.330Z info: 10 operations registered
2025-10-04T12:00:51.333Z info: 8 document classes
2025-10-04T12:00:51.334Z info: Firestore connector
2025-10-04T12:00:51.334Z info: SQLite  DB path= [D:\git\asocial2-srv\sqlite\testa.db3]
2025-10-04T12:00:51.335Z info: FilesystemStorage - path:[D:\git\asocial2-srv\filestorea
2025-10-04T12:00:51.335Z info: 10 App operations registered
2025-10-04T12:05:11.767Z info: 10 operations registered
2025-10-04T12:05:11.770Z info: 8 document classes
2025-10-04T12:05:11.771Z info: Firestore connector
2025-10-04T12:05:11.772Z info: SQLite  DB path= [D:\git\asocial2-srv\sqlite\testa.db3]
2025-10-04T12:05:11.772Z info: FilesystemStorage - path:[D:\git\asocial2-srv\filestorea
2025-10-04T12:05:11.773Z info: 10 App operations registered
2025-10-04T12:07:41.077Z info: 10 operations registered
2025-10-04T12:07:41.080Z info: 8 document classes
2025-10-04T12:07:41.080Z info: Firestore connector
2025-10-04T12:07:41.081Z info: SQLite  DB path= [D:\git\asocial2-srv\sqlite\testa.db3]
2025-10-04T12:07:41.082Z info: FilesystemStorage - path:[D:\git\asocial2-srv\filestorea
2025-10-04T12:07:41.082Z info: 10 App operations registered
2025-10-04T12:09:29.239Z info: 10 operations registered
2025-10-04T12:09:29.242Z info: 8 document classes
2025-10-04T12:09:29.243Z info: Firestore connector
2025-10-04T12:09:29.244Z info: SQLite  DB path= [D:\git\asocial2-srv\sqlite\testa.db3]
2025-10-04T12:09:29.244Z info: FilesystemStorage - path:[D:\git\asocial2-srv\filestorea
2025-10-04T12:09:29.245Z info: 10 App operations registered
2025-10-04T12:10:12.341Z info: 10 operations registered
2025-10-04T12:10:12.344Z info: 8 document classes
2025-10-04T12:10:12.345Z info: Firestore connector
2025-10-04T12:10:12.345Z info: SQLite  DB path= [D:\git\asocial2-srv\sqlite\testa.db3]
2025-10-04T12:10:12.346Z info: FilesystemStorage - path:[D:\git\asocial2-srv\filestorea
2025-10-04T12:10:12.347Z info: 10 App operations registered
2025-10-04T12:10:38.559Z info: 10 operations registered
2025-10-04T12:10:38.562Z info: 8 document classes
2025-10-04T12:10:38.563Z info: Firestore connector
2025-10-04T12:10:38.563Z info: SQLite  DB path= [D:\git\asocial2-srv\sqlite\testa.db3]
2025-10-04T12:10:38.564Z info: FilesystemStorage - path:[D:\git\asocial2-srv\filestorea
2025-10-04T12:10:38.565Z info: 10 App operations registered
2025-10-04T12:16:00.535Z info: 10 operations registered
2025-10-04T12:16:00.539Z info: 8 document classes
2025-10-04T12:16:00.539Z info: Firestore connector
2025-10-04T12:16:00.540Z info: SQLite  DB path= [D:\git\asocial2-srv\sqlite\testa.db3]
2025-10-04T12:16:00.541Z info: FilesystemStorage - path:[D:\git\asocial2-srv\filestorea
2025-10-04T12:16:00.541Z info: 10 App operations registered
2025-10-04T12:16:38.643Z info: 10 operations registered
2025-10-04T12:16:38.646Z info: 8 document classes
2025-10-04T12:16:38.647Z info: Firestore connector
2025-10-04T12:16:38.647Z info: SQLite  DB path= [D:\git\asocial2-srv\sqlite\testa.db3]
2025-10-04T12:16:38.648Z info: FilesystemStorage - path:[D:\git\asocial2-srv\filestorea
2025-10-04T12:16:38.649Z info: 10 App operations registered
2025-10-04T12:18:35.184Z info: 10 operations registered
2025-10-04T12:18:35.187Z info: 8 document classes
2025-10-04T12:18:35.188Z info: Firestore connector
2025-10-04T12:18:35.189Z info: SQLite  DB path= [D:\git\asocial2-srv\sqlite\testa.db3]
2025-10-04T12:18:35.189Z info: FilesystemStorage - path:[D:\git\asocial2-srv\filestorea
2025-10-04T12:18:35.190Z info: 10 App operations registered
2025-10-04T12:50:09.358Z info: 10 operations registered
2025-10-04T12:50:09.361Z info: 8 document classes
2025-10-04T12:50:09.362Z info: SQLite  DB path= [D:\git\asocial2-srv\sqlite\testa.db3]
2025-10-04T12:50:09.362Z info: Firestore connector
2025-10-04T12:50:09.363Z info: FilesystemStorage - path:[D:\git\asocial2-srv\filestorea
2025-10-04T12:50:09.363Z info: 10 App operations registered
2025-10-04T12:50:09.374Z info: HTTP listen [8080]
2025-10-04T12:53:37.025Z info: GetSrvStatus : 2025-10-04T12:53:37.023Z
2025-10-04T12:53:37.181Z info: PRAGMA journal_mode = WAL
2025-10-04T12:53:37.185Z info: BEGIN
2025-10-04T12:53:37.186Z info: auths : 0 - 
2025-10-04T12:53:37.187Z info: SELECT * FROM STATUS WHERE pk = '1'
2025-10-04T12:53:37.198Z info: ROLLBACK
2025-10-04T12:53:37.199Z error: GetSrvStatus : 2025-10-04T12:53:37.023Z : TypeError: Cannot set properties of undefined (setting 'now')
2025-10-04T12:53:37.200Z info: GetSrvStatus terminated on exception
2025-10-04T12:53:37.208Z info: AppExc: 1999:unexpected exception["Cannot set properties of undefined (setting 'now')"]
TypeError: Cannot set properties of undefined (setting 'now')
    at AppSQLiteConnexion.getSrvStatus (D:\git\asocial2-srv\src-sqlite\index.ts:176:9)
    at Function.getSrvStatus (D:\git\asocial2-srv\src-fw\operation.ts:448:37)
    at GetSrvStatus.phase2 (D:\git\asocial2-srv\src-fw\operations.ts:55:35)
    at GetSrvStatus.transac (D:\git\asocial2-srv\src-fw\operation.ts:136:16)
    at process.processTicksAndRejections (node:internal/process/task_queues:105:5)
    at async AppSQLiteConnexion.doTransaction (D:\git\asocial2-srv\src-sqlite\index.ts:190:7)
    at async GetSrvStatus.run (D:\git\asocial2-srv\src-fw\operation.ts:156:30)
    at async doOp (D:\git\asocial2-srv\src-fw\index.ts:225:5)
    at async IncomingMessage.<anonymous> (D:\git\asocial2-srv\src-fw\index.ts:119:9)
2025-10-04T12:54:15.390Z info: GetSrvStatus : 2025-10-04T12:54:15.390Z
2025-10-04T12:54:15.393Z info: PRAGMA journal_mode = WAL
2025-10-04T12:54:15.394Z info: BEGIN
2025-10-04T12:54:15.395Z info: auths : 0 - 
2025-10-04T12:54:40.734Z info: SELECT * FROM STATUS WHERE pk = '1'
2025-10-04T12:56:05.860Z info: ROLLBACK
2025-10-04T12:56:05.864Z error: GetSrvStatus : 2025-10-04T12:54:15.390Z : TypeError: Cannot set properties of undefined (setting 'now')
2025-10-04T12:56:05.866Z info: GetSrvStatus terminated on exception
2025-10-04T12:56:05.868Z info: AppExc: 1999:unexpected exception["Cannot set properties of undefined (setting 'now')"]
TypeError: Cannot set properties of undefined (setting 'now')
    at AppSQLiteConnexion.getSrvStatus (D:\git\asocial2-srv\src-sqlite\index.ts:176:9)
    at Function.getSrvStatus (D:\git\asocial2-srv\src-fw\operation.ts:448:37)
    at GetSrvStatus.phase2 (D:\git\asocial2-srv\src-fw\operations.ts:55:35)
    at GetSrvStatus.transac (D:\git\asocial2-srv\src-fw\operation.ts:136:16)
    at process.processTicksAndRejections (node:internal/process/task_queues:105:5)
    at async AppSQLiteConnexion.doTransaction (D:\git\asocial2-srv\src-sqlite\index.ts:190:7)
    at async GetSrvStatus.run (D:\git\asocial2-srv\src-fw\operation.ts:156:30)
    at async doOp (D:\git\asocial2-srv\src-fw\index.ts:225:5)
    at async IncomingMessage.<anonymous> (D:\git\asocial2-srv\src-fw\index.ts:119:9)
2025-10-04T12:58:21.732Z info: 10 operations registered
2025-10-04T12:58:21.735Z info: 8 document classes
2025-10-04T12:58:21.736Z info: SQLite  DB path= [D:\git\asocial2-srv\sqlite\testa.db3]
2025-10-04T12:58:21.736Z info: Firestore connector
2025-10-04T12:58:21.737Z info: FilesystemStorage - path:[D:\git\asocial2-srv\filestorea
2025-10-04T12:58:21.737Z info: 10 App operations registered
2025-10-04T12:58:21.748Z info: HTTP listen [8080]
2025-10-04T12:58:26.455Z info: GetSrvStatus : 2025-10-04T12:58:26.453Z
2025-10-04T12:58:26.469Z info: PRAGMA journal_mode = WAL
2025-10-04T12:58:26.471Z info: BEGIN
2025-10-04T12:58:26.472Z info: auths : 0 - 
2025-10-04T12:58:26.473Z info: SELECT * FROM STATUS WHERE pk = '1'
2025-10-04T12:58:26.474Z info: COMMIT
2025-10-04T12:58:26.477Z info: GetSrvStatus finished
2025-10-04T12:58:52.877Z info: SetSrvStatus : 2025-10-04T12:58:52.875Z
2025-10-04T12:58:52.880Z info: PRAGMA journal_mode = WAL
2025-10-04T12:58:52.881Z info: BEGIN
2025-10-04T12:58:52.882Z info: auths : 1759582732877 - ADMIN
2025-10-04T12:58:58.191Z info: ROLLBACK
2025-10-04T12:58:58.205Z error: Op.run.phase2 - DB error - SQLITE_ERROR
ON CONFLICT clause does not match any PRIMARY KEY or UNIQUE constraint
SqliteError: ON CONFLICT clause does not match any PRIMARY KEY or UNIQUE constraint
    at Database.prepare (D:\git\asocial2-srv\node_modules\better-sqlite3\lib\methods\wrappers.js:5:21)
    at AppSQLiteConnexion.setSrvStatus (D:\git\asocial2-srv\src-sqlite\index.ts:184:27)
    at SetSrvStatus.phase2 (D:\git\asocial2-srv\src-fw\operations.ts:83:37)
    at SetSrvStatus.transac (D:\git\asocial2-srv\src-fw\operation.ts:136:16)
    at process.processTicksAndRejections (node:internal/process/task_queues:105:5)
    at async AppSQLiteConnexion.doTransaction (D:\git\asocial2-srv\src-sqlite\index.ts:193:7)
    at async SetSrvStatus.run (D:\git\asocial2-srv\src-fw\operation.ts:156:30)
    at async doOp (D:\git\asocial2-srv\src-fw\index.ts:225:5)
    at async IncomingMessage.<anonymous> (D:\git\asocial2-srv\src-fw\index.ts:119:9)
ROLLBACK
BEGIN
PRAGMA journal_mode = WAL
2025-10-04T12:58:58.208Z info: AppExc: 11:DB error@SetSrvStatus:["SQLITE_ERROR\nON CONFLICT clause does not match any PRIMARY KEY or UNIQUE constraint\nSqliteError: ON CONFLICT clause does not match any PRIMARY KEY or UNIQUE constraint\n    at Database.prepare (D:\\git\\asocial2-srv\\node_modules\\better-sqlite3\\lib\\methods\\wrappers.js:5:21)\n    at AppSQLiteConnexion.setSrvStatus (D:\\git\\asocial2-srv\\src-sqlite\\index.ts:184:27)\n    at SetSrvStatus.phase2 (D:\\git\\asocial2-srv\\src-fw\\operations.ts:83:37)\n    at SetSrvStatus.transac (D:\\git\\asocial2-srv\\src-fw\\operation.ts:136:16)\n    at process.processTicksAndRejections (node:internal/process/task_queues:105:5)\n    at async AppSQLiteConnexion.doTransaction (D:\\git\\asocial2-srv\\src-sqlite\\index.ts:193:7)\n    at async SetSrvStatus.run (D:\\git\\asocial2-srv\\src-fw\\operation.ts:156:30)\n    at async doOp (D:\\git\\asocial2-srv\\src-fw\\index.ts:225:5)\n    at async IncomingMessage.<anonymous> (D:\\git\\asocial2-srv\\src-fw\\index.ts:119:9)\nROLLBACK\nBEGIN\nPRAGMA journal_mode = WAL"]
2025-10-04T12:59:26.317Z error: SetSrvStatus : 2025-10-04T12:58:52.875Z : AppExc: 11:DB error@SetSrvStatus:["SQLITE_ERROR\nON CONFLICT clause does not match any PRIMARY KEY or UNIQUE constraint\nSqliteError: ON CONFLICT clause does not match any PRIMARY KEY or UNIQUE constraint\n    at Database.prepare (D:\\git\\asocial2-srv\\node_modules\\better-sqlite3\\lib\\methods\\wrappers.js:5:21)\n    at AppSQLiteConnexion.setSrvStatus (D:\\git\\asocial2-srv\\src-sqlite\\index.ts:184:27)\n    at SetSrvStatus.phase2 (D:\\git\\asocial2-srv\\src-fw\\operations.ts:83:37)\n    at SetSrvStatus.transac (D:\\git\\asocial2-srv\\src-fw\\operation.ts:136:16)\n    at process.processTicksAndRejections (node:internal/process/task_queues:105:5)\n    at async AppSQLiteConnexion.doTransaction (D:\\git\\asocial2-srv\\src-sqlite\\index.ts:193:7)\n    at async SetSrvStatus.run (D:\\git\\asocial2-srv\\src-fw\\operation.ts:156:30)\n    at async doOp (D:\\git\\asocial2-srv\\src-fw\\index.ts:225:5)\n    at async IncomingMessage.<anonymous> (D:\\git\\asocial2-srv\\src-fw\\index.ts:119:9)\nROLLBACK\nBEGIN\nPRAGMA journal_mode = WAL"]
2025-10-04T12:59:26.319Z info: SetSrvStatus terminated on exception
2025-10-04T13:02:11.200Z info: 10 operations registered
2025-10-04T13:02:11.203Z info: 8 document classes
2025-10-04T13:02:11.204Z info: SQLite  DB path= [D:\git\asocial2-srv\sqlite\testa.db3]
2025-10-04T13:02:11.205Z info: Firestore connector
2025-10-04T13:02:11.205Z info: FilesystemStorage - path:[D:\git\asocial2-srv\filestorea
2025-10-04T13:02:11.206Z info: 10 App operations registered
2025-10-04T13:02:11.215Z info: HTTP listen [8080]
2025-10-04T13:02:18.086Z info: SetSrvStatus : 2025-10-04T13:02:18.084Z
2025-10-04T13:02:18.094Z info: PRAGMA journal_mode = WAL
2025-10-04T13:02:18.096Z info: BEGIN
2025-10-04T13:02:18.097Z info: auths : 1759582938065 - ADMIN
2025-10-04T13:02:21.730Z info: ROLLBACK
2025-10-04T13:02:21.743Z error: Op.run.phase2 - DB error - SQLITE_ERROR
ON CONFLICT clause does not match any PRIMARY KEY or UNIQUE constraint
SqliteError: ON CONFLICT clause does not match any PRIMARY KEY or UNIQUE constraint
    at Database.prepare (D:\git\asocial2-srv\node_modules\better-sqlite3\lib\methods\wrappers.js:5:21)
    at AppSQLiteConnexion.setSrvStatus (D:\git\asocial2-srv\src-sqlite\index.ts:184:27)
    at SetSrvStatus.phase2 (D:\git\asocial2-srv\src-fw\operations.ts:83:37)
    at SetSrvStatus.transac (D:\git\asocial2-srv\src-fw\operation.ts:136:16)
    at process.processTicksAndRejections (node:internal/process/task_queues:105:5)
    at async AppSQLiteConnexion.doTransaction (D:\git\asocial2-srv\src-sqlite\index.ts:193:7)
    at async SetSrvStatus.run (D:\git\asocial2-srv\src-fw\operation.ts:156:30)
    at async doOp (D:\git\asocial2-srv\src-fw\index.ts:225:5)
    at async IncomingMessage.<anonymous> (D:\git\asocial2-srv\src-fw\index.ts:119:9)
ROLLBACK
BEGIN
PRAGMA journal_mode = WAL
2025-10-04T13:02:21.745Z info: AppExc: 11:DB error@SetSrvStatus:["SQLITE_ERROR\nON CONFLICT clause does not match any PRIMARY KEY or UNIQUE constraint\nSqliteError: ON CONFLICT clause does not match any PRIMARY KEY or UNIQUE constraint\n    at Database.prepare (D:\\git\\asocial2-srv\\node_modules\\better-sqlite3\\lib\\methods\\wrappers.js:5:21)\n    at AppSQLiteConnexion.setSrvStatus (D:\\git\\asocial2-srv\\src-sqlite\\index.ts:184:27)\n    at SetSrvStatus.phase2 (D:\\git\\asocial2-srv\\src-fw\\operations.ts:83:37)\n    at SetSrvStatus.transac (D:\\git\\asocial2-srv\\src-fw\\operation.ts:136:16)\n    at process.processTicksAndRejections (node:internal/process/task_queues:105:5)\n    at async AppSQLiteConnexion.doTransaction (D:\\git\\asocial2-srv\\src-sqlite\\index.ts:193:7)\n    at async SetSrvStatus.run (D:\\git\\asocial2-srv\\src-fw\\operation.ts:156:30)\n    at async doOp (D:\\git\\asocial2-srv\\src-fw\\index.ts:225:5)\n    at async IncomingMessage.<anonymous> (D:\\git\\asocial2-srv\\src-fw\\index.ts:119:9)\nROLLBACK\nBEGIN\nPRAGMA journal_mode = WAL"]
2025-10-04T13:02:55.032Z error: SetSrvStatus : 2025-10-04T13:02:18.084Z : AppExc: 11:DB error@SetSrvStatus:["SQLITE_ERROR\nON CONFLICT clause does not match any PRIMARY KEY or UNIQUE constraint\nSqliteError: ON CONFLICT clause does not match any PRIMARY KEY or UNIQUE constraint\n    at Database.prepare (D:\\git\\asocial2-srv\\node_modules\\better-sqlite3\\lib\\methods\\wrappers.js:5:21)\n    at AppSQLiteConnexion.setSrvStatus (D:\\git\\asocial2-srv\\src-sqlite\\index.ts:184:27)\n    at SetSrvStatus.phase2 (D:\\git\\asocial2-srv\\src-fw\\operations.ts:83:37)\n    at SetSrvStatus.transac (D:\\git\\asocial2-srv\\src-fw\\operation.ts:136:16)\n    at process.processTicksAndRejections (node:internal/process/task_queues:105:5)\n    at async AppSQLiteConnexion.doTransaction (D:\\git\\asocial2-srv\\src-sqlite\\index.ts:193:7)\n    at async SetSrvStatus.run (D:\\git\\asocial2-srv\\src-fw\\operation.ts:156:30)\n    at async doOp (D:\\git\\asocial2-srv\\src-fw\\index.ts:225:5)\n    at async IncomingMessage.<anonymous> (D:\\git\\asocial2-srv\\src-fw\\index.ts:119:9)\nROLLBACK\nBEGIN\nPRAGMA journal_mode = WAL"]
2025-10-04T13:02:55.034Z info: SetSrvStatus terminated on exception
2025-10-04T13:06:13.316Z info: 10 operations registered
2025-10-04T13:06:13.320Z info: 8 document classes
2025-10-04T13:06:13.321Z info: SQLite  DB path= [D:\git\asocial2-srv\sqlite\testa.db3]
2025-10-04T13:06:13.321Z info: Firestore connector
2025-10-04T13:06:13.322Z info: FilesystemStorage - path:[D:\git\asocial2-srv\filestorea
2025-10-04T13:06:13.322Z info: 10 App operations registered
2025-10-04T13:06:13.333Z info: HTTP listen [8080]
2025-10-04T13:06:17.281Z info: SetSrvStatus : 2025-10-04T13:06:17.279Z
2025-10-04T13:06:17.304Z info: PRAGMA journal_mode = WAL
2025-10-04T13:06:17.306Z info: BEGIN
2025-10-04T13:06:17.307Z info: auths : 1759583177266 - ADMIN
2025-10-04T13:06:21.847Z info: INSERT INTO STATUS (st, at, txt, pk) VALUES (1.0, 1759583177279.0, 'info 1', '1') ON CONFLICT (pk) DO UPDATE SET st = excluded.st, at = excluded.at, txt = excluded.txt
2025-10-04T13:06:24.786Z info: COMMIT
2025-10-04T13:06:24.794Z info: SetSrvStatus finished
2025-10-04T13:06:32.475Z info: SetSrvStatus : 2025-10-04T13:06:32.474Z
2025-10-04T13:06:32.477Z info: PRAGMA journal_mode = WAL
2025-10-04T13:06:32.479Z info: BEGIN
2025-10-04T13:06:32.481Z info: auths : 1759583192473 - ADMIN
2025-10-04T13:06:36.721Z info: INSERT INTO STATUS (st, at, txt, pk) VALUES (2.0, 1759583192474.0, 'info 2', '1') ON CONFLICT (pk) DO UPDATE SET st = excluded.st, at = excluded.at, txt = excluded.txt
2025-10-04T13:06:38.038Z info: COMMIT
2025-10-04T13:06:38.040Z info: SetSrvStatus finished
2025-10-05T12:40:19.406Z info: 10 operations registered
2025-10-05T12:40:19.409Z info: 8 document classes
2025-10-05T12:40:19.409Z info: SQLite  DB path= [D:\git\asocial2-srv\sqlite\testa.db3]
2025-10-05T12:40:19.410Z info: Firestore connector
2025-10-05T12:40:19.410Z info: FilesystemStorage - path:[D:\git\asocial2-srv\filestorea
2025-10-05T12:40:19.411Z info: 10 App operations registered
2025-10-05T12:46:31.772Z info: 10 operations registered
2025-10-05T12:46:31.775Z info: 8 document classes
2025-10-05T12:46:31.776Z info: SQLite  DB path= [D:\git\asocial2-srv\sqlite\testa.db3]
2025-10-05T12:46:31.777Z info: Firestore connector
2025-10-05T12:46:31.777Z info: FilesystemStorage - path:[D:\git\asocial2-srv\filestorea
2025-10-05T12:46:31.778Z info: 10 App operations registered
2025-10-05T12:47:25.917Z info: 10 operations registered
2025-10-05T12:47:25.920Z info: 8 document classes
2025-10-05T12:47:25.920Z info: SQLite  DB path= [D:\git\asocial2-srv\sqlite\testa.db3]
2025-10-05T12:47:25.921Z info: Firestore connector
2025-10-05T12:47:25.922Z info: FilesystemStorage - path:[D:\git\asocial2-srv\filestorea
2025-10-05T12:47:25.922Z info: 10 App operations registered
2025-10-05T15:54:49.105Z info: 10 operations registered
2025-10-05T15:54:49.108Z info: 8 document classes
2025-10-05T15:54:49.109Z info: SQLite  DB path= [D:\git\asocial2-srv\sqlite\testa.db3]
2025-10-05T15:54:49.110Z info: Firestore connector
2025-10-05T15:54:49.110Z info: FilesystemStorage - path:[D:\git\asocial2-srv\filestorea
2025-10-05T15:54:49.111Z info: 10 App operations registered
2025-10-05T15:55:37.548Z info: 10 operations registered
2025-10-05T15:55:37.552Z info: 8 document classes
2025-10-05T15:55:37.553Z info: SQLite  DB path= [D:\git\asocial2-srv\sqlite\testa.db3]
2025-10-05T15:55:37.553Z info: Firestore connector
2025-10-05T15:55:37.554Z info: FilesystemStorage - path:[D:\git\asocial2-srv\filestorea
2025-10-05T15:55:37.555Z info: 10 App operations registered
2025-10-05T15:57:13.020Z info: 10 operations registered
2025-10-05T15:57:13.023Z info: 8 document classes
2025-10-05T15:57:13.027Z info: SQLite  DB path= [D:\git\asocial2-srv\sqlite\testa.db3]
2025-10-05T15:57:13.028Z info: Firestore connector
2025-10-05T15:57:13.029Z info: FilesystemStorage - path:[D:\git\asocial2-srv\filestorea
2025-10-05T15:57:13.030Z info: 10 App operations registered
2025-10-05T15:58:18.648Z info: 10 operations registered
2025-10-05T15:58:18.651Z info: 8 document classes
2025-10-05T15:58:18.651Z info: SQLite  DB path= [D:\git\asocial2-srv\sqlite\testa.db3]
2025-10-05T15:58:18.652Z info: Firestore connector
2025-10-05T15:58:18.652Z info: FilesystemStorage - path:[D:\git\asocial2-srv\filestorea
2025-10-05T15:58:18.653Z info: 10 App operations registered
2025-10-05T16:00:33.596Z info: 10 operations registered
2025-10-05T16:00:33.599Z info: 8 document classes
2025-10-05T16:00:33.600Z info: SQLite  DB path= [D:\git\asocial2-srv\sqlite\testa.db3]
2025-10-05T16:00:33.600Z info: Firestore connector
2025-10-05T16:00:33.601Z info: FilesystemStorage - path:[D:\git\asocial2-srv\filestorea
2025-10-05T16:00:33.601Z info: 10 App operations registered
2025-10-05T16:01:41.140Z info: 10 operations registered
2025-10-05T16:01:41.143Z info: 8 document classes
2025-10-05T16:01:41.144Z info: SQLite  DB path= [D:\git\asocial2-srv\sqlite\testa.db3]
2025-10-05T16:01:41.144Z info: Firestore connector
2025-10-05T16:01:41.145Z info: FilesystemStorage - path:[D:\git\asocial2-srv\filestorea
2025-10-05T16:01:41.146Z info: 10 App operations registered
2025-10-05T16:02:28.995Z info: 10 operations registered
2025-10-05T16:02:28.998Z info: 8 document classes
2025-10-05T16:02:28.999Z info: SQLite  DB path= [D:\git\asocial2-srv\sqlite\testa.db3]
2025-10-05T16:02:29.000Z info: Firestore connector
2025-10-05T16:02:29.000Z info: FilesystemStorage - path:[D:\git\asocial2-srv\filestorea
2025-10-05T16:02:29.001Z info: 10 App operations registered
2025-10-05T16:02:39.253Z info: PRAGMA journal_mode = WAL
2025-10-05T16:03:12.311Z info: PRAGMA journal_mode = WAL
2025-10-05T16:03:52.365Z info: 10 operations registered
2025-10-05T16:03:52.368Z info: 8 document classes
2025-10-05T16:03:52.369Z info: SQLite  DB path= [D:\git\asocial2-srv\sqlite\testa.db3]
2025-10-05T16:03:52.369Z info: Firestore connector
2025-10-05T16:03:52.370Z info: FilesystemStorage - path:[D:\git\asocial2-srv\filestorea
2025-10-05T16:03:52.371Z info: 10 App operations registered
2025-10-05T16:04:00.570Z info: PRAGMA journal_mode = WAL
2025-10-05T16:04:00.572Z info: PRAGMA journal_mode = WAL
2025-10-05T16:04:22.993Z info: SELECT * FROM ORG WHERE org = 'demo' AND pk = '1';
2025-10-05T16:08:02.288Z info: 10 operations registered
2025-10-05T16:08:02.291Z info: 8 document classes
2025-10-05T16:08:02.292Z info: SQLite  DB path= [D:\git\asocial2-srv\sqlite\testa.db3]
2025-10-05T16:08:02.293Z info: Firestore connector
2025-10-05T16:08:02.293Z info: FilesystemStorage - path:[D:\git\asocial2-srv\filestorea
2025-10-05T16:08:02.294Z info: 10 App operations registered
2025-10-05T16:08:02.377Z info: PRAGMA journal_mode = WAL
2025-10-05T16:08:02.380Z info: PRAGMA journal_mode = WAL
2025-10-05T16:08:09.390Z info: SELECT * FROM ORG WHERE org = 'demo' AND pk = '1';
2025-10-05T16:12:19.036Z info: 10 operations registered
2025-10-05T16:12:19.039Z info: 8 document classes
2025-10-05T16:12:19.040Z info: SQLite  DB path= [D:\git\asocial2-srv\sqlite\testa.db3]
2025-10-05T16:12:19.040Z info: Firestore connector
2025-10-05T16:12:19.041Z info: FilesystemStorage - path:[D:\git\asocial2-srv\filestorea
2025-10-05T16:12:19.041Z info: 10 App operations registered
2025-10-05T16:12:19.125Z info: PRAGMA journal_mode = WAL
2025-10-05T16:12:19.129Z info: PRAGMA journal_mode = WAL
2025-10-05T16:12:24.259Z info: SELECT * FROM ORG WHERE org = 'demo' AND pk = '1';
2025-10-05T16:17:08.428Z info: 10 operations registered
2025-10-05T16:17:08.431Z info: 8 document classes
2025-10-05T16:17:08.432Z info: SQLite  DB path= [D:\git\asocial2-srv\sqlite\testa.db3]
2025-10-05T16:17:08.433Z info: Firestore connector
2025-10-05T16:17:08.434Z info: FilesystemStorage - path:[D:\git\asocial2-srv\filestorea
2025-10-05T16:17:08.435Z info: 10 App operations registered
2025-10-05T16:17:08.514Z info: PRAGMA journal_mode = WAL
2025-10-05T16:17:08.518Z info: PRAGMA journal_mode = WAL
2025-10-05T16:17:13.915Z info: SELECT * FROM ORG WHERE org = 'demo' AND pk = '1';
2025-10-05T16:23:15.653Z info: 10 operations registered
2025-10-05T16:23:15.657Z info: 8 document classes
2025-10-05T16:23:15.657Z info: SQLite  DB path= [D:\git\asocial2-srv\sqlite\testa.db3]
2025-10-05T16:23:15.658Z info: Firestore connector
2025-10-05T16:23:15.658Z info: FilesystemStorage - path:[D:\git\asocial2-srv\filestorea
2025-10-05T16:23:15.659Z info: 10 App operations registered
2025-10-05T16:23:23.395Z info: PRAGMA journal_mode = WAL
2025-10-05T16:23:28.113Z info: PRAGMA journal_mode = WAL
2025-10-05T16:24:01.818Z info: 10 operations registered
2025-10-05T16:24:01.821Z info: 8 document classes
2025-10-05T16:24:01.822Z info: SQLite  DB path= [D:\git\asocial2-srv\sqlite\testa.db3]
2025-10-05T16:24:01.822Z info: Firestore connector
2025-10-05T16:24:01.823Z info: FilesystemStorage - path:[D:\git\asocial2-srv\filestorea
2025-10-05T16:24:01.823Z info: 10 App operations registered
2025-10-05T16:24:05.707Z info: PRAGMA journal_mode = WAL
2025-10-05T16:24:06.486Z info: PRAGMA journal_mode = WAL
2025-10-05T16:24:18.024Z info: SELECT * FROM ORG WHERE org = 'demo' AND pk = '1';
2025-10-05T16:27:19.482Z info: 10 operations registered
2025-10-05T16:27:19.485Z info: 8 document classes
2025-10-05T16:27:19.486Z info: SQLite  DB path= [D:\git\asocial2-srv\sqlite\testa.db3]
2025-10-05T16:27:19.486Z info: Firestore connector
2025-10-05T16:27:19.487Z info: FilesystemStorage - path:[D:\git\asocial2-srv\filestorea
2025-10-05T16:27:19.488Z info: 10 App operations registered
2025-10-07T09:47:59.417Z info: 11 operations registered
2025-10-07T09:47:59.421Z info: 8 document classes
2025-10-07T09:47:59.423Z info: SQLite  DB path= [D:\git\asocial2-srv\sqlite\testa.db3]
2025-10-07T09:47:59.423Z info: Firestore connector
2025-10-07T09:47:59.424Z info: FilesystemStorage - path:[D:\git\asocial2-srv\filestorea
2025-10-07T09:47:59.425Z info: 11 App operations registered
2025-10-07T09:47:59.434Z info: HTTP listen [8080]
2025-10-07T09:49:21.677Z info: AppExc: 1002:unknown operation["Echo"]
2025-10-07T09:49:21.679Z info: Echo terminated on exception
2025-10-07T09:51:04.592Z info: 11 operations registered
2025-10-07T09:51:04.595Z info: 8 document classes
2025-10-07T09:51:04.596Z info: SQLite  DB path= [D:\git\asocial2-srv\sqlite\testa.db3]
2025-10-07T09:51:04.597Z info: Firestore connector
2025-10-07T09:51:04.597Z info: FilesystemStorage - path:[D:\git\asocial2-srv\filestorea
2025-10-07T09:51:04.598Z info: 11 App operations registered
2025-10-07T09:51:04.611Z info: HTTP listen [8080]
2025-10-07T09:57:52.869Z info: EchoText : 2025-10-07T09:57:47.552Z
2025-10-07T09:57:52.872Z info: EchoText finished
2025-10-07T09:58:59.392Z info: GetSrvStatus : 2025-10-07T09:58:59.392Z
2025-10-07T09:58:59.558Z info: auths : 0 - 
2025-10-07T09:58:59.560Z info: GetSrvStatus finished
2025-10-07T10:02:11.696Z info: GetSrvStatus : 2025-10-07T10:02:11.695Z
2025-10-07T10:02:11.705Z info: auths : 0 - 
2025-10-07T10:03:48.087Z info: GetSrvStatus finished
2025-10-07T10:07:17.802Z info: GetSrvStatus : 2025-10-07T10:07:17.802Z
2025-10-07T10:07:17.807Z info: auths : 0 - 
2025-10-07T10:07:17.810Z info: GetSrvStatus finished
2025-10-07T10:10:10.676Z info: SetSrvStatus : 2025-10-07T10:10:10.675Z
2025-10-07T10:10:10.680Z info: auths : 1759831805137 - ADMIN
2025-10-07T10:10:10.690Z info: SetSrvStatus finished
2025-10-07T10:10:18.296Z info: GetSrvStatus : 2025-10-07T10:10:18.296Z
2025-10-07T10:10:18.300Z info: auths : 0 - 
2025-10-07T10:10:18.303Z info: GetSrvStatus finished
2025-10-07T10:10:21.188Z info: GetSrvStatus : 2025-10-07T10:10:21.188Z
2025-10-07T10:10:21.192Z info: auths : 0 - 
2025-10-07T10:10:21.194Z info: GetSrvStatus finished
2025-10-07T10:10:22.386Z info: GetSrvStatus : 2025-10-07T10:10:22.386Z
2025-10-07T10:10:22.391Z info: auths : 0 - 
2025-10-07T10:10:22.394Z info: GetSrvStatus finished
2025-10-07T10:10:30.351Z info: SetSrvStatus : 2025-10-07T10:10:30.350Z
2025-10-07T10:10:30.356Z info: auths : 1759831824143 - ADMIN
2025-10-07T10:10:30.364Z info: SetSrvStatus finished
2025-10-07T10:10:43.173Z info: SetSrvStatus : 2025-10-07T10:10:43.173Z
2025-10-07T10:10:43.178Z info: auths : 1759831843166 - ADMIN
2025-10-07T10:10:43.185Z info: SetSrvStatus finished
2025-10-07T14:59:08.748Z info: 11 operations registered
2025-10-07T14:59:08.753Z info: 8 document classes
2025-10-07T14:59:08.755Z info: SQLite  DB path= [D:\git\asocial2-srv\sqlite\testa.db3]
2025-10-07T14:59:08.756Z info: Firestore connector
2025-10-07T14:59:08.757Z info: FilesystemStorage - path:[D:\git\asocial2-srv\filestorea
2025-10-07T14:59:08.758Z info: 11 App operations registered
2025-10-07T14:59:08.777Z info: HTTP listen [8080]
2025-10-07T15:11:54.414Z info: EchoText : 2025-10-07T15:11:54.411Z
2025-10-07T15:11:54.417Z info: EchoText terminated on exception
2025-10-07T15:11:54.425Z info: AppExc: 1999:unexpected exception["KO"]
Error: KO
    at EchoText.init (D:\git\asocial2-srv\src-fw\operations.ts:25:44)
    at doOp (D:\git\asocial2-srv\src-fw\index.ts:223:8)
    at IncomingMessage.<anonymous> (D:\git\asocial2-srv\src-fw\index.ts:119:15)
    at IncomingMessage.emit (node:events:518:28)
    at endReadableNT (node:internal/streams/readable:1698:12)
    at process.processTicksAndRejections (node:internal/process/task_queues:90:21)
2025-10-07T15:13:11.132Z info: EchoText : 2025-10-07T15:13:11.130Z
2025-10-07T15:13:17.388Z info: EchoText terminated on exception
2025-10-07T15:13:26.588Z info: AppExc: 1999:unexpected exception["KO"]
Error: KO
    at EchoText.init (D:\git\asocial2-srv\src-fw\operations.ts:25:44)
    at doOp (D:\git\asocial2-srv\src-fw\index.ts:223:8)
    at IncomingMessage.<anonymous> (D:\git\asocial2-srv\src-fw\index.ts:119:15)
    at IncomingMessage.emit (node:events:518:28)
    at endReadableNT (node:internal/streams/readable:1698:12)
    at process.processTicksAndRejections (node:internal/process/task_queues:90:21)
2025-10-07T15:18:07.635Z info: EchoText : 2025-10-07T15:18:07.635Z
2025-10-07T15:18:12.759Z info: EchoText terminated on exception
2025-10-07T15:18:12.761Z info: AppExc: 1999:unexpected exception["KO"]
Error: KO
    at EchoText.init (D:\git\asocial2-srv\src-fw\operations.ts:25:44)
    at doOp (D:\git\asocial2-srv\src-fw\index.ts:223:8)
    at IncomingMessage.<anonymous> (D:\git\asocial2-srv\src-fw\index.ts:119:15)
    at IncomingMessage.emit (node:events:518:28)
    at endReadableNT (node:internal/streams/readable:1698:12)
    at process.processTicksAndRejections (node:internal/process/task_queues:90:21)
2025-10-07T15:20:03.311Z info: EchoText : 2025-10-07T15:20:03.310Z
2025-10-07T15:20:03.315Z info: EchoText terminated on exception
2025-10-07T15:20:03.318Z info: AppExc: 1999:unexpected exception["KO"]
Error: KO
    at EchoText.init (D:\git\asocial2-srv\src-fw\operations.ts:25:44)
    at doOp (D:\git\asocial2-srv\src-fw\index.ts:223:8)
    at IncomingMessage.<anonymous> (D:\git\asocial2-srv\src-fw\index.ts:119:15)
    at IncomingMessage.emit (node:events:518:28)
    at endReadableNT (node:internal/streams/readable:1698:12)
    at process.processTicksAndRejections (node:internal/process/task_queues:90:21)
2025-10-07T15:23:24.347Z info: EchoText : 2025-10-07T15:23:24.346Z
2025-10-07T15:23:24.350Z info: EchoText terminated on exception
2025-10-07T15:23:24.355Z info: AppExc: 1999:unexpected exception["KO"]
Error: KO
    at EchoText.init (D:\git\asocial2-srv\src-fw\operations.ts:25:44)
    at doOp (D:\git\asocial2-srv\src-fw\index.ts:223:8)
    at IncomingMessage.<anonymous> (D:\git\asocial2-srv\src-fw\index.ts:119:15)
    at IncomingMessage.emit (node:events:518:28)
    at endReadableNT (node:internal/streams/readable:1698:12)
    at process.processTicksAndRejections (node:internal/process/task_queues:90:21)
2025-10-07T15:55:44.650Z info: EchoText : 2025-10-07T15:55:44.649Z
2025-10-07T15:55:44.655Z info: EchoText terminated on exception
2025-10-07T15:55:44.659Z info: AppExc: 1999:unexpected exception["KO"]
Error: KO
    at EchoText.init (D:\git\asocial2-srv\src-fw\operations.ts:25:44)
    at doOp (D:\git\asocial2-srv\src-fw\index.ts:223:8)
    at IncomingMessage.<anonymous> (D:\git\asocial2-srv\src-fw\index.ts:119:15)
    at IncomingMessage.emit (node:events:518:28)
    at endReadableNT (node:internal/streams/readable:1698:12)
    at process.processTicksAndRejections (node:internal/process/task_queues:90:21)
2025-10-07T15:57:35.189Z info: EchoText : 2025-10-07T15:57:35.188Z
2025-10-07T15:57:35.193Z info: EchoText terminated on exception
2025-10-07T15:57:35.196Z info: AppExc: 1999:unexpected exception["KO"]
Error: KO
    at EchoText.init (D:\git\asocial2-srv\src-fw\operations.ts:25:44)
    at doOp (D:\git\asocial2-srv\src-fw\index.ts:223:8)
    at IncomingMessage.<anonymous> (D:\git\asocial2-srv\src-fw\index.ts:119:15)
    at IncomingMessage.emit (node:events:518:28)
    at endReadableNT (node:internal/streams/readable:1698:12)
    at process.processTicksAndRejections (node:internal/process/task_queues:90:21)
2025-10-07T15:59:58.466Z info: EchoText : 2025-10-07T15:59:58.466Z
2025-10-07T15:59:58.470Z info: EchoText terminated on exception
2025-10-07T15:59:58.473Z info: AppExc: 1999:unexpected exception["KO"]
Error: KO
    at EchoText.init (D:\git\asocial2-srv\src-fw\operations.ts:25:44)
    at doOp (D:\git\asocial2-srv\src-fw\index.ts:223:8)
    at IncomingMessage.<anonymous> (D:\git\asocial2-srv\src-fw\index.ts:119:15)
    at IncomingMessage.emit (node:events:518:28)
    at endReadableNT (node:internal/streams/readable:1698:12)
    at process.processTicksAndRejections (node:internal/process/task_queues:90:21)
2025-10-07T16:01:29.996Z info: EchoText : 2025-10-07T16:01:29.994Z
2025-10-07T16:01:29.999Z info: EchoText terminated on exception
2025-10-07T16:01:30.001Z info: AppExc: 1999:unexpected exception["KO"]
Error: KO
    at EchoText.init (D:\git\asocial2-srv\src-fw\operations.ts:25:44)
    at doOp (D:\git\asocial2-srv\src-fw\index.ts:223:8)
    at IncomingMessage.<anonymous> (D:\git\asocial2-srv\src-fw\index.ts:119:15)
    at IncomingMessage.emit (node:events:518:28)
    at endReadableNT (node:internal/streams/readable:1698:12)
    at process.processTicksAndRejections (node:internal/process/task_queues:90:21)
2025-10-07T16:07:03.645Z info: EchoText : 2025-10-07T16:07:03.644Z
2025-10-07T16:07:03.650Z info: EchoText terminated on exception
2025-10-07T16:07:03.654Z info: AppExc: 1999:unexpected exception["KO"]
Error: KO
    at EchoText.init (D:\git\asocial2-srv\src-fw\operations.ts:25:44)
    at doOp (D:\git\asocial2-srv\src-fw\index.ts:223:8)
    at IncomingMessage.<anonymous> (D:\git\asocial2-srv\src-fw\index.ts:119:15)
    at IncomingMessage.emit (node:events:518:28)
    at endReadableNT (node:internal/streams/readable:1698:12)
    at process.processTicksAndRejections (node:internal/process/task_queues:90:21)
2025-10-07T16:14:09.499Z info: EchoText : 2025-10-07T16:14:09.498Z
2025-10-07T16:14:09.503Z info: EchoText terminated on exception
2025-10-07T16:14:09.506Z info: AppExc: 1999:unexpected exception["KO"]
Error: KO
    at EchoText.init (D:\git\asocial2-srv\src-fw\operations.ts:25:44)
    at doOp (D:\git\asocial2-srv\src-fw\index.ts:223:8)
    at IncomingMessage.<anonymous> (D:\git\asocial2-srv\src-fw\index.ts:119:15)
    at IncomingMessage.emit (node:events:518:28)
    at endReadableNT (node:internal/streams/readable:1698:12)
    at process.processTicksAndRejections (node:internal/process/task_queues:90:21)
2025-10-07T16:20:03.570Z info: EchoText : 2025-10-07T16:20:03.569Z
2025-10-07T16:20:03.574Z info: EchoText terminated on exception
2025-10-07T16:20:03.577Z info: AppExc: 1999:unexpected exception["KO"]
Error: KO
    at EchoText.init (D:\git\asocial2-srv\src-fw\operations.ts:25:44)
    at doOp (D:\git\asocial2-srv\src-fw\index.ts:223:8)
    at IncomingMessage.<anonymous> (D:\git\asocial2-srv\src-fw\index.ts:119:15)
    at IncomingMessage.emit (node:events:518:28)
    at endReadableNT (node:internal/streams/readable:1698:12)
    at process.processTicksAndRejections (node:internal/process/task_queues:90:21)
2025-10-07T16:30:50.748Z info: EchoText : 2025-10-07T16:30:50.748Z
2025-10-07T16:30:50.750Z info: EchoText terminated on exception
2025-10-07T16:30:50.751Z info: AppExc: 1999:unexpected exception["KO"]
Error: KO
    at EchoText.init (D:\git\asocial2-srv\src-fw\operations.ts:25:44)
    at doOp (D:\git\asocial2-srv\src-fw\index.ts:223:8)
    at IncomingMessage.<anonymous> (D:\git\asocial2-srv\src-fw\index.ts:119:15)
    at IncomingMessage.emit (node:events:518:28)
    at endReadableNT (node:internal/streams/readable:1698:12)
    at process.processTicksAndRejections (node:internal/process/task_queues:90:21)
2025-10-07T16:39:41.681Z info: EchoText : 2025-10-07T16:39:41.681Z
2025-10-07T16:39:41.685Z info: EchoText terminated on exception
2025-10-07T16:39:48.762Z info: AppExc: 1999:unexpected exception["KO"]
Error: KO
    at EchoText.init (D:\git\asocial2-srv\src-fw\operations.ts:25:44)
    at doOp (D:\git\asocial2-srv\src-fw\index.ts:223:8)
    at IncomingMessage.<anonymous> (D:\git\asocial2-srv\src-fw\index.ts:119:15)
    at IncomingMessage.emit (node:events:518:28)
    at endReadableNT (node:internal/streams/readable:1698:12)
    at process.processTicksAndRejections (node:internal/process/task_queues:90:21)
2025-10-07T16:40:39.449Z info: EchoText : 2025-10-07T16:40:39.448Z
2025-10-07T16:40:39.453Z info: EchoText terminated on exception
2025-10-07T16:40:39.455Z info: AppExc: 1999:unexpected exception["KO"]
Error: KO
    at EchoText.init (D:\git\asocial2-srv\src-fw\operations.ts:25:44)
    at doOp (D:\git\asocial2-srv\src-fw\index.ts:223:8)
    at IncomingMessage.<anonymous> (D:\git\asocial2-srv\src-fw\index.ts:119:15)
    at IncomingMessage.emit (node:events:518:28)
    at endReadableNT (node:internal/streams/readable:1698:12)
    at process.processTicksAndRejections (node:internal/process/task_queues:90:21)
2025-10-07T17:04:42.310Z info: EchoText : 2025-10-07T17:04:42.310Z
2025-10-07T17:04:42.315Z info: EchoText terminated on exception
2025-10-07T17:04:42.318Z info: AppExc: 1999:unexpected exception["KO"]
Error: KO
    at EchoText.init (D:\git\asocial2-srv\src-fw\operations.ts:25:44)
    at doOp (D:\git\asocial2-srv\src-fw\index.ts:223:8)
    at IncomingMessage.<anonymous> (D:\git\asocial2-srv\src-fw\index.ts:119:15)
    at IncomingMessage.emit (node:events:518:28)
    at endReadableNT (node:internal/streams/readable:1698:12)
    at process.processTicksAndRejections (node:internal/process/task_queues:90:21)
2025-10-07T17:05:44.370Z info: EchoText : 2025-10-07T17:05:44.370Z
2025-10-07T17:05:44.374Z info: EchoText terminated on exception
2025-10-07T17:05:44.377Z info: AppExc: 1999:unexpected exception["KO"]
Error: KO
    at EchoText.init (D:\git\asocial2-srv\src-fw\operations.ts:25:44)
    at doOp (D:\git\asocial2-srv\src-fw\index.ts:223:8)
    at IncomingMessage.<anonymous> (D:\git\asocial2-srv\src-fw\index.ts:119:15)
    at IncomingMessage.emit (node:events:518:28)
    at endReadableNT (node:internal/streams/readable:1698:12)
    at process.processTicksAndRejections (node:internal/process/task_queues:90:21)
2025-10-08T08:32:18.384Z info: 11 operations registered
2025-10-08T08:32:18.388Z info: 8 document classes
2025-10-08T08:32:18.389Z info: SQLite  DB path= [D:\git\asocial2-srv\sqlite\testa.db3]
2025-10-08T08:32:18.390Z info: Firestore connector
2025-10-08T08:32:18.390Z info: FilesystemStorage - path:[D:\git\asocial2-srv\filestorea
2025-10-08T08:32:18.391Z info: 11 App operations registered
2025-10-08T08:32:18.403Z info: HTTP listen [8080]
2025-10-08T08:36:36.992Z info: EchoText : 2025-10-08T08:36:36.989Z
2025-10-08T08:36:36.993Z info: EchoText terminated on exception
2025-10-08T08:36:37.003Z info: AppExc: 1999:unexpected exception["KO"]
Error: KO
    at EchoText.init (D:\git\asocial2-srv\src-fw\operations.ts:25:37)
    at doOp (D:\git\asocial2-srv\src-fw\index.ts:223:8)
    at IncomingMessage.<anonymous> (D:\git\asocial2-srv\src-fw\index.ts:119:15)
    at IncomingMessage.emit (node:events:518:28)
    at endReadableNT (node:internal/streams/readable:1698:12)
    at process.processTicksAndRejections (node:internal/process/task_queues:90:21)
2025-10-08T08:37:29.101Z info: EchoText : 2025-10-08T08:37:29.100Z
2025-10-08T08:37:29.104Z info: AppExc: 1001:Fake in EchoText@EchoText:[]
2025-10-08T08:37:29.106Z info: EchoText terminated on exception
2025-10-08T08:42:21.567Z info: 11 operations registered
2025-10-08T08:42:21.570Z info: 8 document classes
2025-10-08T08:42:21.570Z info: SQLite  DB path= [D:\git\asocial2-srv\sqlite\testa.db3]
2025-10-08T08:42:21.571Z info: Firestore connector
2025-10-08T08:42:21.571Z info: FilesystemStorage - path:[D:\git\asocial2-srv\filestorea
2025-10-08T08:42:21.572Z info: 11 App operations registered
2025-10-08T08:42:21.581Z info: HTTP listen [8080]
2025-10-08T08:42:54.017Z info: EchoText : 2025-10-08T08:42:54.014Z
2025-10-08T08:42:54.019Z info: EchoText terminated on exception
2025-10-08T08:42:54.027Z error: AppExc: 3001:unexpected exception["KO"]
2025-10-08T08:47:08.511Z info: EchoText : 2025-10-08T08:47:08.510Z
2025-10-08T08:47:08.514Z info: AppExc: 1001:Fake in EchoText@EchoText:[]
2025-10-08T08:47:08.515Z info: EchoText terminated on exception
2025-10-08T08:47:22.799Z info: EchoText : 2025-10-08T08:47:22.798Z
2025-10-08T08:47:22.803Z info: EchoText terminated on exception
2025-10-08T08:47:22.806Z error: AppExc: 3001:unexpected exception["KO"]
2025-10-08T08:54:27.369Z info: EchoText : 2025-10-08T08:54:27.368Z
2025-10-08T08:54:27.373Z info: AppExc: 1001:Fake in EchoText@EchoText:[]
2025-10-08T08:54:27.375Z info: EchoText terminated on exception
2025-10-08T09:51:52.372Z info: EchoText : 2025-10-08T09:51:52.371Z
2025-10-08T09:51:52.376Z info: EchoText finished
2025-10-08T09:51:55.738Z info: GetSrvStatus : 2025-10-08T09:51:55.737Z
2025-10-08T09:51:55.938Z info: auths : 0 - 
2025-10-08T09:51:55.940Z info: GetSrvStatus finished
2025-10-08T09:51:58.753Z info: SetSrvStatus : 2025-10-08T09:51:58.752Z
2025-10-08T09:51:58.757Z info: auths : 1759917118747 - ADMIN
2025-10-08T09:51:58.763Z info: SetSrvStatus finished
2025-10-08T09:52:00.166Z info: SetSrvStatus : 2025-10-08T09:52:00.166Z
2025-10-08T09:52:00.171Z info: auths : 1759917120163 - ADMIN
2025-10-08T09:52:00.177Z info: SetSrvStatus finished
2025-10-08T09:52:09.098Z info: EchoText : 2025-10-08T09:52:09.097Z
2025-10-08T09:52:09.102Z info: EchoText terminated on exception
2025-10-08T09:52:09.109Z error: AppExc: 3001:unexpected exception["KO"]
2025-10-08T09:52:27.482Z info: EchoText : 2025-10-08T09:52:27.481Z
2025-10-08T09:52:27.487Z info: AppExc: 1001:Fake in EchoText@EchoText:[]
2025-10-08T09:52:27.489Z info: EchoText terminated on exception
2025-10-08T11:36:36.503Z info: GetSrvStatus : 2025-10-08T11:36:36.502Z
2025-10-08T11:36:36.514Z info: auths : 0 - 
2025-10-08T11:36:36.516Z info: GetSrvStatus finished
2025-10-08T11:36:38.624Z info: SetSrvStatus : 2025-10-08T11:36:38.623Z
2025-10-08T11:36:38.629Z info: auths : 1759923398627 - ADMIN
2025-10-08T11:36:38.635Z info: SetSrvStatus finished
2025-10-08T11:36:40.363Z info: SetSrvStatus : 2025-10-08T11:36:40.363Z
2025-10-08T11:36:40.367Z info: auths : 1759923400369 - ADMIN
2025-10-08T11:36:40.374Z info: SetSrvStatus finished
2025-10-08T11:55:57.970Z info: EchoText : 2025-10-08T11:55:57.969Z
2025-10-08T11:56:23.161Z info: EchoText finished
2025-10-08T11:58:31.720Z info: EchoText : 2025-10-08T11:58:31.719Z
2025-10-08T11:58:59.941Z info: EchoText finished
2025-10-08T12:01:18.457Z info: EchoText : 2025-10-08T12:01:18.457Z
2025-10-08T12:01:48.818Z info: EchoText finished
2025-10-08T12:01:57.970Z info: EchoText : 2025-10-08T12:01:57.970Z
2025-10-08T12:02:14.612Z info: EchoText finished
2025-10-11T09:17:32.167Z info: 11 operations registered
2025-10-11T09:17:32.170Z info: 8 document classes
2025-10-11T09:17:32.171Z info: SQLite  DB path= [D:\git\asocial2-srv\sqlite\testa.db3]
2025-10-11T09:17:32.172Z info: Firestore connector
2025-10-11T09:17:32.172Z info: SQLite  DB path= [D:\git\asocial2-srv\sqlite\testa.db3]
2025-10-11T09:17:32.173Z info: FilesystemStorage - path:[D:\git\asocial2-srv\filestorea
2025-10-11T09:17:32.173Z info: 11 App operations registered
2025-10-11T09:17:54.108Z info: 11 operations registered
2025-10-11T09:17:54.111Z info: 8 document classes
2025-10-11T09:17:54.112Z info: SQLite  DB path= [D:\git\asocial2-srv\sqlite\testa.db3]
2025-10-11T09:17:54.112Z info: Firestore connector
2025-10-11T09:17:54.112Z info: SQLite  DB path= [D:\git\asocial2-srv\sqlite\testa.db3]
2025-10-11T09:17:54.113Z info: FilesystemStorage - path:[D:\git\asocial2-srv\filestorea
2025-10-11T09:17:54.113Z info: 11 App operations registered
2025-10-11T09:59:52.286Z info: 11 operations registered
2025-10-11T09:59:52.289Z info: 8 document classes
2025-10-11T09:59:52.290Z info: SQLite  DB path= [D:\git\asocial2-srv\sqlite\testa.db3]
2025-10-11T09:59:52.290Z info: Firestore connector
2025-10-11T09:59:52.291Z info: SQLite  DB path= [D:\git\asocial2-srv\sqlite\testa.db3]
2025-10-11T09:59:52.292Z info: FilesystemStorage - path:[D:\git\asocial2-srv\filestorea
2025-10-11T09:59:52.292Z info: 11 App operations registered
2025-10-11T09:59:52.301Z info: HTTP listen [8080]
2025-10-11T10:13:13.998Z info: 11 operations registered
2025-10-11T10:13:14.001Z info: 8 document classes
2025-10-11T10:13:14.002Z info: SQLite  DB path= [D:\git\asocial2-srv\sqlite\testa.db3]
2025-10-11T10:13:14.002Z info: Firestore connector
2025-10-11T10:13:14.003Z info: SQLite  DB path= [D:\git\asocial2-srv\sqlite\testa.db3]
2025-10-11T10:13:14.003Z info: FilesystemStorage - path:[D:\git\asocial2-srv\filestorea
2025-10-11T10:13:14.004Z info: 11 App operations registered
2025-10-11T10:13:14.015Z info: HTTP listen [8080]
2025-10-11T10:21:27.585Z info: 11 operations registered
2025-10-11T10:21:27.588Z info: 8 document classes
2025-10-11T10:21:27.588Z info: SQLite  DB path= [D:\git\asocial2-srv\sqlite\testa.db3]
2025-10-11T10:21:27.589Z info: Firestore connector
2025-10-11T10:21:27.589Z info: SQLite  DB path= [D:\git\asocial2-srv\sqlite\testa.db3]
2025-10-11T10:21:27.590Z info: FilesystemStorage - path:[D:\git\asocial2-srv\filestorea
2025-10-11T10:21:27.590Z info: 11 App operations registered
2025-10-11T10:21:27.600Z info: HTTP listen [8080]
2025-10-11T10:33:21.160Z info: GetSrvStatus : 2025-10-11T10:33:21.158Z
2025-10-11T10:33:21.164Z info: auths : 0 - 
2025-10-11T10:33:21.166Z info: GetSrvStatus finished
2025-10-11T10:33:25.125Z info: SetSrvStatus : 2025-10-11T10:33:25.122Z
2025-10-11T10:33:25.129Z info: auths : 1760178805112 - ADMIN
2025-10-11T10:33:25.134Z info: SetSrvStatus finished
2025-10-11T10:33:26.855Z info: SetSrvStatus : 2025-10-11T10:33:26.855Z
2025-10-11T10:33:26.858Z info: auths : 1760178806846 - ADMIN
2025-10-11T10:33:26.859Z info: SetSrvStatus finished
2025-10-11T10:33:29.083Z info: GetSrvStatus : 2025-10-11T10:33:29.083Z
2025-10-11T10:33:29.087Z info: auths : 0 - 
2025-10-11T10:33:29.089Z info: GetSrvStatus finished
2025-10-11T10:37:05.666Z info: GetSrvStatus : 2025-10-11T10:37:05.666Z
2025-10-11T10:37:05.670Z info: auths : 0 - 
2025-10-11T10:37:05.672Z info: GetSrvStatus finished
2025-10-11T10:39:55.226Z info: EchoText : 2025-10-11T10:39:55.225Z
2025-10-11T10:39:55.228Z info: EchoText finished
2025-12-03T10:16:49.611Z info: 9 operations registered
2025-12-03T10:16:49.615Z info: 8 document classes
2025-12-03T10:16:49.616Z info: SQLite  DB path= [D:\git\asocial2-srv\sqlite\testa.db3]
2025-12-03T10:16:49.617Z info: Firestore connector
2025-12-03T10:16:49.617Z info: SQLite  DB path= [D:\git\asocial2-srv\sqlite\testa.db3]
2025-12-03T10:16:49.618Z info: FilesystemStorage - path:[D:\git\asocial2-srv\filestorea
2025-12-03T10:16:49.619Z info: 9 App operations registered
2025-12-03T10:16:49.726Z info: HTTP listen [8080]
2025-12-03T10:29:26.037Z info: TestAuth : 2025-12-03T10:29:26.033Z
2025-12-03T10:29:43.381Z info: auths : 1764757658429 - ADMIN TOTO
2025-12-03T10:30:12.395Z info: TestAuth finished
2025-12-03T10:33:20.326Z info: TestAuth : 2025-12-03T10:33:20.325Z
2025-12-03T10:33:24.647Z info: auths : 1764757993167 - ADMIN TOTO
2025-12-03T10:33:24.649Z info: TestAuth finished
2025-12-16T16:32:55.770Z info: 9 operations registered
2025-12-16T16:32:55.774Z info: 8 document classes
2025-12-16T16:32:55.774Z info: SQLite  DB path= [D:\git\asocial2-srv\sqlite\testa.db3]
2025-12-16T16:32:55.775Z info: Firestore connector
2025-12-16T16:32:55.776Z info: SQLite  DB path= [D:\git\asocial2-srv\sqlite\testa.db3]
2025-12-16T16:32:55.776Z info: FilesystemStorage - path:[D:\git\asocial2-srv\filestorea
2025-12-16T16:32:55.777Z info: 9 App operations registered
2025-12-16T16:34:39.065Z info: 9 operations registered
2025-12-16T16:34:39.069Z info: 8 document classes
2025-12-16T16:34:39.070Z info: SQLite  DB path= [D:\git\asocial2-srv\sqlite\testa.db3]
2025-12-16T16:34:39.070Z info: Firestore connector
2025-12-16T16:34:39.071Z info: SQLite  DB path= [D:\git\asocial2-srv\sqlite\testa.db3]
2025-12-16T16:34:39.071Z info: FilesystemStorage - path:[D:\git\asocial2-srv\filestorea
2025-12-16T16:34:39.072Z info: 9 App operations registered
2025-12-16T16:38:08.556Z info: 9 operations registered
2025-12-16T16:38:08.559Z info: 8 document classes
2025-12-16T16:38:08.560Z info: SQLite  DB path= [D:\git\asocial2-srv\sqlite\testa.db3]
2025-12-16T16:38:08.561Z info: Firestore connector
2025-12-16T16:38:08.561Z info: SQLite  DB path= [D:\git\asocial2-srv\sqlite\testa.db3]
2025-12-16T16:38:08.562Z info: FilesystemStorage - path:[D:\git\asocial2-srv\filestorea
2025-12-16T16:38:08.562Z info: 9 App operations registered
2025-12-16T16:38:08.575Z info: HTTP listen [8080]
2025-12-17T09:29:40.051Z info: 9 operations registered
2025-12-17T09:29:40.054Z info: 8 document classes
2025-12-17T09:29:40.056Z info: SQLite  DB path= [D:\git\asocial2-srv\sqlite\testa.db3]
2025-12-17T09:29:40.056Z info: Firestore connector
2025-12-17T09:29:40.057Z info: SQLite  DB path= [D:\git\asocial2-srv\sqlite\testa.db3]
2025-12-17T09:29:40.057Z info: FilesystemStorage - path:[D:\git\asocial2-srv\filestorea
2025-12-17T09:29:40.058Z info: 9 App operations registered
2025-12-17T10:13:50.310Z info: 9 operations registered
2025-12-17T10:13:50.313Z info: 8 document classes
2025-12-17T10:13:50.313Z info: SQLite  DB path= [D:\git\asocial2-srv\sqlite\testa.db3]
2025-12-17T10:13:50.314Z info: Firestore connector
2025-12-17T10:13:50.314Z info: SQLite  DB path= [D:\git\asocial2-srv\sqlite\testa.db3]
2025-12-17T10:13:50.315Z info: FilesystemStorage - path:[D:\git\asocial2-srv\filestorea
2025-12-17T10:13:50.315Z info: 9 App operations registered
2025-12-17T10:13:50.325Z info: HTTP listen [8080]
2025-12-17T10:35:38.358Z info: 9 operations registered
2025-12-17T10:35:38.361Z info: 8 document classes
2025-12-17T10:35:38.362Z info: SQLite  DB path= [D:\git\asocial2-srv\sqlite\testa.db3]
2025-12-17T10:35:38.362Z info: Firestore connector
2025-12-17T10:35:38.363Z info: SQLite  DB path= [D:\git\asocial2-srv\sqlite\testa.db3]
2025-12-17T10:35:38.364Z info: FilesystemStorage - path:[D:\git\asocial2-srv\filestorea
2025-12-17T10:35:38.364Z info: 9 App operations registered
2025-12-17T10:35:38.374Z info: HTTP listen [8080]
2025-12-17T10:38:15.163Z info: 9 operations registered
2025-12-17T10:38:15.166Z info: 8 document classes
2025-12-17T10:38:15.167Z info: SQLite  DB path= [D:\git\asocial2-srv\sqlite\testa.db3]
2025-12-17T10:38:15.167Z info: Firestore connector
2025-12-17T10:38:15.168Z info: SQLite  DB path= [D:\git\asocial2-srv\sqlite\testa.db3]
2025-12-17T10:38:15.168Z info: FilesystemStorage - path:[D:\git\asocial2-srv\filestorea
2025-12-17T10:38:15.169Z info: 9 App operations registered
2025-12-17T10:38:15.179Z info: HTTP listen [8080]
2025-12-17T10:38:41.521Z info: $CreateSafe terminated on exception
2025-12-17T10:38:41.529Z error: AppExc: 3001:unexpected exception["op.disconnect is not a function"]
2025-12-17T10:41:22.131Z info: 9 operations registered
2025-12-17T10:41:22.135Z info: 8 document classes
2025-12-17T10:41:22.136Z info: SQLite  DB path= [D:\git\asocial2-srv\sqlite\testa.db3]
2025-12-17T10:41:22.137Z info: Firestore connector
2025-12-17T10:41:22.137Z info: SQLite  DB path= [D:\git\asocial2-srv\sqlite\testa.db3]
2025-12-17T10:41:22.138Z info: FilesystemStorage - path:[D:\git\asocial2-srv\filestorea
2025-12-17T10:41:22.138Z info: 9 App operations registered
2025-12-17T10:41:22.147Z info: HTTP listen [8080]
2025-12-17T10:43:39.127Z info: 9 operations registered
2025-12-17T10:43:39.130Z info: 8 document classes
2025-12-17T10:43:39.131Z info: SQLite  DB path= [D:\git\asocial2-srv\sqlite\testa.db3]
2025-12-17T10:43:39.131Z info: Firestore connector
2025-12-17T10:43:39.132Z info: SQLite  DB path= [D:\git\asocial2-srv\sqlite\testa.db3]
2025-12-17T10:43:39.133Z info: FilesystemStorage - path:[D:\git\asocial2-srv\filestorea
2025-12-17T10:43:39.133Z info: 9 App operations registered
2025-12-17T10:43:39.142Z info: HTTP listen [8080]
2025-12-17T10:44:18.874Z info: $CreateSafe finished
2025-12-17T10:58:30.023Z info: 9 operations registered
2025-12-17T10:58:30.026Z info: 8 document classes
2025-12-17T10:58:30.027Z info: SQLite  DB path= [D:\git\asocial2-srv\sqlite\testa.db3]
2025-12-17T10:58:30.028Z info: Firestore connector
2025-12-17T10:58:30.028Z info: SQLite  DB path= [D:\git\asocial2-srv\sqlite\testa.db3]
2025-12-17T10:58:30.029Z info: FilesystemStorage - path:[D:\git\asocial2-srv\filestorea
2025-12-17T10:58:30.029Z info: 9 App operations registered
2025-12-17T10:58:30.039Z info: HTTP listen [8080]
2025-12-17T11:00:01.278Z info: $CreateSafe finished
2025-12-17T11:03:01.774Z info: $CreateSafe finished
2025-12-17T11:07:01.701Z info: $CreateSafe finished
2025-12-17T11:10:03.587Z info: $CreateSafe finished
2025-12-17T14:25:58.590Z info: 9 operations registered
2025-12-17T14:25:58.593Z info: 8 document classes
2025-12-17T14:25:58.594Z info: SQLite  DB path= [D:\git\asocial2-srv\sqlite\testa.db3]
2025-12-17T14:25:58.594Z info: Firestore connector
2025-12-17T14:25:58.595Z info: SQLite  DB path= [D:\git\asocial2-srv\sqlite\testa.db3]
2025-12-17T14:25:58.595Z info: FilesystemStorage - path:[D:\git\asocial2-srv\filestorea
2025-12-17T14:25:58.596Z info: 9 App operations registered
2025-12-17T14:25:58.605Z info: HTTP listen [8080]
2025-12-17T14:27:14.631Z info: $CreateSafe finished
2025-12-17T14:29:07.412Z info: $OpenSafeByP0 finished
2025-12-17T14:31:58.692Z info: $OpenSafeByP0 finished
2025-12-17T14:40:40.059Z info: 9 operations registered
2025-12-17T14:40:40.062Z info: 8 document classes
2025-12-17T14:40:40.063Z info: SQLite  DB path= [D:\git\asocial2-srv\sqlite\testa.db3]
2025-12-17T14:40:40.063Z info: Firestore connector
2025-12-17T14:40:40.064Z info: SQLite  DB path= [D:\git\asocial2-srv\sqlite\testa.db3]
2025-12-17T14:40:40.065Z info: FilesystemStorage - path:[D:\git\asocial2-srv\filestorea
2025-12-17T14:40:40.065Z info: 9 App operations registered
2025-12-17T14:40:40.075Z info: HTTP listen [8080]
2025-12-17T14:41:52.021Z info: $OpenSafeByP0 terminated on exception
2025-12-17T14:41:52.033Z error: AppExc: 3001:unexpected exception["The first argument must be of type string or an instance of Buffer, ArrayBuffer, or Array or an Array-like Object. Received undefined"]
2025-12-17T14:44:45.029Z info: $OpenSafeByP0 terminated on exception
2025-12-17T14:44:45.032Z error: AppExc: 3001:unexpected exception["The first argument must be of type string or an instance of Buffer, ArrayBuffer, or Array or an Array-like Object. Received undefined"]
2025-12-17T14:45:33.502Z info: $OpenSafeByP0 finished
2025-12-17T14:50:07.145Z info: $OpenSafeByP0 finished
2025-12-17T14:50:49.469Z info: $OpenSafeByP0 finished
2025-12-17T14:52:17.506Z info: $OpenSafeByP0 finished
2025-12-17T14:53:30.301Z info: $OpenSafeByP0 finished
2025-12-18T12:18:44.980Z info: 9 operations registered
2025-12-18T12:18:44.983Z info: 8 document classes
2025-12-18T12:18:44.984Z info: SQLite  DB path= [D:\git\asocial2-srv\sqlite\testa.db3]
2025-12-18T12:18:44.984Z info: Firestore connector
2025-12-18T12:18:44.985Z info: SQLite  DB path= [D:\git\asocial2-srv\sqlite\testa.db3]
2025-12-18T12:18:44.986Z info: FilesystemStorage - path:[D:\git\asocial2-srv\filestorea
2025-12-18T12:18:44.986Z info: 9 App operations registered
2025-12-18T12:18:44.996Z info: HTTP listen [8080]
2025-12-18T12:23:34.129Z info: $OpenSafeByPR finished
2025-12-18T12:24:56.055Z info: $OpenSafeByPR finished
2025-12-18T12:27:42.754Z info: $OpenSafeByPR finished
2025-12-18T12:32:59.704Z info: $OpenSafeByPR finished
2025-12-18T12:35:57.397Z info: $OpenSafeByPR finished
2025-12-18T12:36:44.659Z info: $OpenSafeByPR finished
2025-12-18T12:40:42.318Z info: $OpenSafeByPR finished
2025-12-18T12:43:35.981Z info: $OpenSafeByPR finished
2025-12-18T12:45:40.084Z info: $OpenSafeByPR finished
2025-12-18T12:52:12.121Z info: $OpenSafeByPR finished
2025-12-18T12:59:53.886Z info: $OpenSafeByPR finished
2025-12-18T13:12:54.155Z info: $OpenSafeByPR finished
2025-12-18T13:16:34.353Z info: $UpdCodesSafe terminated on exception
2025-12-18T13:16:34.357Z error: AppExc: 3001:unexpected exception["no such column: p0"]
2025-12-18T13:19:00.835Z info: 9 operations registered
2025-12-18T13:19:00.839Z info: 8 document classes
2025-12-18T13:19:00.840Z info: SQLite  DB path= [D:\git\asocial2-srv\sqlite\testa.db3]
2025-12-18T13:19:00.841Z info: Firestore connector
2025-12-18T13:19:00.842Z info: SQLite  DB path= [D:\git\asocial2-srv\sqlite\testa.db3]
2025-12-18T13:19:00.843Z info: FilesystemStorage - path:[D:\git\asocial2-srv\filestorea
2025-12-18T13:19:00.844Z info: 9 App operations registered
2025-12-18T13:19:00.858Z info: HTTP listen [8080]
2025-12-18T13:20:00.473Z info: $UpdCodesSafe terminated on exception
2025-12-18T13:20:00.478Z error: AppExc: 3001:unexpected exception["Unsupported state or unable to authenticate data"]
2025-12-18T13:21:22.158Z info: 9 operations registered
2025-12-18T13:21:22.164Z info: 8 document classes
2025-12-18T13:21:22.165Z info: SQLite  DB path= [D:\git\asocial2-srv\sqlite\testa.db3]
2025-12-18T13:21:22.167Z info: Firestore connector
2025-12-18T13:21:22.168Z info: SQLite  DB path= [D:\git\asocial2-srv\sqlite\testa.db3]
2025-12-18T13:21:22.170Z info: FilesystemStorage - path:[D:\git\asocial2-srv\filestorea
2025-12-18T13:21:22.171Z info: 9 App operations registered
2025-12-18T13:21:22.182Z info: HTTP listen [8080]
2025-12-18T13:25:15.811Z info: $UpdCodesSafe terminated on exception
2025-12-18T13:25:15.814Z error: AppExc: 3001:unexpected exception["Missing named parameter \"hro\""]
2025-12-18T13:25:53.254Z info: 9 operations registered
2025-12-18T13:25:53.257Z info: 8 document classes
2025-12-18T13:25:53.258Z info: SQLite  DB path= [D:\git\asocial2-srv\sqlite\testa.db3]
2025-12-18T13:25:53.258Z info: Firestore connector
2025-12-18T13:25:53.259Z info: SQLite  DB path= [D:\git\asocial2-srv\sqlite\testa.db3]
2025-12-18T13:25:53.260Z info: FilesystemStorage - path:[D:\git\asocial2-srv\filestorea
2025-12-18T13:25:53.260Z info: 9 App operations registered
2025-12-18T13:25:53.271Z info: HTTP listen [8080]
2025-12-18T13:26:52.288Z info: $UpdCodesSafe finished
2025-12-18T13:28:07.271Z info: $OpenSafeByPR finished
2025-12-18T13:28:41.071Z info: $OpenSafeByPR finished
2025-12-18T13:29:17.093Z info: $OpenSafeByPR finished
2025-12-18T13:29:41.541Z info: $OpenSafeByPR finished
2025-12-18T13:30:00.338Z info: $OpenSafeByPR finished
2025-12-18T13:34:02.323Z info: 9 operations registered
2025-12-18T13:34:02.326Z info: 8 document classes
2025-12-18T13:34:02.327Z info: SQLite  DB path= [D:\git\asocial2-srv\sqlite\testa.db3]
2025-12-18T13:34:02.327Z info: Firestore connector
2025-12-18T13:34:02.328Z info: SQLite  DB path= [D:\git\asocial2-srv\sqlite\testa.db3]
2025-12-18T13:34:02.328Z info: FilesystemStorage - path:[D:\git\asocial2-srv\filestorea
2025-12-18T13:34:02.329Z info: 9 App operations registered
2025-12-18T13:34:02.337Z info: HTTP listen [8080]
2025-12-18T13:35:46.072Z info: $CreateSafe finished
2025-12-18T13:39:10.667Z info: 9 operations registered
2025-12-18T13:39:10.670Z info: 8 document classes
2025-12-18T13:39:10.671Z info: SQLite  DB path= [D:\git\asocial2-srv\sqlite\testa.db3]
2025-12-18T13:39:10.672Z info: Firestore connector
2025-12-18T13:39:10.672Z info: SQLite  DB path= [D:\git\asocial2-srv\sqlite\testa.db3]
2025-12-18T13:39:10.673Z info: FilesystemStorage - path:[D:\git\asocial2-srv\filestorea
2025-12-18T13:39:10.674Z info: 9 App operations registered
2025-12-18T13:39:10.730Z info: HTTP listen [8080]
2025-12-18T13:40:55.276Z info: $CreateSafe finished
2025-12-18T13:46:45.142Z info: $UpdCodesSafe finished
2025-12-18T13:47:30.445Z info: $OpenSafeByPR finished
2025-12-19T14:08:44.916Z info: 9 operations registered
2025-12-19T14:08:44.918Z info: 8 document classes
2025-12-19T14:08:44.919Z info: SQLite  DB path= [/home/daniel/git/asocial2-srv/sqlite/testa.db3]
2025-12-19T14:08:44.920Z info: Firestore connector
2025-12-19T14:08:44.921Z info: SQLite  DB path= [/home/daniel/git/asocial2-srv/sqlite/testa.db3]
2025-12-19T14:08:44.921Z info: FilesystemStorage - path:[/home/daniel/git/asocial2-srv/filestorea
2025-12-19T14:08:44.922Z info: 9 App operations registered
2025-12-19T14:10:42.579Z info: 9 operations registered
2025-12-19T14:10:42.583Z info: 8 document classes
2025-12-19T14:10:42.584Z info: SQLite  DB path= [/home/daniel/git/asocial2-srv/sqlite/testa.db3]
2025-12-19T14:10:42.585Z info: Firestore connector
2025-12-19T14:10:42.586Z info: SQLite  DB path= [/home/daniel/git/asocial2-srv/sqlite/testa.db3]
2025-12-19T14:10:42.587Z info: FilesystemStorage - path:[/home/daniel/git/asocial2-srv/filestorea
2025-12-19T14:10:42.588Z info: 9 App operations registered
2025-12-19T14:11:08.347Z info: 9 operations registered
2025-12-19T14:11:08.350Z info: 8 document classes
2025-12-19T14:11:08.352Z info: SQLite  DB path= [/home/daniel/git/asocial2-srv/sqlite/testa.db3]
2025-12-19T14:11:08.352Z info: Firestore connector
2025-12-19T14:11:08.353Z info: SQLite  DB path= [/home/daniel/git/asocial2-srv/sqlite/testa.db3]
2025-12-19T14:11:08.354Z info: FilesystemStorage - path:[/home/daniel/git/asocial2-srv/filestorea
2025-12-19T14:11:08.355Z info: 9 App operations registered
2025-12-19T14:12:48.046Z info: 9 operations registered
2025-12-19T14:12:48.049Z info: 8 document classes
2025-12-19T14:12:48.050Z info: SQLite  DB path= [/home/daniel/git/asocial2-srv/sqlite/testa.db3]
2025-12-19T14:12:48.051Z info: Firestore connector
2025-12-19T14:12:48.051Z info: SQLite  DB path= [/home/daniel/git/asocial2-srv/sqlite/testa.db3]
2025-12-19T14:12:48.052Z info: FilesystemStorage - path:[/home/daniel/git/asocial2-srv/filestorea
2025-12-19T14:12:48.054Z info: 9 App operations registered
2025-12-19T14:12:48.068Z info: HTTP listen [8080]
2025-12-19T14:18:40.877Z info: $CreateSafe finished
2025-12-20T11:44:33.298Z info: 9 operations registered
2025-12-20T11:44:33.302Z info: 8 document classes
2025-12-20T11:44:33.304Z info: SQLite  DB path= [/home/daniel/git/asocial2-srv/sqlite/testa.db3]
2025-12-20T11:44:33.305Z info: Firestore connector
2025-12-20T11:44:33.305Z info: SQLite  DB path= [/home/daniel/git/asocial2-srv/sqlite/testa.db3]
2025-12-20T11:44:33.307Z info: FilesystemStorage - path:[/home/daniel/git/asocial2-srv/filestorea
2025-12-20T11:44:33.308Z info: 9 App operations registered
2025-12-20T11:44:33.325Z info: HTTP listen [8080]
2025-12-20T11:45:37.491Z info: $OpenSafeByPR finished
2025-12-20T12:35:24.641Z info: $OpenSafeByPR finished
2025-12-20T12:40:36.622Z info: 9 operations registered
2025-12-20T12:40:36.625Z info: 8 document classes
2025-12-20T12:40:36.626Z info: SQLite  DB path= [/home/daniel/git/asocial2-srv/sqlite/testa.db3]
2025-12-20T12:40:36.627Z info: Firestore connector
2025-12-20T12:40:36.628Z info: SQLite  DB path= [/home/daniel/git/asocial2-srv/sqlite/testa.db3]
2025-12-20T12:40:36.629Z info: FilesystemStorage - path:[/home/daniel/git/asocial2-srv/filestorea
2025-12-20T12:40:36.630Z info: 9 App operations registered
2025-12-20T12:40:36.643Z info: HTTP listen [8080]
2025-12-20T12:48:53.201Z info: 9 operations registered
2025-12-20T12:48:53.205Z info: 8 document classes
2025-12-20T12:48:53.206Z info: SQLite  DB path= [/home/daniel/git/asocial2-srv/sqlite/testa.db3]
2025-12-20T12:48:53.207Z info: Firestore connector
2025-12-20T12:48:53.208Z info: SQLite  DB path= [/home/daniel/git/asocial2-srv/sqlite/testa.db3]
2025-12-20T12:48:53.209Z info: FilesystemStorage - path:[/home/daniel/git/asocial2-srv/filestorea
2025-12-20T12:48:53.211Z info: 9 App operations registered
2025-12-20T12:48:53.224Z info: HTTP listen [8080]
2025-12-20T12:48:57.788Z info: $OpenSafeByPR finished
2025-12-20T12:51:46.192Z info: $TrustDevice finished
2025-12-20T14:07:07.008Z info: 9 operations registered
2025-12-20T14:07:07.012Z info: 8 document classes
2025-12-20T14:07:07.013Z info: SQLite  DB path= [/home/daniel/git/asocial2-srv/sqlite/testa.db3]
2025-12-20T14:07:07.014Z info: Firestore connector
2025-12-20T14:07:07.015Z info: SQLite  DB path= [/home/daniel/git/asocial2-srv/sqlite/testa.db3]
2025-12-20T14:07:07.016Z info: FilesystemStorage - path:[/home/daniel/git/asocial2-srv/filestorea
2025-12-20T14:07:07.017Z info: 9 App operations registered
2025-12-20T14:07:07.033Z info: HTTP listen [8080]
2025-12-20T14:09:28.164Z info: 9 operations registered
2025-12-20T14:09:28.168Z info: 8 document classes
2025-12-20T14:09:28.169Z info: SQLite  DB path= [/home/daniel/git/asocial2-srv/sqlite/testa.db3]
2025-12-20T14:09:28.170Z info: Firestore connector
2025-12-20T14:09:28.171Z info: SQLite  DB path= [/home/daniel/git/asocial2-srv/sqlite/testa.db3]
2025-12-20T14:09:28.172Z info: FilesystemStorage - path:[/home/daniel/git/asocial2-srv/filestorea
2025-12-20T14:09:28.173Z info: 9 App operations registered
2025-12-20T14:09:28.187Z info: HTTP listen [8080]
2025-12-20T14:11:02.911Z info: $OpenSafeByPin finished
2025-12-20T14:18:08.939Z info: $OpenSafeByPR finished
2025-12-20T14:20:26.790Z info: $TrustDevice finished
2025-12-20T14:23:31.823Z info: $OpenSafeByPin finished
2025-12-20T14:25:16.153Z info: $OpenSafeByPin finished
2025-12-20T14:31:07.207Z info: $OpenSafeByPin finished
2025-12-20T14:32:26.574Z info: $OpenSafeByPR finished
2025-12-20T14:34:22.188Z info: $TrustDevice finished
2025-12-20T14:36:16.185Z info: $OpenSafeByPin finished
2025-12-20T14:37:39.619Z info: $OpenSafeById terminated on exception
2025-12-20T14:37:39.624Z error: AppExc: 3001:unexpected exception["The first argument must be of type string or an instance of Buffer, ArrayBuffer, or Array or an Array-like Object. Received undefined"]
2025-12-20T14:39:58.823Z info: 9 operations registered
2025-12-20T14:39:58.835Z info: 8 document classes
2025-12-20T14:39:58.839Z info: SQLite  DB path= [/home/daniel/git/asocial2-srv/sqlite/testa.db3]
2025-12-20T14:39:58.842Z info: Firestore connector
2025-12-20T14:39:58.844Z info: SQLite  DB path= [/home/daniel/git/asocial2-srv/sqlite/testa.db3]
2025-12-20T14:39:58.848Z info: FilesystemStorage - path:[/home/daniel/git/asocial2-srv/filestorea
2025-12-20T14:39:58.852Z info: 9 App operations registered
2025-12-20T14:39:58.878Z info: HTTP listen [8080]
2025-12-20T14:40:52.254Z info: $OpenSafeByPin finished
2025-12-20T14:41:16.266Z info: $OpenSafeById finished
2025-12-20T14:43:51.911Z info: 9 operations registered
2025-12-20T14:43:51.914Z info: 8 document classes
2025-12-20T14:43:51.915Z info: SQLite  DB path= [/home/daniel/git/asocial2-srv/sqlite/testa.db3]
2025-12-20T14:43:51.916Z info: Firestore connector
2025-12-20T14:43:51.917Z info: SQLite  DB path= [/home/daniel/git/asocial2-srv/sqlite/testa.db3]
2025-12-20T14:43:51.920Z info: FilesystemStorage - path:[/home/daniel/git/asocial2-srv/filestorea
2025-12-20T14:43:51.923Z info: 9 App operations registered
2025-12-20T14:43:51.943Z info: HTTP listen [8080]
2025-12-20T14:44:52.560Z info: $OpenSafeByPin finished
2025-12-20T14:45:07.964Z info: $OpenSafeById finished
2025-12-20T14:46:26.280Z info: $OpenSafeByPin finished
2025-12-20T14:46:30.745Z info: $OpenSafeById finished
2025-12-20T15:08:05.859Z info: 9 operations registered
2025-12-20T15:08:05.864Z info: 8 document classes
2025-12-20T15:08:05.865Z info: SQLite  DB path= [/home/daniel/git/asocial2-srv/sqlite/testa.db3]
2025-12-20T15:08:05.866Z info: Firestore connector
2025-12-20T15:08:05.867Z info: SQLite  DB path= [/home/daniel/git/asocial2-srv/sqlite/testa.db3]
2025-12-20T15:08:05.868Z info: FilesystemStorage - path:[/home/daniel/git/asocial2-srv/filestorea
2025-12-20T15:08:05.869Z info: 9 App operations registered
2025-12-20T15:08:05.884Z info: HTTP listen [8080]
2025-12-20T15:08:27.386Z info: $OpenSafeByPin finished
2025-12-20T15:08:27.498Z info: $OpenSafeById finished
2025-12-20T15:09:26.315Z info: $OpenSafeByPR finished
2025-12-20T15:43:06.432Z info: 9 operations registered
2025-12-20T15:43:06.435Z info: 8 document classes
2025-12-20T15:43:06.436Z info: SQLite  DB path= [/home/daniel/git/asocial2-srv/sqlite/testa.db3]
2025-12-20T15:43:06.437Z info: Firestore connector
2025-12-20T15:43:06.438Z info: SQLite  DB path= [/home/daniel/git/asocial2-srv/sqlite/testa.db3]
2025-12-20T15:43:06.439Z info: FilesystemStorage - path:[/home/daniel/git/asocial2-srv/filestorea
2025-12-20T15:43:06.440Z info: 9 App operations registered
2025-12-20T15:43:06.454Z info: HTTP listen [8080]
2025-12-20T15:43:50.018Z info: $OpenSafeByPin finished
2025-12-20T15:43:50.123Z info: $OpenSafeById finished
2025-12-20T15:44:19.856Z info: $OpenSafeByPR finished
2025-12-20T15:46:46.500Z info: $OpenSafeByPR finished
2025-12-20T15:49:42.277Z info: $OpenSafeByPR finished
2025-12-20T16:46:51.309Z info: 9 operations registered
2025-12-20T16:46:51.311Z info: 8 document classes
2025-12-20T16:46:51.312Z info: SQLite  DB path= [/home/daniel/git/asocial2-srv/sqlite/testa.db3]
2025-12-20T16:46:51.312Z info: Firestore connector
2025-12-20T16:46:51.312Z info: SQLite  DB path= [/home/daniel/git/asocial2-srv/sqlite/testa.db3]
2025-12-20T16:46:51.313Z info: FilesystemStorage - path:[/home/daniel/git/asocial2-srv/filestorea
2025-12-20T16:46:51.313Z info: 9 App operations registered
2025-12-20T16:46:51.324Z info: HTTP listen [8080]
2025-12-20T16:48:18.487Z info: $OpenSafeByPR finished
2025-12-20T16:50:02.916Z info: $OpenSafeByPR finished
2025-12-20T16:55:17.048Z info: $OpenSafeByPR finished
2025-12-20T17:11:11.353Z info: $OpenSafeByPR finished
2025-12-20T17:14:04.927Z info: $OpenSafeByPR finished
2025-12-20T17:15:21.054Z info: $OpenSafeByPR finished
2025-12-20T17:16:32.231Z info: $OpenSafeByPR finished
2025-12-20T17:19:49.166Z info: $OpenSafeByPR finished
2025-12-20T17:22:39.473Z info: $OpenSafeByPR finished
2025-12-20T17:28:02.853Z info: $OpenSafeByPR finished
2025-12-20T17:33:59.013Z info: $OpenSafeByPR finished
2025-12-20T17:34:23.865Z info: $OpenSafeByPR finished
2025-12-20T17:37:04.163Z info: $OpenSafeByPR finished
2025-12-20T17:40:45.890Z info: $OpenSafeByPR finished
2025-12-21T16:43:53.976Z info: 9 operations registered
2025-12-21T16:43:53.979Z info: 8 document classes
2025-12-21T16:43:53.980Z info: SQLite  DB path= [/home/daniel/git/asocial2-srv/sqlite/testa.db3]
2025-12-21T16:43:53.981Z info: Firestore connector
2025-12-21T16:43:53.981Z info: SQLite  DB path= [/home/daniel/git/asocial2-srv/sqlite/testa.db3]
2025-12-21T16:43:53.982Z info: FilesystemStorage - path:[/home/daniel/git/asocial2-srv/filestorea
2025-12-21T16:43:53.985Z info: 9 App operations registered
2025-12-21T16:43:54.006Z info: HTTP listen [8080]
2025-12-21T17:15:49.486Z info: $OpenSafeByPR finished
2025-12-21T17:33:03.617Z info: $OpenSafeByPR finished
2025-12-21T17:47:32.418Z info: $OpenSafeByPR finished
2025-12-21T18:03:22.735Z info: $OpenSafeByPin finished
2025-12-21T18:03:22.882Z info: $OpenSafeById finished
2025-12-21T18:13:01.892Z info: $OpenSafeByPin finished
2025-12-21T18:13:02.037Z info: $OpenSafeById finished
2025-12-21T18:17:15.552Z info: $OpenSafeByPin finished
2025-12-21T18:17:15.688Z info: $OpenSafeById finished
2025-12-22T13:41:46.903Z info: 9 operations registered
2025-12-22T13:41:46.925Z info: 8 document classes
2025-12-22T13:41:46.930Z info: SQLite  DB path= [/home/daniel/git/asocial2-srv/sqlite/testa.db3]
2025-12-22T13:41:46.934Z info: Firestore connector
2025-12-22T13:41:46.939Z info: SQLite  DB path= [/home/daniel/git/asocial2-srv/sqlite/testa.db3]
2025-12-22T13:41:46.949Z info: FilesystemStorage - path:[/home/daniel/git/asocial2-srv/filestorea
2025-12-22T13:41:46.950Z info: 9 App operations registered
2025-12-22T13:41:46.972Z info: HTTP listen [8080]
2025-12-22T13:42:19.661Z info: $OpenSafeByPR finished
2025-12-22T13:43:22.502Z info: $OpenSafeByPR finished
2025-12-22T13:45:50.383Z info: $UntrustDevice finished
2025-12-22T13:51:55.993Z info: $OpenSafeByPR finished
2025-12-22T13:53:54.812Z info: $UntrustDevice finished
2025-12-22T13:57:00.089Z info: $OpenSafeByPR finished
2025-12-22T14:00:39.895Z info: $UntrustDevice finished
2025-12-22T14:02:05.796Z info: $TrustDevice finished
2025-12-22T14:02:15.099Z info: $UntrustDevice finished
2025-12-22T14:12:32.144Z info: $OpenSafeByPR finished
2025-12-22T14:21:02.697Z info: $OpenSafeByPR finished
2025-12-22T14:36:21.737Z info: $TrustDevice finished
2025-12-22T14:36:31.648Z info: $UntrustDevice finished
2025-12-22T14:36:45.853Z info: $TrustDevice finished
2025-12-28T10:53:09.398Z info: 9 operations registered
2025-12-28T10:53:09.404Z info: 8 document classes
2025-12-28T10:53:09.405Z info: SQLite  DB path= [D:\git\asocial2-srv\sqlite\testa.db3]
2025-12-28T10:53:09.406Z info: Firestore connector
2025-12-28T10:53:09.406Z info: SQLite  DB path= [D:\git\asocial2-srv\sqlite\testa.db3]
2025-12-28T10:53:09.407Z info: FilesystemStorage - path:[D:\git\asocial2-srv\filestorea
2025-12-28T10:53:09.408Z info: 9 App operations registered
2025-12-28T10:53:09.424Z info: HTTP listen [8080]
2025-12-28T10:58:50.376Z info: $CreateSafe finished
2025-12-28T11:05:51.374Z info: 9 operations registered
2025-12-28T11:05:51.377Z info: 8 document classes
2025-12-28T11:05:51.377Z info: SQLite  DB path= [D:\git\asocial2-srv\sqlite\testa.db3]
2025-12-28T11:05:51.378Z info: Firestore connector
2025-12-28T11:05:51.378Z info: SQLite  DB path= [D:\git\asocial2-srv\sqlite\testa.db3]
2025-12-28T11:05:51.379Z info: FilesystemStorage - path:[D:\git\asocial2-srv\filestorea
2025-12-28T11:05:51.379Z info: 9 App operations registered
2025-12-28T11:05:51.390Z info: HTTP listen [8080]
2025-12-28T11:07:18.137Z info: $CreateSafe finished
2025-12-28T11:14:51.244Z info: $CreateSafe finished
2025-12-28T11:15:44.948Z info: $TrustDevice finished
2025-12-28T11:16:15.090Z info: $OpenSafeByPin finished
2025-12-28T11:16:15.146Z info: $OpenSafeById finished
2025-12-29T13:31:56.605Z info: 9 operations registered
2025-12-29T13:31:56.608Z info: 8 document classes
2025-12-29T13:31:56.609Z info: SQLite  DB path= [D:\git\asocial2-srv\sqlite\testa.db3]
2025-12-29T13:31:56.610Z info: Firestore connector
2025-12-29T13:31:56.610Z info: SQLite  DB path= [D:\git\asocial2-srv\sqlite\testa.db3]
2025-12-29T13:31:56.611Z info: FilesystemStorage - path:[D:\git\asocial2-srv\filestorea
2025-12-29T13:31:56.611Z info: 9 App operations registered
2025-12-29T13:31:56.620Z info: HTTP listen [8080]
2025-12-29T13:34:02.709Z info: $OpenSafeByPR finished
2025-12-29T13:34:29.408Z info: $TrustDevice finished
2025-12-29T13:47:48.351Z info: $OpenSafeByPR finished
2025-12-29T13:48:50.325Z info: $TrustDevice finished
2025-12-29T13:58:25.822Z info: $OpenSafeByPin finished
2025-12-29T13:58:44.047Z info: $OpenSafeByPin finished
2025-12-29T13:59:12.959Z info: $OpenSafeByPR finished
2025-12-29T13:59:32.175Z info: $TrustDevice finished
2025-12-29T13:59:57.806Z info: $OpenSafeByPR finished
2025-12-29T14:00:09.725Z info: $TrustDevice finished
2025-12-29T14:04:23.960Z info: $OpenSafeByPin finished
2025-12-29T14:04:24.006Z info: $OpenSafeById finished
2025-12-29T14:07:25.603Z info: $OpenSafeByPin finished
2025-12-29T14:07:25.651Z info: $OpenSafeById finished
2025-12-29T14:10:59.861Z info: $OpenSafeByPin finished
2025-12-29T14:10:59.911Z info: $OpenSafeById finished
2025-12-29T14:11:43.689Z info: $OpenSafeByPin finished
2025-12-29T14:11:43.736Z info: $OpenSafeById finished
2025-12-29T14:25:52.643Z info: $OpenSafeByPin finished
2025-12-29T14:25:52.708Z info: $OpenSafeById finished
2025-12-29T14:35:54.508Z info: $OpenSafeByPin finished
2025-12-29T14:35:54.569Z info: $OpenSafeById finished
2025-12-29T14:43:33.509Z info: $OpenSafeByPin finished
2025-12-29T14:43:33.575Z info: $OpenSafeById finished
2025-12-29T14:47:07.184Z info: $OpenSafeByPin finished
2025-12-29T14:47:07.233Z info: $OpenSafeById finished
2025-12-29T14:49:53.974Z info: $OpenSafeByPin finished
2025-12-29T14:49:54.025Z info: $OpenSafeById finished
2025-12-29T15:33:43.740Z info: $OpenSafeByPin finished
2025-12-29T15:33:43.835Z info: $OpenSafeById finished
2025-12-29T15:40:09.676Z info: $OpenSafeByPin finished
2025-12-29T15:40:09.730Z info: $OpenSafeById finished
2025-12-29T15:47:10.345Z info: $OpenSafeByPin finished
2025-12-29T15:47:10.407Z info: $OpenSafeById finished
2025-12-29T15:56:23.939Z info: $OpenSafeByPin finished
2025-12-29T15:56:23.989Z info: $OpenSafeById finished
2025-12-29T15:58:55.259Z info: $OpenSafeByPin finished
2025-12-29T15:58:55.307Z info: $OpenSafeById finished
2025-12-29T16:01:44.552Z info: $OpenSafeByPR finished
2025-12-29T16:02:03.605Z info: $TrustDevice finished
2025-12-29T16:03:12.489Z info: $OpenSafeByPin finished
2025-12-29T16:03:12.532Z info: $OpenSafeById finished
2025-12-29T16:04:37.644Z info: $OpenSafeByPR finished
2025-12-29T16:05:01.526Z info: $TrustDevice finished
2025-12-29T16:08:03.044Z info: $OpenSafeByPin finished
2025-12-29T16:08:03.092Z info: $OpenSafeById finished
2025-12-29T16:13:03.898Z info: $OpenSafeByPR finished
2025-12-29T16:13:27.992Z info: $TrustDevice finished
2025-12-29T16:13:47.537Z info: $OpenSafeByPin finished
2025-12-29T16:13:47.585Z info: $OpenSafeById finished
2025-12-29T16:21:26.251Z info: $OpenSafeByPin finished
2025-12-29T16:21:26.301Z info: $OpenSafeById finished
2025-12-29T16:22:08.841Z info: $OpenSafeByPin finished
2025-12-29T16:22:08.876Z info: $OpenSafeById finished
2025-12-29T18:02:51.100Z info: $OpenSafeByPR finished
2025-12-29T18:03:14.713Z info: $TrustDevice finished
2025-12-29T18:04:06.581Z info: $OpenSafeByPin finished
2025-12-29T18:04:06.637Z info: $OpenSafeById finished
2025-12-29T18:13:28.255Z info: $OpenSafeByPR finished
2025-12-29T18:13:46.050Z info: $TrustDevice finished
2025-12-29T18:14:04.702Z info: $OpenSafeByPR finished
2025-12-29T18:14:17.823Z info: $TrustDevice finished
2025-12-29T18:15:04.864Z info: $OpenSafeByPin finished
2025-12-29T18:15:04.916Z info: $OpenSafeById finished
2025-12-31T09:04:41.909Z info: 9 operations registered
2025-12-31T09:04:41.912Z info: 8 document classes
2025-12-31T09:04:41.913Z info: SQLite  DB path= [D:\git\asocial2-srv\sqlite\testa.db3]
2025-12-31T09:04:41.914Z info: Firestore connector
2025-12-31T09:04:41.914Z info: SQLite  DB path= [D:\git\asocial2-srv\sqlite\testa.db3]
2025-12-31T09:04:41.915Z info: FilesystemStorage - path:[D:\git\asocial2-srv\filestorea
2025-12-31T09:04:41.916Z info: 9 App operations registered
2025-12-31T09:04:41.926Z info: HTTP listen [8080]
2025-12-31T09:09:23.911Z info: $OpenSafeByPR finished
2025-12-31T09:09:49.210Z info: $OpenSafeByPR finished
2025-12-31T09:45:18.141Z info: $OpenSafeByPR finished
2025-12-31T09:48:51.513Z info: $OpenSafeByPR finished
2025-12-31T09:52:06.607Z info: $OpenSafeByPR finished
2025-12-31T09:55:57.576Z info: $TrustDevice finished
2025-12-31T09:56:48.092Z info: $OpenSafeByPin finished
2025-12-31T09:56:48.145Z info: $OpenSafeById finished
2025-12-31T10:06:23.987Z info: $OpenSafeByPR finished
2025-12-31T10:07:39.103Z info: $OpenSafeByPin finished
2025-12-31T10:07:39.152Z info: $OpenSafeById finished
2026-01-03T12:06:15.033Z info: 9 operations registered
2026-01-03T12:06:15.036Z info: 8 document classes
2026-01-03T12:06:15.037Z info: SQLite  DB path= [D:\git\asocial2-srv\sqlite\testa.db3]
2026-01-03T12:06:15.037Z info: Firestore connector
2026-01-03T12:06:15.038Z info: SQLite  DB path= [D:\git\asocial2-srv\sqlite\testa.db3]
2026-01-03T12:06:15.041Z info: FilesystemStorage - path:[D:\git\asocial2-srv\filestorea
2026-01-03T12:06:15.042Z info: 9 App operations registered
2026-01-03T12:06:15.055Z info: HTTP listen [8080]
2026-01-03T12:32:27.397Z info: $OpenSafeByPR finished
2026-01-03T12:38:36.550Z info: $OpenSafeByPR finished
2026-01-03T13:21:54.392Z info: $CreateSafe finished
2026-01-03T13:27:58.728Z info: $OpenSafeByPR finished
2026-01-03T13:40:10.411Z info: 9 operations registered
2026-01-03T13:40:10.415Z info: 8 document classes
2026-01-03T13:40:10.415Z info: SQLite  DB path= [D:\git\asocial2-srv\sqlite\testa.db3]
2026-01-03T13:40:10.416Z info: Firestore connector
2026-01-03T13:40:10.417Z info: SQLite  DB path= [D:\git\asocial2-srv\sqlite\testa.db3]
2026-01-03T13:40:10.417Z info: FilesystemStorage - path:[D:\git\asocial2-srv\filestorea
2026-01-03T13:40:10.418Z info: 9 App operations registered
2026-01-03T13:40:10.429Z info: HTTP listen [8080]
2026-01-03T13:41:30.362Z info: $CreateSafe finished
2026-01-03T13:47:38.821Z info: $UpdCodesSafe finished
2026-01-03T13:52:06.185Z info: $OpenSafeByPR finished
2026-01-03T13:52:19.438Z info: $OpenSafeByPR finished
2026-01-03T13:52:28.942Z info: $OpenSafeByPR finished
2026-01-03T13:53:54.782Z info: $OpenSafeByPR finished
2026-01-03T13:56:59.242Z info: $OpenSafeByPR finished
2026-01-03T14:00:57.089Z info: $UpdCodesSafe finished
2026-01-03T14:05:49.284Z info: $UpdCodesSafe finished
2026-01-03T14:07:03.260Z info: $OpenSafeByPR finished
2026-01-03T14:13:46.634Z info: $OpenSafeByPR finished
2026-01-03T14:17:26.317Z info: $OpenSafeByPR finished
2026-01-03T14:17:40.341Z info: $OpenSafeByPR finished
2026-01-03T14:22:08.902Z info: $OpenSafeByPR finished
2026-01-03T14:23:44.933Z info: $TrustDevice finished
2026-01-03T14:32:35.372Z info: $OpenSafeByPR finished
2026-01-03T14:38:13.105Z info: $OpenSafeByPR finished
2026-01-03T14:41:45.240Z info: $OpenSafeByPR finished
2026-01-03T14:46:15.628Z info: $OpenSafeByPR finished
2026-01-03T14:48:28.847Z info: $OpenSafeByPR finished
2026-01-03T14:49:26.807Z info: $TrustDevice finished
2026-01-03T14:50:11.401Z info: $OpenSafeByPin finished
2026-01-03T14:50:11.451Z info: $OpenSafeById finished
2026-01-03T15:20:14.040Z info: $OpenSafeByPin finished
2026-01-03T15:20:14.094Z info: $OpenSafeById finished
2026-01-03T15:23:53.825Z info: $OpenSafeByPin finished
2026-01-03T15:23:53.907Z info: $OpenSafeById finished
2026-01-03T15:24:55.082Z info: $OpenSafeByPin finished
2026-01-03T15:24:55.129Z info: $OpenSafeById finished
2026-01-03T15:28:35.263Z info: $OpenSafeByPin finished
2026-01-03T15:28:35.314Z info: $OpenSafeById finished
2026-01-03T15:30:55.869Z info: $OpenSafeByPin finished
2026-01-03T15:30:55.922Z info: $OpenSafeById finished
2026-01-03T15:33:29.804Z info: $OpenSafeByPin finished
2026-01-03T15:33:29.888Z info: $OpenSafeById finished
2026-01-03T15:51:10.771Z info: $OpenSafeByPin finished
2026-01-03T15:51:10.824Z info: $OpenSafeById finished
2026-01-03T15:57:45.508Z info: $OpenSafeByPin finished
2026-01-03T15:57:45.559Z info: $OpenSafeById finished
2026-01-03T16:08:21.416Z info: $OpenSafeByPin finished
2026-01-03T16:08:21.474Z info: $OpenSafeById finished
2026-01-03T16:12:02.002Z info: $OpenSafeByPin finished
2026-01-03T16:12:02.054Z info: $OpenSafeById finished
2026-01-03T16:13:51.874Z info: $OpenSafeByPin finished
2026-01-03T16:13:51.926Z info: $OpenSafeById finished
2026-01-03T16:18:23.418Z info: $OpenSafeByPin finished
2026-01-03T16:18:23.475Z info: $OpenSafeById finished
2026-01-03T17:02:15.292Z info: $OpenSafeByPin finished
2026-01-03T17:02:15.350Z info: $OpenSafeById finished
2026-01-03T17:17:42.429Z info: $OpenSafeByPin finished
2026-01-03T17:17:42.477Z info: $OpenSafeById finished
2026-01-03T17:22:56.649Z info: $OpenSafeByPin finished
2026-01-03T17:22:56.703Z info: $OpenSafeById finished
2026-01-03T17:25:47.080Z info: $OpenSafeByPin finished
2026-01-03T17:25:47.135Z info: $OpenSafeById finished
2026-01-03T17:28:47.584Z info: $OpenSafeByPin finished
2026-01-03T17:28:47.628Z info: $OpenSafeById finished
2026-01-10T11:12:14.329Z info: 9 operations registered
2026-01-10T11:12:14.332Z info: 8 document classes
2026-01-10T11:12:14.333Z info: SQLite  DB path= [D:\git\asocial2-srv\sqlite\testa.db3]
2026-01-10T11:12:14.333Z info: Firestore connector
2026-01-10T11:12:14.334Z info: SQLite  DB path= [D:\git\asocial2-srv\sqlite\testa.db3]
2026-01-10T11:12:14.334Z info: FilesystemStorage - path:[D:\git\asocial2-srv\filestorea
2026-01-10T11:12:14.335Z info: 9 App operations registered
2026-01-10T11:12:14.346Z info: HTTP listen [8080]
2026-01-10T11:13:16.347Z info: $CreateSafe finished
2026-01-10T11:15:03.769Z info: $SetAboutProfile terminated on exception
2026-01-10T11:15:03.778Z error: AppExc: 3001:unexpected exception["Cannot read properties of undefined (reading 'userId')"]
2026-01-10T11:18:32.093Z info: $SetAboutProfile terminated on exception
2026-01-10T11:18:32.095Z error: AppExc: 3001:unexpected exception["Cannot read properties of undefined (reading 'userId')"]
2026-01-10T11:19:59.565Z info: $SetAboutProfile finished
2026-01-10T11:22:31.258Z info: 9 operations registered
2026-01-10T11:22:31.261Z info: 8 document classes
2026-01-10T11:22:31.262Z info: SQLite  DB path= [D:\git\asocial2-srv\sqlite\testa.db3]
2026-01-10T11:22:31.262Z info: Firestore connector
2026-01-10T11:22:31.263Z info: SQLite  DB path= [D:\git\asocial2-srv\sqlite\testa.db3]
2026-01-10T11:22:31.264Z info: FilesystemStorage - path:[D:\git\asocial2-srv\filestorea
2026-01-10T11:22:31.264Z info: 9 App operations registered
2026-01-10T11:22:31.276Z info: HTTP listen [8080]
2026-01-10T11:30:12.079Z info: 9 operations registered
2026-01-10T11:30:12.083Z info: 8 document classes
2026-01-10T11:30:12.084Z info: SQLite  DB path= [D:\git\asocial2-srv\sqlite\testa.db3]
2026-01-10T11:30:12.084Z info: Firestore connector
2026-01-10T11:30:12.085Z info: SQLite  DB path= [D:\git\asocial2-srv\sqlite\testa.db3]
2026-01-10T11:30:12.086Z info: FilesystemStorage - path:[D:\git\asocial2-srv\filestorea
2026-01-10T11:30:12.086Z info: 9 App operations registered
2026-01-10T11:30:12.097Z info: HTTP listen [8080]
2026-01-10T11:30:46.902Z info: $CreateSafe finished
2026-01-10T11:31:35.145Z info: $SetAboutProfile finished
2026-01-10T11:34:50.540Z info: 9 operations registered
2026-01-10T11:34:50.543Z info: 8 document classes
2026-01-10T11:34:50.544Z info: SQLite  DB path= [D:\git\asocial2-srv\sqlite\testa.db3]
2026-01-10T11:34:50.544Z info: Firestore connector
2026-01-10T11:34:50.545Z info: SQLite  DB path= [D:\git\asocial2-srv\sqlite\testa.db3]
2026-01-10T11:34:50.546Z info: FilesystemStorage - path:[D:\git\asocial2-srv\filestorea
2026-01-10T11:34:50.546Z info: 9 App operations registered
2026-01-10T11:34:50.558Z info: HTTP listen [8080]
2026-01-10T11:36:28.053Z info: $CreateSafe finished
2026-01-10T11:37:30.584Z info: $SetAboutProfile finished
2026-01-10T11:38:09.729Z info: $OpenSafeByPR finished
2026-01-10T11:40:24.206Z info: $OpenSafeByPR finished
2026-01-10T12:15:01.275Z info: $OpenSafeByPR finished
2026-01-10T12:18:17.911Z info: $OpenSafeByPR finished
2026-01-10T12:25:21.011Z info: 9 operations registered
2026-01-10T12:25:21.014Z info: 8 document classes
2026-01-10T12:25:21.015Z info: SQLite  DB path= [D:\git\asocial2-srv\sqlite\testa.db3]
2026-01-10T12:25:21.015Z info: Firestore connector
2026-01-10T12:25:21.016Z info: SQLite  DB path= [D:\git\asocial2-srv\sqlite\testa.db3]
2026-01-10T12:25:21.016Z info: FilesystemStorage - path:[D:\git\asocial2-srv\filestorea
2026-01-10T12:25:21.017Z info: 9 App operations registered
2026-01-10T12:25:21.027Z info: HTTP listen [8080]
2026-01-10T12:26:54.190Z info: $CreateSafe finished
2026-01-10T12:27:28.956Z info: $SetAboutProfile finished
2026-01-10T12:27:53.997Z info: $OpenSafeByPR finished
2026-01-10T12:31:43.552Z info: 9 operations registered
2026-01-10T12:31:43.577Z info: 8 document classes
2026-01-10T12:31:43.579Z info: SQLite  DB path= [D:\git\asocial2-srv\sqlite\testa.db3]
2026-01-10T12:31:43.580Z info: Firestore connector
2026-01-10T12:31:43.581Z info: SQLite  DB path= [D:\git\asocial2-srv\sqlite\testa.db3]
2026-01-10T12:31:43.582Z info: FilesystemStorage - path:[D:\git\asocial2-srv\filestorea
2026-01-10T12:31:43.583Z info: 9 App operations registered
2026-01-10T12:31:43.604Z info: HTTP listen [8080]
2026-01-10T12:32:34.266Z info: $CreateSafe finished
2026-01-10T12:35:16.257Z info: 9 operations registered
2026-01-10T12:35:16.260Z info: 8 document classes
2026-01-10T12:35:16.261Z info: SQLite  DB path= [D:\git\asocial2-srv\sqlite\testa.db3]
2026-01-10T12:35:16.262Z info: Firestore connector
2026-01-10T12:35:16.262Z info: SQLite  DB path= [D:\git\asocial2-srv\sqlite\testa.db3]
2026-01-10T12:35:16.263Z info: FilesystemStorage - path:[D:\git\asocial2-srv\filestorea
2026-01-10T12:35:16.263Z info: 9 App operations registered
2026-01-10T12:35:16.273Z info: HTTP listen [8080]
2026-01-10T12:36:10.902Z info: $CreateSafe finished
2026-01-10T12:38:00.898Z info: $SetAboutProfile finished
2026-01-10T12:40:39.394Z info: $OpenSafeByPR finished
2026-01-10T12:46:56.106Z info: $CreateSafe finished
2026-01-10T12:52:36.507Z info: $CreateSafe finished
2026-01-10T12:55:01.622Z info: $OpenSafeByPR finished
2026-01-10T12:56:33.811Z info: $SetAboutProfile finished
2026-01-10T12:58:01.915Z info: $OpenSafeByPR finished
2026-01-10T12:59:13.838Z info: $OpenSafeByPR finished
2026-01-10T13:00:46.515Z info: $OpenSafeByPR finished
2026-01-12T05:19:22.543Z info: 9 operations registered
2026-01-12T05:19:22.545Z info: 8 document classes
2026-01-12T05:19:22.546Z info: SQLite  DB path= [D:\git\asocial2-srv\sqlite\testa.db3]
2026-01-12T05:19:22.546Z info: Firestore connector
2026-01-12T05:19:22.546Z info: SQLite  DB path= [D:\git\asocial2-srv\sqlite\testa.db3]
2026-01-12T05:19:22.547Z info: FilesystemStorage - path:[D:\git\asocial2-srv\filestorea
2026-01-12T05:19:22.547Z info: 9 App operations registered
2026-01-12T05:19:22.555Z info: HTTP listen [8080]
2026-01-12T05:25:19.142Z info: $OpenSafeByPR finished
2026-01-12T07:02:39.766Z info: $SetAboutProfile finished
2026-01-12T07:02:52.046Z info: $OpenSafeById finished
2026-01-12T08:20:56.327Z info: $OpenSafeById finished
2026-01-12T08:36:22.279Z info: $OpenSafeById finished
2026-01-12T10:15:21.263Z info: $OpenSafeByPR finished
2026-01-12T10:16:27.533Z info: $OpenSafeById finished
2026-01-12T10:17:42.528Z info: $OpenSafeByPR finished
2026-01-12T10:20:18.897Z info: $OpenSafeByPin finished
2026-01-12T10:20:18.968Z info: $OpenSafeById finished
2026-01-12T10:20:45.349Z info: $SetAboutProfile finished
2026-01-12T10:20:54.103Z info: $OpenSafeById finished
2026-01-12T10:21:32.199Z info: $OpenSafeById finished
2026-01-12T15:06:39.131Z info: 9 operations registered
2026-01-12T15:06:39.134Z info: 8 document classes
2026-01-12T15:06:39.135Z info: SQLite  DB path= [D:\git\asocial2-srv\sqlite\testa.db3]
2026-01-12T15:06:39.135Z info: Firestore connector
2026-01-12T15:06:39.135Z info: SQLite  DB path= [D:\git\asocial2-srv\sqlite\testa.db3]
2026-01-12T15:06:39.136Z info: FilesystemStorage - path:[D:\git\asocial2-srv\filestorea
2026-01-12T15:06:39.136Z info: 9 App operations registered
2026-01-12T15:06:39.145Z info: HTTP listen [8080]
2026-01-12T15:06:54.577Z info: $OpenSafeByPin finished
2026-01-12T15:06:54.651Z info: $OpenSafeById finished
2026-01-12T16:53:53.111Z info: $OpenSafeByPin finished
2026-01-12T16:53:53.178Z info: $OpenSafeById finished
2026-01-12T17:06:25.814Z info: $OpenSafeByPR finished
2026-01-12T17:08:47.517Z info: $OpenSafeByPR finished
2026-01-12T17:09:29.410Z info: $OpenSafeByPin finished
2026-01-12T17:09:29.471Z info: $OpenSafeById finished
2026-01-12T17:14:50.922Z info: $OpenSafeByPin finished
2026-01-12T17:14:50.985Z info: $OpenSafeById finished
2026-01-12T17:15:12.245Z info: $OpenSafeByPR finished
2026-01-12T17:28:47.981Z info: $OpenSafeByPin finished
2026-01-12T17:28:48.045Z info: $OpenSafeById finished
2026-01-12T17:44:24.244Z info: $OpenSafeByPin finished
2026-01-12T17:44:24.300Z info: $OpenSafeById finished
2026-01-12T17:45:10.787Z info: $OpenSafeByPin finished
2026-01-12T17:45:10.846Z info: $OpenSafeById finished
2026-01-12T17:49:05.560Z info: $OpenSafeByPin finished
2026-01-12T17:49:05.620Z info: $OpenSafeById finished
2026-01-12T17:49:25.698Z info: $SetAboutProfile finished
2026-01-12T17:49:29.467Z info: $OpenSafeById finished
2026-01-12T17:52:43.444Z info: $OpenSafeByPin finished
2026-01-12T17:52:43.509Z info: $OpenSafeById finished
2026-01-12T18:00:43.629Z info: $OpenSafeByPin finished
2026-01-12T18:01:03.795Z info: $OpenSafeByPR finished
2026-01-12T18:01:29.932Z info: $OpenSafeById finished
2026-01-12T18:04:46.268Z info: $OpenSafeById finished
2026-01-12T18:08:43.513Z info: $OpenSafeByPin finished
2026-01-12T18:08:56.077Z info: $OpenSafeByPin finished
2026-01-12T18:09:24.729Z info: $OpenSafeByPR finished
2026-01-12T18:09:34.518Z info: $OpenSafeById finished
2026-01-12T18:12:20.070Z info: $OpenSafeByPin finished
2026-01-12T18:12:40.656Z info: $OpenSafeByPR finished
2026-01-12T18:12:51.786Z info: $OpenSafeById finished
2026-01-12T18:13:04.827Z info: $OpenSafeByPin finished
2026-01-12T18:13:30.038Z info: $OpenSafeByPR finished
2026-01-12T18:14:04.341Z info: $TrustDevice finished
2026-01-12T18:14:14.732Z info: $OpenSafeByPin finished
2026-01-12T18:14:14.782Z info: $OpenSafeById finished
2026-01-12T18:17:39.719Z info: $OpenSafeById finished
2026-01-12T18:20:05.425Z info: $OpenSafeByPin finished
2026-01-12T18:20:05.482Z info: $OpenSafeById finished
2026-01-12T18:20:15.870Z info: $OpenSafeById finished
2026-01-12T18:22:18.449Z info: $OpenSafeById finished
2026-01-12T18:23:37.409Z info: $OpenSafeById finished
2026-01-12T18:26:10.749Z info: $OpenSafeByPin finished
2026-01-12T18:26:10.879Z info: $OpenSafeById finished
2026-01-12T18:26:20.795Z info: $OpenSafeById finished
2026-01-15T10:05:43.319Z info: 9 operations registered
2026-01-15T10:05:43.322Z info: 8 document classes
2026-01-15T10:05:43.323Z info: SQLite  DB path= [D:\git\asocial2-srv\sqlite\testa.db3]
2026-01-15T10:05:43.324Z info: Firestore connector
2026-01-15T10:05:43.324Z info: SQLite  DB path= [D:\git\asocial2-srv\sqlite\testa.db3]
2026-01-15T10:05:43.324Z info: FilesystemStorage - path:[D:\git\asocial2-srv\filestorea
2026-01-15T10:05:43.325Z info: 9 App operations registered
2026-01-15T10:05:43.333Z info: HTTP listen [8080]
2026-01-15T10:10:11.520Z info: $OpenSafeByPin finished
2026-01-15T10:10:11.561Z info: $OpenSafeById finished
2026-01-15T10:11:28.027Z info: $OpenSafeByPin finished
2026-01-15T10:11:28.067Z info: $OpenSafeById finished
2026-01-15T10:11:49.990Z info: $OpenSafeByPR finished
2026-01-15T10:13:08.111Z info: $SetAboutProfile finished
2026-01-15T10:13:23.383Z info: $OpenSafeById finished
2026-01-15T10:19:44.619Z info: $OpenSafeById finished
2026-01-15T10:20:40.602Z info: $OpenSafeByPin finished
2026-01-15T10:20:40.640Z info: $OpenSafeById finished
2026-01-15T10:22:10.325Z info: $OpenSafeById finished
2026-01-15T12:54:11.350Z info: $OpenSafeByPin finished
2026-01-15T12:54:11.391Z info: $OpenSafeById finished
2026-01-15T16:04:44.421Z info: 9 operations registered
2026-01-15T16:04:44.423Z info: 8 document classes
2026-01-15T16:04:44.424Z info: SQLite  DB path= [D:\git\asocial2-srv\sqlite\testa.db3]
2026-01-15T16:04:44.424Z info: Firestore connector
2026-01-15T16:04:44.425Z info: SQLite  DB path= [D:\git\asocial2-srv\sqlite\testa.db3]
2026-01-15T16:04:44.425Z info: FilesystemStorage - path:[D:\git\asocial2-srv\filestorea
2026-01-15T16:04:44.426Z info: 9 App operations registered
2026-01-15T16:04:44.433Z info: HTTP listen [8080]
2026-01-15T16:08:01.197Z info: $OpenSafeByPin finished
2026-01-15T16:08:01.235Z info: $OpenSafeById finished
2026-01-15T16:11:34.891Z info: $OpenSafeByPin finished
2026-01-15T16:11:34.930Z info: $OpenSafeById finished
2026-01-15T16:50:40.777Z info: $OpenSafeByPin finished
2026-01-15T16:50:40.872Z info: $OpenSafeById finished
2026-01-15T16:58:07.575Z info: $OpenSafeByPin finished
2026-01-15T16:58:07.610Z info: $OpenSafeById finished
2026-01-15T17:01:37.453Z info: $OpenSafeByPR finished
2026-01-15T17:02:20.477Z info: $TrustDevice finished
2026-01-15T17:04:56.598Z info: $OpenSafeByPR finished
2026-01-15T17:09:02.545Z info: $TrustDevice finished
2026-01-15T17:19:06.068Z info: $OpenSafeByPR finished
2026-01-15T17:19:36.666Z info: $UntrustDevice finished
2026-01-15T17:20:09.953Z info: $TrustDevice finished
2026-01-15T17:22:31.764Z info: $OpenSafeByPin finished
2026-01-15T17:22:31.804Z info: $OpenSafeById finished
2026-01-15T17:23:21.039Z info: $OpenSafeById finished
2026-01-16T10:45:58.392Z info: 9 operations registered
2026-01-16T10:45:58.395Z info: 8 document classes
2026-01-16T10:45:58.396Z info: SQLite  DB path= [D:\git\asocial2-srv\sqlite\testa.db3]
2026-01-16T10:45:58.396Z info: Firestore connector
2026-01-16T10:45:58.397Z info: SQLite  DB path= [D:\git\asocial2-srv\sqlite\testa.db3]
2026-01-16T10:45:58.398Z info: FilesystemStorage - path:[D:\git\asocial2-srv\filestorea
2026-01-16T10:45:58.399Z info: 9 App operations registered
2026-01-16T10:45:58.412Z info: HTTP listen [8080]
2026-01-16T10:45:59.725Z info: $OpenSafeByPin finished
2026-01-16T10:45:59.764Z info: $OpenSafeById finished
2026-01-16T10:48:07.176Z info: $OpenSafeByPin finished
2026-01-16T10:48:07.215Z info: $OpenSafeById finished
2026-01-16T11:01:18.790Z info: $OpenSafeByPin finished
2026-01-16T11:01:18.831Z info: $OpenSafeById finished
2026-01-16T11:02:34.276Z info: $OpenSafeById finished
2026-01-16T11:31:32.908Z info: 9 operations registered
2026-01-16T11:31:32.911Z info: 8 document classes
2026-01-16T11:31:32.912Z info: SQLite  DB path= [D:\git\asocial2-srv\sqlite\testa.db3]
2026-01-16T11:31:32.912Z info: Firestore connector
2026-01-16T11:31:32.912Z info: SQLite  DB path= [D:\git\asocial2-srv\sqlite\testa.db3]
2026-01-16T11:31:32.913Z info: FilesystemStorage - path:[D:\git\asocial2-srv\filestorea
2026-01-16T11:31:32.913Z info: 9 App operations registered
2026-01-16T11:31:32.921Z info: HTTP listen [8080]
2026-01-16T11:31:38.666Z info: $OpenSafeByPin finished
2026-01-16T11:33:25.123Z info: 9 operations registered
2026-01-16T11:33:25.126Z info: 8 document classes
2026-01-16T11:33:25.126Z info: SQLite  DB path= [D:\git\asocial2-srv\sqlite\testa.db3]
2026-01-16T11:33:25.126Z info: Firestore connector
2026-01-16T11:33:25.127Z info: SQLite  DB path= [D:\git\asocial2-srv\sqlite\testa.db3]
2026-01-16T11:33:25.127Z info: FilesystemStorage - path:[D:\git\asocial2-srv\filestorea
2026-01-16T11:33:25.127Z info: 9 App operations registered
2026-01-16T11:33:25.136Z info: HTTP listen [8080]
2026-01-16T11:33:29.485Z info: $OpenSafeByPin finished
2026-01-16T11:33:29.528Z info: $OpenSafeById finished
2026-01-16T12:04:28.960Z info: 9 operations registered
2026-01-16T12:04:28.962Z info: 8 document classes
2026-01-16T12:04:28.963Z info: SQLite  DB path= [D:\git\asocial2-srv\sqlite\testa.db3]
2026-01-16T12:04:28.963Z info: Firestore connector
2026-01-16T12:04:28.963Z info: SQLite  DB path= [D:\git\asocial2-srv\sqlite\testa.db3]
2026-01-16T12:04:28.964Z info: FilesystemStorage - path:[D:\git\asocial2-srv\filestorea
2026-01-16T12:04:28.964Z info: 9 App operations registered
2026-01-16T12:04:28.976Z info: HTTP listen [8080]
2026-01-16T12:04:51.849Z info: $OpenSafeByPR finished
2026-01-16T12:08:26.682Z info: 9 operations registered
2026-01-16T12:08:26.685Z info: 8 document classes
2026-01-16T12:08:26.685Z info: SQLite  DB path= [D:\git\asocial2-srv\sqlite\testa.db3]
2026-01-16T12:08:26.685Z info: Firestore connector
2026-01-16T12:08:26.686Z info: SQLite  DB path= [D:\git\asocial2-srv\sqlite\testa.db3]
2026-01-16T12:08:26.686Z info: FilesystemStorage - path:[D:\git\asocial2-srv\filestorea
2026-01-16T12:08:26.686Z info: 9 App operations registered
2026-01-16T12:08:26.695Z info: HTTP listen [8080]
2026-01-16T12:08:44.336Z info: $OpenSafeByPR finished
2026-01-16T12:16:28.631Z info: 9 operations registered
2026-01-16T12:16:28.634Z info: 8 document classes
2026-01-16T12:16:28.634Z info: SQLite  DB path= [D:\git\asocial2-srv\sqlite\testa.db3]
2026-01-16T12:16:28.635Z info: Firestore connector
2026-01-16T12:16:28.635Z info: SQLite  DB path= [D:\git\asocial2-srv\sqlite\testa.db3]
2026-01-16T12:16:28.635Z info: FilesystemStorage - path:[D:\git\asocial2-srv\filestorea
2026-01-16T12:16:28.636Z info: 9 App operations registered
2026-01-16T12:16:28.644Z info: HTTP listen [8080]
2026-01-16T12:16:59.343Z info: $OpenSafeByPR finished
2026-01-18T08:35:32.067Z info: 9 operations registered
2026-01-18T08:35:32.070Z info: 8 document classes
2026-01-18T08:35:32.071Z info: SQLite  DB path= [D:\git\asocial2-srv\sqlite\testa.db3]
2026-01-18T08:35:32.071Z info: Firestore connector
2026-01-18T08:35:32.072Z info: SQLite  DB path= [D:\git\asocial2-srv\sqlite\testa.db3]
2026-01-18T08:35:32.072Z info: FilesystemStorage - path:[D:\git\asocial2-srv\filestorea
2026-01-18T08:35:32.072Z info: 9 App operations registered
2026-01-18T08:35:32.082Z info: HTTP listen [8080]
2026-01-18T08:35:36.280Z info: $OpenSafeByPin finished
2026-01-18T08:35:36.323Z info: $OpenSafeById finished
2026-01-18T08:37:43.173Z info: $OpenSafeByPR finished
2026-01-18T08:38:03.377Z info: $TrustDevice finished
2026-01-18T09:32:51.928Z info: $OpenSafeByPin finished
2026-01-18T09:32:52.009Z info: $OpenSafeById finished
2026-01-18T09:35:02.107Z info: $OpenSafeByPin finished
2026-01-18T09:35:02.147Z info: $OpenSafeById finished
2026-01-18T09:36:56.705Z info: $OpenSafeByPin finished
2026-01-18T09:36:56.741Z info: $OpenSafeById finished
2026-01-18T09:37:55.875Z info: $OpenSafeByPin finished
2026-01-18T09:37:55.918Z info: $OpenSafeById finished
2026-01-18T09:40:11.923Z info: $OpenSafeByPin finished
2026-01-18T09:40:11.960Z info: $OpenSafeById finished
2026-01-18T09:41:06.864Z info: $OpenSafeByPin finished
2026-01-18T09:41:06.901Z info: $OpenSafeById finished
2026-01-18T09:44:26.392Z info: $OpenSafeByPin finished
2026-01-18T09:44:26.432Z info: $OpenSafeById finished
2026-01-18T09:46:14.432Z info: $OpenSafeByPin finished
2026-01-18T09:46:14.467Z info: $OpenSafeById finished
2026-01-18T09:47:38.793Z info: $OpenSafeByPin finished
2026-01-18T09:47:38.855Z info: $OpenSafeById finished
2026-01-18T09:50:12.136Z info: $OpenSafeByPin finished
2026-01-18T09:50:12.171Z info: $OpenSafeById finished
2026-01-18T09:52:37.136Z info: $OpenSafeByPin finished
2026-01-18T09:52:37.170Z info: $OpenSafeById finished
2026-01-18T09:54:32.473Z info: 9 operations registered
2026-01-18T09:54:32.476Z info: 8 document classes
2026-01-18T09:54:32.476Z info: SQLite  DB path= [D:\git\asocial2-srv\sqlite\testa.db3]
2026-01-18T09:54:32.476Z info: Firestore connector
2026-01-18T09:54:32.477Z info: SQLite  DB path= [D:\git\asocial2-srv\sqlite\testa.db3]
2026-01-18T09:54:32.477Z info: FilesystemStorage - path:[D:\git\asocial2-srv\filestorea
2026-01-18T09:54:32.477Z info: 9 App operations registered
2026-01-18T09:54:32.486Z info: HTTP listen [8080]
2026-01-18T10:52:14.902Z info: $OpenSafeByPin finished
2026-01-18T10:52:14.941Z info: $OpenSafeById finished
2026-01-18T10:53:51.316Z info: $OpenSafeByPin finished
2026-01-18T10:53:51.356Z info: $OpenSafeById finished
2026-01-18T10:59:06.422Z info: $OpenSafeByPin finished
2026-01-18T10:59:06.462Z info: $OpenSafeById finished
2026-01-18T11:02:41.979Z info: $OpenSafeByPin finished
2026-01-18T11:02:42.048Z info: $OpenSafeById finished
2026-01-18T11:03:02.895Z info: $OpenSafeByPin finished
2026-01-18T11:03:02.932Z info: $OpenSafeById finished
2026-01-18T11:10:10.637Z info: $OpenSafeByPin finished
2026-01-18T11:10:10.672Z info: $OpenSafeById finished
2026-01-18T11:11:04.210Z info: $OpenSafeByPin finished
2026-01-18T11:11:04.249Z info: $OpenSafeById finished
2026-01-18T11:12:08.891Z info: $OpenSafeByPin finished
2026-01-18T11:12:08.929Z info: $OpenSafeById finished
2026-01-18T11:58:49.329Z info: $OpenSafeByPin finished
2026-01-18T11:58:49.370Z info: $OpenSafeById finished
2026-01-18T12:02:16.181Z info: $OpenSafeByPin finished
2026-01-18T12:02:16.219Z info: $OpenSafeById finished
2026-01-18T12:08:40.056Z info: $OpenSafeByPin finished
2026-01-18T12:08:40.100Z info: $OpenSafeById finished
2026-01-18T13:26:48.940Z info: $CreateSafe finished
2026-01-18T13:27:25.013Z info: $TrustDevice finished
2026-01-18T13:29:00.513Z info: $OpenSafeByPR finished
2026-01-18T13:30:45.051Z info: $OpenSafeByPR finished
2026-01-18T13:31:35.867Z info: $OpenSafeByPR finished
2026-01-18T18:09:17.373Z info: 9 operations registered
2026-01-18T18:09:17.376Z info: 8 document classes
2026-01-18T18:09:17.376Z info: SQLite  DB path= [D:\git\asocial2-srv\sqlite\testa.db3]
2026-01-18T18:09:17.377Z info: Firestore connector
2026-01-18T18:09:17.377Z info: SQLite  DB path= [D:\git\asocial2-srv\sqlite\testa.db3]
2026-01-18T18:09:17.378Z info: FilesystemStorage - path:[D:\git\asocial2-srv\filestorea
2026-01-18T18:09:17.378Z info: 9 App operations registered
2026-01-18T18:09:17.390Z info: HTTP listen [8080]
2026-01-18T18:15:14.401Z info: $CreateSafe finished
2026-01-18T18:16:43.713Z info: $SetAboutProfile finished
2026-01-18T18:17:01.375Z info: AppExc: 1002:unknown operation["$$OpenSafeById"]
2026-01-18T18:17:01.377Z info: $$OpenSafeById terminated on exception
2026-01-18T18:19:17.087Z info: $TrustDevice finished
2026-01-18T18:20:03.084Z info: $OpenSafeByPin finished
2026-01-18T18:20:03.129Z info: $OpenSafeById finished
2026-01-18T18:22:18.604Z info: $OpenSafeByPin finished
2026-01-18T18:22:18.646Z info: $OpenSafeById finished
2026-01-18T18:24:03.441Z info: $SetAboutProfile finished
2026-01-18T18:24:39.070Z info: AppExc: 1002:unknown operation["$$OpenSafeById"]
2026-01-18T18:24:39.071Z info: $$OpenSafeById terminated on exception
2026-01-18T18:31:24.259Z info: $OpenSafeByPin finished
2026-01-18T18:31:24.297Z info: $OpenSafeById finished
2026-01-18T18:31:47.451Z info: $SetAboutProfile finished
2026-01-18T18:32:02.958Z info: $OpenSafeById terminated on exception
2026-01-18T18:32:02.960Z error: AppExc: 3001:unexpected exception["The first argument must be of type string or an instance of Buffer, ArrayBuffer, or Array or an Array-like Object. Received undefined"]
2026-01-18T18:34:38.237Z info: $OpenSafeByPin finished
2026-01-18T18:34:59.924Z info: $OpenSafeById finished
2026-01-18T18:35:29.054Z info: $SetAboutProfile finished
2026-01-18T18:36:31.233Z info: $OpenSafeById terminated on exception
2026-01-18T18:36:31.235Z error: AppExc: 3001:unexpected exception["The first argument must be of type string or an instance of Buffer, ArrayBuffer, or Array or an Array-like Object. Received undefined"]
2026-01-18T18:37:21.117Z info: $OpenSafeByPin finished
2026-01-18T18:37:37.661Z info: $OpenSafeByPin finished
2026-01-18T18:39:24.359Z info: $OpenSafeByPin finished
2026-01-18T18:45:50.175Z info: $OpenSafeByPR finished
2026-01-18T18:46:14.410Z info: $TrustDevice finished
2026-01-18T18:46:49.772Z info: $SetAboutProfile finished
2026-01-18T18:47:21.046Z info: $OpenSafeById finished
2026-01-18T18:47:44.711Z info: $OpenSafeById finished
2026-01-18T18:48:09.038Z info: $OpenSafeByPR finished
2026-01-18T18:48:19.758Z info: $TrustDevice finished
2026-01-18T18:48:34.742Z info: $SetAboutProfile finished
2026-01-18T18:48:40.559Z info: $OpenSafeById finished
2026-01-18T18:49:10.375Z info: $OpenSafeByPin finished
2026-01-18T18:49:10.425Z info: $OpenSafeById finished
2026-01-18T18:50:14.870Z info: $OpenSafeByPin finished
2026-01-18T18:50:14.937Z info: $OpenSafeById finished
2026-01-18T18:58:01.314Z info: $SetAboutProfile finished
2026-01-18T19:01:23.690Z info: $OpenSafeById finished
2026-01-18T19:04:19.618Z info: $SetAboutProfile finished
2026-01-18T19:04:26.757Z info: $OpenSafeById finished
2026-01-18T19:06:30.326Z info: $OpenSafeByPin finished
2026-01-18T19:06:30.367Z info: $OpenSafeById finished
2026-01-18T19:08:17.731Z info: $SetAboutProfile finished
2026-01-18T19:08:24.216Z info: $OpenSafeById finished
2026-01-21T09:20:33.393Z info: 9 operations registered
2026-01-21T09:20:33.396Z info: 8 document classes
2026-01-21T09:20:33.397Z info: SQLite  DB path= [D:\git\asocial2-srv\sqlite\testa.db3]
2026-01-21T09:20:33.397Z info: Firestore connector
2026-01-21T09:20:33.398Z info: SQLite  DB path= [D:\git\asocial2-srv\sqlite\testa.db3]
2026-01-21T09:20:33.398Z info: FilesystemStorage - path:[D:\git\asocial2-srv\filestorea
2026-01-21T09:20:33.398Z info: 9 App operations registered
2026-01-21T09:20:33.410Z info: HTTP listen [8080]
2026-01-21T09:30:23.123Z info: $OpenSafeByPin finished
2026-01-21T09:30:23.163Z info: $OpenSafeById finished
2026-01-21T09:32:11.555Z info: $OpenSafeByPin finished
2026-01-21T09:32:11.594Z info: $OpenSafeById finished
2026-01-21T17:15:22.981Z info: 9 operations registered
2026-01-21T17:15:22.984Z info: 8 document classes
2026-01-21T17:15:22.984Z info: SQLite  DB path= [D:\git\asocial2-srv\sqlite\testa.db3]
2026-01-21T17:15:22.985Z info: Firestore connector
2026-01-21T17:15:22.985Z info: SQLite  DB path= [D:\git\asocial2-srv\sqlite\testa.db3]
2026-01-21T17:15:22.986Z info: FilesystemStorage - path:[D:\git\asocial2-srv\filestorea
2026-01-21T17:15:22.987Z info: 9 App operations registered
2026-01-21T17:15:22.996Z info: HTTP listen [8080]
2026-01-21T17:18:38.243Z info: $OpenSafeByPin finished
2026-01-21T17:18:38.300Z info: $OpenSafeById finished
2026-01-21T17:22:24.703Z info: $OpenSafeByPin finished
2026-01-21T17:22:24.762Z info: $OpenSafeById finished
2026-01-21T17:23:27.628Z info: $OpenSafeByPin finished
2026-01-21T17:23:27.689Z info: $OpenSafeById finished
2026-01-21T17:24:58.172Z info: $OpenSafeByPin finished
2026-01-21T17:24:58.228Z info: $OpenSafeById finished
2026-01-21T17:26:20.554Z info: $OpenSafeByPin finished
2026-01-21T17:26:20.614Z info: $OpenSafeById finished
2026-01-21T17:27:52.477Z info: $OpenSafeByPin finished
2026-01-21T17:27:52.539Z info: $OpenSafeById finished
2026-01-21T17:33:26.860Z info: $OpenSafeByPin finished
2026-01-21T17:33:26.909Z info: $OpenSafeById finished
2026-01-22T14:31:54.685Z info: 9 operations registered
2026-01-22T14:31:54.688Z info: 8 document classes
2026-01-22T14:31:54.689Z info: SQLite  DB path= [D:\git\asocial2-srv\sqlite\testa.db3]
2026-01-22T14:31:54.690Z info: Firestore connector
2026-01-22T14:31:54.690Z info: SQLite  DB path= [D:\git\asocial2-srv\sqlite\testa.db3]
2026-01-22T14:31:54.691Z info: FilesystemStorage - path:[D:\git\asocial2-srv\filestorea
2026-01-22T14:31:54.691Z info: 9 App operations registered
2026-01-22T14:31:54.701Z info: HTTP listen [8080]
2026-01-22T14:34:28.073Z info: $CreateSafe finished
2026-01-22T14:38:11.582Z info: $CreateSafe finished
2026-01-22T14:45:31.520Z info: $OpenSafeByPR finished
2026-01-22T14:49:11.347Z info: $OpenSafeByPR finished
2026-01-22T14:50:46.916Z info: $OpenSafeByPR finished
2026-01-22T14:56:54.568Z info: $OpenSafeByPR finished
2026-01-22T15:07:46.603Z info: $OpenSafeByPR finished
2026-01-22T15:54:05.960Z info: $OpenSafeByPR finished
2026-01-22T15:57:39.788Z info: $OpenSafeByPR finished
2026-01-22T16:02:56.905Z info: $OpenSafeByPR finished
2026-01-22T16:07:48.208Z info: $OpenSafeByPR finished
2026-01-22T16:08:51.838Z info: $OpenSafeByPR finished
2026-01-22T16:21:54.652Z info: $OpenSafeByPR finished
2026-01-22T16:25:34.360Z info: $OpenSafeByPR finished
2026-01-22T16:31:28.766Z info: $OpenSafeByPR finished
2026-01-22T16:37:51.294Z info: $OpenSafeByPR finished
2026-01-22T16:46:27.760Z info: $OpenSafeByPR finished
2026-01-22T16:46:38.702Z info: $OpenSafeById finished
2026-01-22T16:47:04.630Z info: $OpenSafeByPR finished
2026-01-22T16:47:39.107Z info: $TrustDevice finished
2026-01-22T17:00:28.998Z info: $OpenSafeByPR finished
2026-01-22T17:01:31.398Z info: $TrustDevice finished
2026-01-22T17:06:42.645Z info: $TrustDevice finished
2026-01-22T17:08:26.184Z info: $TrustDevice finished
2026-01-22T17:08:39.139Z info: 9 operations registered
2026-01-22T17:08:39.142Z info: 8 document classes
2026-01-22T17:08:39.143Z info: SQLite  DB path= [D:\git\asocial2-srv\sqlite\testa.db3]
2026-01-22T17:08:39.144Z info: Firestore connector
2026-01-22T17:08:39.144Z info: SQLite  DB path= [D:\git\asocial2-srv\sqlite\testa.db3]
2026-01-22T17:08:39.145Z info: FilesystemStorage - path:[D:\git\asocial2-srv\filestorea
2026-01-22T17:08:39.145Z info: 9 App operations registered
2026-01-22T17:08:39.157Z info: HTTP listen [8080]
2026-01-22T17:09:15.298Z info: $TrustDevice finished
2026-01-22T17:33:53.865Z info: $OpenSafeByPin finished
2026-01-22T17:33:53.909Z info: $OpenSafeById finished
2026-01-22T17:34:10.040Z info: $OpenSafeById finished
2026-01-22T17:41:18.244Z info: $CreateSafe finished
2026-01-22T17:41:37.749Z info: $TrustDevice finished
2026-01-22T17:41:51.744Z info: $OpenSafeByPin finished
2026-01-22T17:41:51.782Z info: $OpenSafeById finished
2026-01-22T17:54:18.774Z info: $OpenSafeByPin finished
2026-01-22T17:54:18.816Z info: $OpenSafeById finished
2026-01-22T17:54:31.661Z info: $OpenSafeById finished
2026-01-22T17:54:43.587Z info: $OpenSafeByPin finished
2026-01-22T17:54:43.623Z info: $OpenSafeById finished
2026-01-22T17:54:59.590Z info: $OpenSafeById finished
2026-01-22T18:07:36.538Z info: $OpenSafeByPin finished
2026-01-22T18:07:36.574Z info: $OpenSafeById finished
2026-01-22T18:07:49.273Z info: $OpenSafeById finished
2026-01-22T18:08:24.094Z info: $OpenSafeById finished
2026-01-23T07:30:47.718Z info: 9 operations registered
2026-01-23T07:30:47.724Z info: 8 document classes
2026-01-23T07:30:47.726Z info: SQLite  DB path= [D:\git\asocial2-srv\sqlite\testa.db3]
2026-01-23T07:30:47.728Z info: Firestore connector
2026-01-23T07:30:47.729Z info: SQLite  DB path= [D:\git\asocial2-srv\sqlite\testa.db3]
2026-01-23T07:30:47.731Z info: FilesystemStorage - path:[D:\git\asocial2-srv\filestorea
2026-01-23T07:30:47.732Z info: 9 App operations registered
2026-01-23T07:30:47.756Z info: HTTP listen [8080]
2026-01-23T10:33:12.992Z info: $OpenSafeByPin finished
2026-01-23T10:33:13.033Z info: $OpenSafeById finished
2026-01-23T11:04:30.364Z info: $OpenSafeByPin finished
2026-01-23T11:04:30.427Z info: $OpenSafeById finished
2026-01-23T11:16:58.205Z info: $OpenSafeByPin finished
2026-01-23T11:16:58.261Z info: $OpenSafeById finished
2026-01-23T12:08:52.470Z info: 9 operations registered
2026-01-23T12:08:52.473Z info: 8 document classes
2026-01-23T12:08:52.474Z info: SQLite  DB path= [D:\git\asocial2-srv\sqlite\testa.db3]
2026-01-23T12:08:52.475Z info: Firestore connector
2026-01-23T12:08:52.475Z info: SQLite  DB path= [D:\git\asocial2-srv\sqlite\testa.db3]
2026-01-23T12:08:52.476Z info: FilesystemStorage - path:[D:\git\asocial2-srv\filestorea
2026-01-23T12:08:52.477Z info: 9 App operations registered
2026-01-23T12:08:52.490Z info: HTTP listen [8080]
2026-01-23T12:55:19.902Z info: $OpenSafeByPin finished
2026-01-23T12:55:19.962Z info: $OpenSafeById finished
2026-01-23T13:05:05.629Z info: $OpenSafeByPin finished
2026-01-23T13:05:05.671Z info: $OpenSafeById finished
2026-01-23T13:06:59.343Z info: $OpenSafeByPin finished
2026-01-23T13:06:59.426Z info: $OpenSafeById finished
2026-01-23T13:11:21.774Z info: $OpenSafeByPin finished
2026-01-23T13:11:21.823Z info: $OpenSafeById finished
2026-01-23T13:13:37.482Z info: $OpenSafeByPin finished
2026-01-23T13:13:37.536Z info: $OpenSafeById finished
2026-01-23T13:47:15.931Z info: $OpenSafeByPin finished
2026-01-23T13:47:16.021Z info: $OpenSafeById finished
2026-01-23T13:50:54.936Z info: $UpdateCreds finished
2026-01-23T13:57:45.978Z info: 9 operations registered
2026-01-23T13:57:45.982Z info: 8 document classes
2026-01-23T13:57:45.983Z info: SQLite  DB path= [D:\git\asocial2-srv\sqlite\testa.db3]
2026-01-23T13:57:45.984Z info: Firestore connector
2026-01-23T13:57:45.984Z info: SQLite  DB path= [D:\git\asocial2-srv\sqlite\testa.db3]
2026-01-23T13:57:45.985Z info: FilesystemStorage - path:[D:\git\asocial2-srv\filestorea
2026-01-23T13:57:45.985Z info: 9 App operations registered
2026-01-23T13:57:45.995Z info: HTTP listen [8080]
2026-01-23T14:12:33.987Z info: $OpenSafeByPin finished
2026-01-23T14:12:34.095Z info: $OpenSafeById finished
2026-01-23T14:16:35.012Z info: $UpdateCreds finished
2026-01-23T14:23:02.116Z info: $OpenSafeByPin finished
2026-01-23T14:23:02.177Z info: $OpenSafeById finished
2026-01-23T14:26:02.915Z info: $OpenSafeByPin finished
2026-01-23T14:26:02.967Z info: $OpenSafeById finished
2026-01-23T14:31:34.195Z info: $OpenSafeByPin finished
2026-01-23T14:31:34.258Z info: $OpenSafeById finished
2026-01-23T14:33:48.349Z info: $OpenSafeByPin finished
2026-01-23T14:33:48.407Z info: $OpenSafeById finished
2026-01-23T14:34:54.157Z info: $OpenSafeByPin finished
2026-01-23T14:34:54.278Z info: $OpenSafeById finished
2026-01-23T14:37:11.214Z info: $OpenSafeByPin finished
2026-01-23T14:37:11.349Z info: $OpenSafeById finished
2026-01-23T14:38:26.741Z info: $OpenSafeByPin finished
2026-01-23T14:38:26.917Z info: $OpenSafeById finished
2026-01-23T14:39:52.440Z info: $OpenSafeByPin finished
2026-01-23T14:39:52.485Z info: $OpenSafeById finished
2026-01-23T14:48:10.303Z info: 9 operations registered
2026-01-23T14:48:10.306Z info: 8 document classes
2026-01-23T14:48:10.307Z info: SQLite  DB path= [D:\git\asocial2-srv\sqlite\testa.db3]
2026-01-23T14:48:10.308Z info: Firestore connector
2026-01-23T14:48:10.308Z info: SQLite  DB path= [D:\git\asocial2-srv\sqlite\testa.db3]
2026-01-23T14:48:10.309Z info: FilesystemStorage - path:[D:\git\asocial2-srv\filestorea
2026-01-23T14:48:10.309Z info: 9 App operations registered
2026-01-23T14:48:10.318Z info: HTTP listen [8080]
2026-01-23T14:48:27.472Z info: $OpenSafeByPin finished
2026-01-23T14:48:27.519Z info: $OpenSafeById finished
2026-01-23T14:52:40.044Z info: $UpdateCreds finished
2026-01-23T14:55:51.482Z info: $OpenSafeByPin finished
2026-01-23T14:55:51.563Z info: $OpenSafeById finished
2026-01-23T14:58:12.337Z info: $OpenSafeByPin finished
2026-01-23T14:58:12.388Z info: $OpenSafeById finished
2026-01-23T15:28:18.724Z info: $UpdateCreds finished
2026-01-23T15:28:48.630Z info: $OpenSafeById finished
2026-01-23T15:29:55.765Z info: $OpenSafeById finished
2026-01-23T15:30:31.820Z info: $OpenSafeById finished
2026-01-24T13:19:48.897Z info: 9 operations registered
2026-01-24T13:19:48.905Z info: 8 document classes
2026-01-24T13:19:48.908Z info: SQLite  DB path= [/home/daniel/git/asocial2-srv/sqlite/testa.db3]
2026-01-24T13:19:48.910Z info: Firestore connector
2026-01-24T13:19:48.911Z info: SQLite  DB path= [/home/daniel/git/asocial2-srv/sqlite/testa.db3]
2026-01-24T13:19:48.912Z info: FilesystemStorage - path:[/home/daniel/git/asocial2-srv/filestorea
2026-01-24T13:19:48.913Z info: 9 App operations registered
2026-01-24T13:19:48.929Z info: HTTP listen [8080]
2026-01-24T13:22:25.950Z info: $OpenSafeByPR finished
2026-01-24T13:22:48.646Z info: $TrustDevice finished
2026-01-24T13:23:09.773Z info: $OpenSafeByPR finished
2026-01-24T13:23:21.218Z info: $TrustDevice finished
2026-01-24T13:23:38.715Z info: $OpenSafeById finished
2026-01-24T13:23:47.772Z info: $OpenSafeByPin finished
2026-01-24T13:23:47.938Z info: $OpenSafeById finished
2026-01-24T13:25:28.689Z info: $OpenSafeByPin finished
2026-01-24T13:25:28.954Z info: $OpenSafeById finished
2026-01-24T13:27:05.836Z info: $OpenSafeByPin finished
2026-01-24T13:27:05.937Z info: $OpenSafeById finished
2026-01-24T13:28:12.970Z info: 9 operations registered
2026-01-24T13:28:12.973Z info: 8 document classes
2026-01-24T13:28:12.974Z info: SQLite  DB path= [/home/daniel/git/asocial2-srv/sqlite/testa.db3]
2026-01-24T13:28:12.975Z info: Firestore connector
2026-01-24T13:28:12.976Z info: SQLite  DB path= [/home/daniel/git/asocial2-srv/sqlite/testa.db3]
2026-01-24T13:28:12.977Z info: FilesystemStorage - path:[/home/daniel/git/asocial2-srv/filestorea
2026-01-24T13:28:12.978Z info: 9 App operations registered
2026-01-24T13:28:12.991Z info: HTTP listen [8080]
2026-01-24T13:28:32.169Z info: $OpenSafeByPin finished
2026-01-24T13:28:32.381Z info: $OpenSafeById finished
2026-01-24T13:32:24.324Z info: 9 operations registered
2026-01-24T13:32:24.327Z info: 8 document classes
2026-01-24T13:32:24.327Z info: SQLite  DB path= [/home/daniel/git/asocial2-srv/sqlite/testa.db3]
2026-01-24T13:32:24.328Z info: Firestore connector
2026-01-24T13:32:24.328Z info: SQLite  DB path= [/home/daniel/git/asocial2-srv/sqlite/testa.db3]
2026-01-24T13:32:24.329Z info: FilesystemStorage - path:[/home/daniel/git/asocial2-srv/filestorea
2026-01-24T13:32:24.329Z info: 9 App operations registered
2026-01-24T13:32:24.341Z info: HTTP listen [8080]
2026-01-24T13:32:49.133Z info: $OpenSafeByPin finished
2026-01-24T13:33:12.751Z info: $OpenSafeByPR finished
2026-01-24T13:33:29.552Z info: $TrustDevice finished
2026-01-24T13:33:40.414Z info: $OpenSafeByPin finished
2026-01-24T13:34:38.193Z info: $OpenSafeByPR finished
2026-01-24T13:34:55.723Z info: $TrustDevice finished
2026-01-24T13:35:15.383Z info: $OpenSafeByPin finished
2026-01-24T13:35:15.492Z info: $OpenSafeById finished
2026-01-24T13:35:38.963Z info: $OpenSafeByPR finished
2026-01-24T13:35:49.623Z info: $TrustDevice finished
2026-01-24T13:36:48.535Z info: $OpenSafeById finished
2026-01-24T13:55:08.698Z info: $OpenSafeByPin finished
2026-01-24T13:55:08.826Z info: $OpenSafeById finished
2026-01-29T14:22:33.867Z info: 9 operations registered
2026-01-29T14:22:33.870Z info: 8 document classes
2026-01-29T14:22:33.871Z info: SQLite  DB path= [D:\git\asocial2-srv\sqlite\testa.db3]
2026-01-29T14:22:33.871Z info: Firestore connector
2026-01-29T14:22:33.872Z info: SQLite  DB path= [D:\git\asocial2-srv\sqlite\testa.db3]
2026-01-29T14:22:33.873Z info: FilesystemStorage - path:[D:\git\asocial2-srv\filestorea
2026-01-29T14:22:33.873Z info: 9 App operations registered
2026-01-29T14:22:33.882Z info: HTTP listen [8080]
2026-01-29T14:22:35.867Z info: $OpenSafeByPin finished
2026-01-29T14:22:35.906Z info: $OpenSafeById finished
2026-01-29T14:27:23.926Z info: 9 operations registered
2026-01-29T14:27:23.929Z info: 8 document classes
2026-01-29T14:27:23.930Z info: SQLite  DB path= [D:\git\asocial2-srv\sqlite\testa.db3]
2026-01-29T14:27:23.931Z info: Firestore connector
2026-01-29T14:27:23.931Z info: SQLite  DB path= [D:\git\asocial2-srv\sqlite\testa.db3]
2026-01-29T14:27:23.932Z info: FilesystemStorage - path:[D:\git\asocial2-srv\filestorea
2026-01-29T14:27:23.932Z info: 9 App operations registered
2026-01-29T14:27:23.941Z info: HTTP listen [8080]
2026-01-29T14:31:59.004Z info: 9 operations registered
2026-01-29T14:31:59.008Z info: 8 document classes
2026-01-29T14:31:59.009Z info: SQLite  DB path= [D:\git\asocial2-srv\sqlite\testa.db3]
2026-01-29T14:31:59.009Z info: Firestore connector
2026-01-29T14:31:59.010Z info: SQLite  DB path= [D:\git\asocial2-srv\sqlite\testa.db3]
2026-01-29T14:31:59.010Z info: FilesystemStorage - path:[D:\git\asocial2-srv\filestorea
2026-01-29T14:31:59.011Z info: 9 App operations registered
2026-01-29T14:31:59.021Z info: HTTP listen [8080]
2026-01-29T14:32:40.836Z info: $StatusSafe finished
2026-01-29T14:37:38.671Z info: 9 operations registered
2026-01-29T14:37:38.675Z info: 8 document classes
2026-01-29T14:37:38.675Z info: SQLite  DB path= [D:\git\asocial2-srv\sqlite\testa.db3]
2026-01-29T14:37:38.676Z info: Firestore connector
2026-01-29T14:37:38.676Z info: SQLite  DB path= [D:\git\asocial2-srv\sqlite\testa.db3]
2026-01-29T14:37:38.677Z info: FilesystemStorage - path:[D:\git\asocial2-srv\filestorea
2026-01-29T14:37:38.677Z info: 9 App operations registered
2026-01-29T14:37:38.687Z info: HTTP listen [8080]
2026-01-29T14:40:16.406Z info: $StatusSafe finished
2026-01-29T14:42:01.529Z info: 9 operations registered
2026-01-29T14:42:01.532Z info: 8 document classes
2026-01-29T14:42:01.533Z info: SQLite  DB path= [D:\git\asocial2-srv\sqlite\testa.db3]
2026-01-29T14:42:01.534Z info: Firestore connector
2026-01-29T14:42:01.534Z info: SQLite  DB path= [D:\git\asocial2-srv\sqlite\testa.db3]
2026-01-29T14:42:01.535Z info: FilesystemStorage - path:[D:\git\asocial2-srv\filestorea
2026-01-29T14:42:01.535Z info: 9 App operations registered
2026-01-29T14:42:01.546Z info: HTTP listen [8080]
2026-01-29T14:43:13.188Z info: $StatusSafe finished
2026-01-29T14:44:13.504Z info: $CreateSafe finished
2026-01-30T15:06:06.980Z info: 9 operations registered
2026-01-30T15:06:06.983Z info: 8 document classes
2026-01-30T15:06:06.984Z info: SQLite  DB path= [D:\git\asocial2-srv\sqlite\testa.db3]
2026-01-30T15:06:06.984Z info: Firestore connector
2026-01-30T15:06:06.985Z info: SQLite  DB path= [D:\git\asocial2-srv\sqlite\testa.db3]
2026-01-30T15:06:06.986Z info: FilesystemStorage - path:[D:\git\asocial2-srv\filestorea
2026-01-30T15:06:06.986Z info: 9 App operations registered
2026-01-30T15:06:06.998Z info: HTTP listen [8080]
2026-01-30T15:22:03.033Z info: $CreateSafe finished
2026-01-30T15:28:02.529Z info: $CreateSafe finished
2026-01-30T15:28:52.310Z info: $CreateSafe finished
2026-01-30T15:29:41.032Z info: $TrustDevice finished
2026-01-30T15:32:15.433Z info: $CreateSafe finished
2026-01-30T15:33:10.342Z info: $UpdateCreds finished
2026-01-30T15:37:58.237Z info: $OpenSafeByPin finished
2026-01-30T15:37:58.326Z info: $OpenSafeById finished
2026-01-30T15:38:37.551Z info: $UpdateCreds finished
2026-01-30T15:41:34.906Z info: $OpenSafeByPin finished
2026-01-30T15:41:34.942Z info: $OpenSafeById finished
2026-01-30T15:42:43.040Z info: $OpenSafeByPin finished
2026-01-30T15:42:43.075Z info: $OpenSafeById finished
2026-01-30T15:44:15.446Z info: $GetPublicKeys terminated on exception
2026-01-30T15:44:15.448Z error: AppExc: 3001:unexpected exception["(intermediate value) is not iterable"]
2026-01-30T15:47:33.969Z info: $GetPublicKeys terminated on exception
2026-01-30T15:47:33.971Z error: AppExc: 3001:unexpected exception["(intermediate value) is not iterable"]
2026-01-30T15:48:58.393Z info: $GetPublicKeys terminated on exception
2026-01-30T15:48:58.395Z error: AppExc: 3001:unexpected exception["(intermediate value) is not iterable"]
2026-01-30T15:50:26.707Z info: $OpenSafeByPin finished
2026-01-30T15:50:26.757Z info: $OpenSafeById finished
2026-01-30T15:51:32.119Z info: $GetPublicKeys terminated on exception
2026-01-30T15:51:32.121Z error: AppExc: 3001:unexpected exception["(intermediate value) is not iterable"]
2026-01-30T15:52:29.943Z info: 9 operations registered
2026-01-30T15:52:29.947Z info: 8 document classes
2026-01-30T15:52:29.948Z info: SQLite  DB path= [D:\git\asocial2-srv\sqlite\testa.db3]
2026-01-30T15:52:29.948Z info: Firestore connector
2026-01-30T15:52:29.949Z info: SQLite  DB path= [D:\git\asocial2-srv\sqlite\testa.db3]
2026-01-30T15:52:29.950Z info: FilesystemStorage - path:[D:\git\asocial2-srv\filestorea
2026-01-30T15:52:29.950Z info: 9 App operations registered
2026-01-30T15:52:29.962Z info: HTTP listen [8080]
2026-01-30T15:53:05.307Z info: $OpenSafeByPin finished
2026-01-30T15:53:05.356Z info: $OpenSafeById finished
2026-01-30T15:56:25.640Z info: 9 operations registered
2026-01-30T15:56:25.644Z info: 8 document classes
2026-01-30T15:56:25.646Z info: SQLite  DB path= [D:\git\asocial2-srv\sqlite\testa.db3]
2026-01-30T15:56:25.648Z info: Firestore connector
2026-01-30T15:56:25.649Z info: SQLite  DB path= [D:\git\asocial2-srv\sqlite\testa.db3]
2026-01-30T15:56:25.650Z info: FilesystemStorage - path:[D:\git\asocial2-srv\filestorea
2026-01-30T15:56:25.650Z info: 9 App operations registered
2026-01-30T15:56:25.669Z info: HTTP listen [8080]
2026-01-30T16:05:14.397Z info: $OpenSafeByPin finished
2026-01-30T16:05:14.492Z info: $OpenSafeById finished
2026-01-30T16:06:35.061Z info: $GetPublicKeys finished
2026-01-30T16:12:00.716Z info: $OpenSafeByPin finished
2026-01-30T16:12:00.759Z info: $OpenSafeById finished
2026-01-30T16:12:50.540Z info: 9 operations registered
2026-01-30T16:12:50.545Z info: 8 document classes
2026-01-30T16:12:50.548Z info: SQLite  DB path= [D:\git\asocial2-srv\sqlite\testa.db3]
2026-01-30T16:12:50.549Z info: Firestore connector
2026-01-30T16:12:50.566Z info: SQLite  DB path= [D:\git\asocial2-srv\sqlite\testa.db3]
2026-01-30T16:12:50.567Z info: FilesystemStorage - path:[D:\git\asocial2-srv\filestorea
2026-01-30T16:12:50.568Z info: 9 App operations registered
2026-01-30T16:12:50.588Z info: HTTP listen [8080]
2026-01-30T16:13:11.171Z info: $GetPublicKeys finished
2026-01-30T16:15:51.312Z info: $TransmitCred finished
2026-01-30T16:16:29.777Z info: $OpenSafeByPin finished
2026-01-30T16:16:29.820Z info: $OpenSafeById finished
2026-01-30T16:17:57.618Z info: $UpdateCreds finished
2026-01-30T16:18:31.837Z info: $GetPublicKeys finished
2026-01-30T16:18:35.843Z info: $TransmitCred finished
2026-01-30T16:19:22.113Z info: $OpenSafeByPR finished
2026-01-30T16:19:45.537Z info: $TrustDevice finished
2026-01-30T16:20:02.757Z info: $OpenSafeByPin finished
2026-01-30T16:20:02.796Z info: $OpenSafeById finished
2026-01-30T16:20:45.399Z info: $OpenSafeByPin finished
2026-01-30T16:20:45.464Z info: $OpenSafeById finished
2026-01-30T16:22:50.130Z info: $OpenSafeByPin finished
2026-01-30T16:22:50.172Z info: $OpenSafeById finished
2026-01-30T16:56:17.595Z info: $OpenSafeByPin finished
2026-01-30T16:56:17.636Z info: $OpenSafeById finished
2026-01-30T16:59:13.944Z info: $OpenSafeByPin finished
2026-01-30T16:59:13.978Z info: $OpenSafeById finished
2026-01-30T17:00:47.870Z info: $UpdateCreds finished
2026-01-30T17:05:48.675Z info: $GetPublicKeys finished
2026-01-30T17:07:26.832Z info: $OpenSafeByPin finished
2026-01-30T17:07:41.447Z info: $OpenSafeByPin finished
2026-01-30T17:07:56.846Z info: $OpenSafeByPin finished
2026-01-30T17:08:20.167Z info: $OpenSafeByPR finished
2026-01-30T17:11:14.894Z info: 9 operations registered
2026-01-30T17:11:14.898Z info: 8 document classes
2026-01-30T17:11:14.899Z info: SQLite  DB path= [D:\git\asocial2-srv\sqlite\testa.db3]
2026-01-30T17:11:14.899Z info: Firestore connector
2026-01-30T17:11:14.900Z info: SQLite  DB path= [D:\git\asocial2-srv\sqlite\testa.db3]
2026-01-30T17:11:14.901Z info: FilesystemStorage - path:[D:\git\asocial2-srv\filestorea
2026-01-30T17:11:14.901Z info: 9 App operations registered
2026-01-30T17:11:14.911Z info: HTTP listen [8080]
2026-01-30T17:11:21.154Z info: $CreateSafe finished
2026-01-30T17:11:56.966Z info: $TrustDevice finished
2026-01-30T17:16:48.576Z info: $OpenSafeByPR finished
2026-01-30T17:16:54.365Z info: $UntrustDevice finished
2026-01-30T17:18:13.193Z info: $OpenSafeByPR finished
2026-01-30T17:18:28.009Z info: $TrustDevice finished
2026-01-30T17:19:27.243Z info: $TrustDevice finished
2026-01-30T17:23:36.444Z info: $OpenSafeByPin finished
2026-01-30T17:23:36.509Z info: $OpenSafeById finished
2026-01-30T17:27:19.532Z info: $OpenSafeByPin finished
2026-01-30T17:27:19.570Z info: $OpenSafeById finished
2026-01-30T17:28:10.668Z info: $OpenSafeByPR finished
2026-01-30T17:28:36.825Z info: $UntrustDevice finished
2026-01-30T17:31:48.679Z info: $OpenSafeByPR finished
2026-01-30T17:33:22.189Z info: $OpenSafeByPR finished
2026-01-30T17:35:37.324Z info: $OpenSafeByPR finished
2026-01-30T17:37:45.491Z info: $OpenSafeByPR finished
2026-01-30T17:41:55.239Z info: $OpenSafeByPR finished
2026-01-30T17:45:39.175Z info: $OpenSafeByPR finished
2026-01-30T17:48:17.600Z info: $OpenSafeByPR finished
2026-01-30T17:50:32.583Z info: $OpenSafeByPR finished
2026-01-30T17:58:24.643Z info: $OpenSafeByPR finished
2026-01-30T18:05:09.476Z info: $OpenSafeByPR finished
2026-01-30T18:05:23.006Z info: $TrustDevice finished
2026-01-30T18:05:53.239Z info: $UpdateCreds finished
2026-01-30T18:07:31.003Z info: $OpenSafeByPR finished
2026-01-30T18:15:41.576Z info: $CreateSafe finished
2026-01-30T18:16:01.166Z info: $TrustDevice finished
2026-01-30T18:16:32.727Z info: $UpdateCreds finished
2026-01-30T18:17:12.190Z info: $GetPublicKeys finished
2026-01-30T18:17:45.105Z info: $TransmitCred finished
2026-01-30T18:18:16.753Z info: $OpenSafeByPin finished
2026-01-30T18:18:16.794Z info: $OpenSafeById finished
2026-01-30T18:19:19.115Z info: $UpdateCreds finished
2026-01-30T18:19:46.947Z info: $OpenSafeByPin finished
2026-01-30T18:19:46.985Z info: $OpenSafeById finished
2026-01-31T09:08:26.880Z info: 9 operations registered
2026-01-31T09:08:26.884Z info: 8 document classes
2026-01-31T09:08:26.885Z info: SQLite  DB path= [D:\git\asocial2-srv\sqlite\testa.db3]
2026-01-31T09:08:26.886Z info: Firestore connector
2026-01-31T09:08:26.886Z info: SQLite  DB path= [D:\git\asocial2-srv\sqlite\testa.db3]
2026-01-31T09:08:26.887Z info: FilesystemStorage - path:[D:\git\asocial2-srv\filestorea
2026-01-31T09:08:26.887Z info: 9 App operations registered
2026-01-31T09:08:26.896Z info: HTTP listen [8080]
2026-01-31T09:09:02.251Z info: $OpenSafeByPin finished
2026-01-31T09:09:02.300Z info: $OpenSafeById finished
2026-01-31T09:09:46.199Z info: $OpenSafeByPin finished
2026-01-31T09:09:46.239Z info: $OpenSafeById finished
2026-01-31T09:12:08.322Z info: $OpenSafeByPin finished
2026-01-31T09:12:08.360Z info: $OpenSafeById finished
2026-01-31T09:15:42.015Z info: $OpenSafeByPin finished
2026-01-31T09:15:42.064Z info: $OpenSafeById finished
2026-01-31T09:16:33.976Z info: $GetPublicKeys finished
2026-01-31T09:16:53.019Z info: $TransmitCred finished
2026-01-31T09:17:28.664Z info: $OpenSafeByPin finished
2026-01-31T09:17:28.707Z info: $OpenSafeById finished
2026-01-31T09:21:45.015Z info: $OpenSafeByPin finished
2026-01-31T09:21:45.061Z info: $OpenSafeById finished
2026-01-31T09:22:37.331Z info: $UpdateCreds finished
2026-01-31T09:23:07.913Z info: $OpenSafeByPin finished
2026-01-31T09:23:07.951Z info: $OpenSafeById finished
2026-01-31T09:23:43.532Z info: $OpenSafeByPin finished
2026-01-31T09:23:43.568Z info: $OpenSafeById finished
2026-01-31T12:13:37.952Z info: 9 operations registered
2026-01-31T12:13:37.955Z info: 8 document classes
2026-01-31T12:13:37.955Z info: SQLite  DB path= [D:\git\asocial2-srv\sqlite\testa.db3]
2026-01-31T12:13:37.956Z info: Firestore connector
2026-01-31T12:13:37.956Z info: FilesystemStorage - path:[D:\git\asocial2-srv\filestorea
2026-01-31T12:13:37.957Z info: 9 App operations registered
2026-01-31T12:14:44.303Z info: Reloading orgs config OK
2026-01-31T12:14:50.455Z info: HTTP listen [8080]
2026-01-31T13:22:13.721Z info: EchoText : 2026-01-31T13:22:10.640Z
2026-01-31T13:22:14.396Z info: AppExc: 1010:invalid argument@EchoText:["text"]
2026-01-31T13:22:31.262Z info: EchoText terminated on exception
2026-01-31T13:23:16.448Z info: Reloading orgs config OK
2026-01-31T13:23:47.624Z info: EchoText : 2026-01-31T13:23:37.447Z
2026-01-31T13:24:19.978Z info: AppExc: 1010:invalid argument@EchoText:["text"]
2026-01-31T13:24:41.942Z info: EchoText terminated on exception
2026-01-31T13:24:59.379Z info: EchoText : 2026-01-31T13:24:57.528Z
2026-01-31T13:25:04.169Z info: EchoText finished
2026-01-31T13:26:10.900Z info: GetSrvStatus : 2026-01-31T13:26:10.900Z
2026-01-31T13:26:10.904Z error: GetSrvStatus : 2026-01-31T13:26:10.900Z : TypeError: Cannot read properties of null (reading 'getConnexion')
2026-01-31T13:26:10.905Z info: GetSrvStatus terminated on exception
2026-01-31T13:26:10.910Z error: AppExc: 3001:unexpected exception["Cannot read properties of null (reading 'getConnexion')"]
2026-01-31T13:26:39.631Z info: Reloading orgs config OK
2026-01-31T13:31:09.221Z info: 9 operations registered
2026-01-31T13:31:09.224Z info: 8 document classes
2026-01-31T13:31:09.225Z info: SQLite  DB path= [D:\git\asocial2-srv\sqlite\testa.db3]
2026-01-31T13:31:09.226Z info: Firestore connector
2026-01-31T13:31:09.226Z info: FilesystemStorage - path:[D:\git\asocial2-srv\filestorea
2026-01-31T13:31:09.227Z info: 9 App operations registered
2026-01-31T13:31:12.621Z info: Reloading orgs config OK
2026-01-31T13:31:12.629Z info: HTTP listen [8080]
2026-01-31T13:31:30.731Z info: EchoText : 2026-01-31T13:31:29.041Z
2026-01-31T13:31:30.733Z info: EchoText finished
2026-01-31T13:32:46.881Z info: EchoText : 2026-01-31T13:32:39.268Z
2026-01-31T13:32:46.883Z info: EchoText finished
2026-01-31T13:33:29.052Z info: GetSrvStatus : 2026-01-31T13:33:08.934Z
2026-01-31T13:33:49.547Z error: GetSrvStatus : 2026-01-31T13:33:08.934Z : TypeError: Cannot read properties of null (reading 'getConnexion')
2026-01-31T13:33:49.549Z info: GetSrvStatus terminated on exception
2026-01-31T13:33:49.552Z error: AppExc: 3001:unexpected exception["Cannot read properties of null (reading 'getConnexion')"]
2026-01-31T13:42:49.786Z info: 9 operations registered
2026-01-31T13:42:49.790Z info: 8 document classes
2026-01-31T13:42:49.791Z info: SQLite  DB path= [D:\git\asocial2-srv\sqlite\testa.db3]
2026-01-31T13:42:49.792Z info: Firestore connector
2026-01-31T13:42:49.792Z info: FilesystemStorage - path:[D:\git\asocial2-srv\filestorea
2026-01-31T13:42:49.793Z info: 9 App operations registered
2026-01-31T13:42:49.809Z info: Reloading orgs config OK
2026-01-31T13:42:49.815Z info: HTTP listen [8080]
2026-01-31T13:43:05.465Z info: AppExc: 1002:unknown organisation["GetSrvStatus","none"]
2026-01-31T13:43:05.468Z info: GetSrvStatus terminated on exception
2026-01-31T13:54:16.831Z info: GetSrvStatus : 2026-01-31T13:54:16.828Z
2026-01-31T13:54:16.836Z info: auths : 0 - 
2026-01-31T13:54:26.172Z info: GetSrvStatus finished
2026-01-31T13:54:26.179Z info: Reloading orgs config OK
2026-01-31T14:02:57.975Z info: GetSrvStatus : 2026-01-31T14:02:57.975Z
2026-01-31T14:02:57.979Z info: auths : 0 - 
2026-01-31T14:03:02.961Z info: GetSrvStatus finished
2026-01-31T14:03:02.966Z info: Reloading orgs config OK
2026-01-31T14:03:10.680Z info: SetSrvStatus : 2026-01-31T14:03:10.679Z
2026-01-31T14:03:10.683Z info: auths : 1769868190673 - ADMIN
2026-01-31T14:03:31.451Z error: Op.run.phase2 - DB error - SQLITE_ERROR
no such column: pk
SqliteError: no such column: pk
    at Database.prepare (D:\git\asocial2-srv\node_modules\better-sqlite3\lib\methods\wrappers.js:5:21)
    at AppSQLiteConnexion.setSingleton (D:\git\asocial2-srv\src-sqlite\index.ts:350:27)
    at SetSrvStatus.phase2 (D:\git\asocial2-srv\src-fw\operations.ts:89:19)
    at SetSrvStatus.transac (D:\git\asocial2-srv\src-fw\operation.ts:138:16)
    at process.processTicksAndRejections (node:internal/process/task_queues:105:5)
    at async AppSQLiteConnexion.doTransaction (D:\git\asocial2-srv\src-sqlite\index.ts:379:7)
    at async SetSrvStatus.run (D:\git\asocial2-srv\src-fw\operation.ts:158:30)
    at async doOp (D:\git\asocial2-srv\src-fw\index.ts:358:5)
    at async IncomingMessage.<anonymous> (D:\git\asocial2-srv\src-fw\index.ts:199:9)
ROLLBACK
BEGIN
PRAGMA journal_mode = WAL
2026-01-31T14:03:31.456Z info: AppExc: 11:DB error@SetSrvStatus:["SQLITE_ERROR\nno such column: pk\nSqliteError: no such column: pk\n    at Database.prepare (D:\\git\\asocial2-srv\\node_modules\\better-sqlite3\\lib\\methods\\wrappers.js:5:21)\n    at AppSQLiteConnexion.setSingleton (D:\\git\\asocial2-srv\\src-sqlite\\index.ts:350:27)\n    at SetSrvStatus.phase2 (D:\\git\\asocial2-srv\\src-fw\\operations.ts:89:19)\n    at SetSrvStatus.transac (D:\\git\\asocial2-srv\\src-fw\\operation.ts:138:16)\n    at process.processTicksAndRejections (node:internal/process/task_queues:105:5)\n    at async AppSQLiteConnexion.doTransaction (D:\\git\\asocial2-srv\\src-sqlite\\index.ts:379:7)\n    at async SetSrvStatus.run (D:\\git\\asocial2-srv\\src-fw\\operation.ts:158:30)\n    at async doOp (D:\\git\\asocial2-srv\\src-fw\\index.ts:358:5)\n    at async IncomingMessage.<anonymous> (D:\\git\\asocial2-srv\\src-fw\\index.ts:199:9)\nROLLBACK\nBEGIN\nPRAGMA journal_mode = WAL"]
2026-01-31T14:03:31.458Z error: SetSrvStatus : 2026-01-31T14:03:10.679Z : AppExc: 11:DB error@SetSrvStatus:["SQLITE_ERROR\nno such column: pk\nSqliteError: no such column: pk\n    at Database.prepare (D:\\git\\asocial2-srv\\node_modules\\better-sqlite3\\lib\\methods\\wrappers.js:5:21)\n    at AppSQLiteConnexion.setSingleton (D:\\git\\asocial2-srv\\src-sqlite\\index.ts:350:27)\n    at SetSrvStatus.phase2 (D:\\git\\asocial2-srv\\src-fw\\operations.ts:89:19)\n    at SetSrvStatus.transac (D:\\git\\asocial2-srv\\src-fw\\operation.ts:138:16)\n    at process.processTicksAndRejections (node:internal/process/task_queues:105:5)\n    at async AppSQLiteConnexion.doTransaction (D:\\git\\asocial2-srv\\src-sqlite\\index.ts:379:7)\n    at async SetSrvStatus.run (D:\\git\\asocial2-srv\\src-fw\\operation.ts:158:30)\n    at async doOp (D:\\git\\asocial2-srv\\src-fw\\index.ts:358:5)\n    at async IncomingMessage.<anonymous> (D:\\git\\asocial2-srv\\src-fw\\index.ts:199:9)\nROLLBACK\nBEGIN\nPRAGMA journal_mode = WAL"]
2026-01-31T14:03:31.459Z info: SetSrvStatus terminated on exception
2026-01-31T14:04:53.202Z info: 9 operations registered
2026-01-31T14:04:53.205Z info: 8 document classes
2026-01-31T14:04:53.206Z info: SQLite  DB path= [D:\git\asocial2-srv\sqlite\testa.db3]
2026-01-31T14:04:53.207Z info: Firestore connector
2026-01-31T14:04:53.207Z info: FilesystemStorage - path:[D:\git\asocial2-srv\filestorea
2026-01-31T14:04:53.208Z info: 9 App operations registered
2026-01-31T14:04:53.221Z info: Reloading orgs config OK
2026-01-31T14:04:53.227Z info: HTTP listen [8080]
2026-01-31T14:05:05.686Z info: SetSrvStatus : 2026-01-31T14:05:05.682Z
2026-01-31T14:05:05.690Z info: auths : 1769868305662 - ADMIN
2026-01-31T14:05:14.879Z info: SetSrvStatus finished
2026-01-31T14:05:24.727Z info: SetSrvStatus : 2026-01-31T14:05:24.726Z
2026-01-31T14:05:24.730Z info: auths : 1769868324720 - ADMIN
2026-01-31T14:05:31.798Z info: SetSrvStatus finished
2026-01-31T14:05:39.286Z info: GetSrvStatus : 2026-01-31T14:05:39.285Z
2026-01-31T14:05:39.288Z info: auths : 0 - 
2026-01-31T14:05:47.096Z info: GetSrvStatus finished
2026-01-31T14:05:54.054Z info: SetSrvStatus : 2026-01-31T14:05:54.053Z
2026-01-31T14:05:54.056Z info: auths : 1769868354047 - ADMIN
2026-01-31T14:05:54.058Z info: SetSrvStatus finished
2026-01-31T14:06:06.765Z info: EchoText : 2026-01-31T14:06:06.764Z
2026-01-31T14:06:06.772Z info: EchoText finished
2026-01-31T14:06:58.771Z info: EchoText : 2026-01-31T14:06:58.771Z
2026-01-31T14:06:58.776Z info: EchoText finished
2026-02-01T09:58:28.459Z info: 9 operations registered
2026-02-01T09:58:28.463Z info: 8 document classes
2026-02-01T09:58:28.464Z info: SQLite  DB path= [D:\git\asocial2-srv\sqlite\testa.db3]
2026-02-01T09:58:28.465Z info: Firestore connector
2026-02-01T09:58:28.465Z info: FilesystemStorage - path:[D:\git\asocial2-srv\filestorea
2026-02-01T09:58:28.466Z info: 9 App operations registered
2026-02-01T09:58:28.585Z info: Reloading orgs config OK
2026-02-01T09:58:28.592Z info: HTTP listen [8080]
2026-02-01T09:59:05.556Z info: $OpenSafeByPin finished
2026-02-01T09:59:41.687Z info: $OpenSafeByPR finished
2026-02-01T10:01:11.097Z info: $OpenSafeByPR finished
2026-02-01T10:02:20.630Z info: $OpenSafeByPR finished
2026-02-01T10:12:22.993Z info: 9 operations registered
2026-02-01T10:12:22.996Z info: 8 document classes
2026-02-01T10:12:22.996Z info: SQLite  DB path= [D:\git\asocial2-srv\sqlite\testa.db3]
2026-02-01T10:12:22.997Z info: Firestore connector
2026-02-01T10:12:22.997Z info: FilesystemStorage - path:[D:\git\asocial2-srv\filestorea
2026-02-01T10:12:22.998Z info: 9 App operations registered
2026-02-01T10:12:23.014Z info: Reloading orgs config OK
2026-02-01T10:12:23.020Z info: HTTP listen [8080]
2026-02-01T10:13:30.616Z info: $CreateSafe finished
2026-02-01T10:14:05.827Z info: $TrustDevice finished
2026-02-01T10:14:34.904Z info: $UpdateCreds finished
2026-02-01T10:16:09.214Z info: $GetBinSafe finished
2026-02-01T10:18:03.518Z info: $OpenSafeByPin finished
2026-02-01T10:18:03.569Z info: $OpenSafeById finished
2026-02-01T10:18:22.036Z info: $GetBinSafe finished
2026-02-01T10:35:44.414Z info: $OpenSafeByPin finished
2026-02-01T10:35:44.465Z info: $OpenSafeById finished
2026-02-01T10:35:48.233Z info: $GetBinSafe finished
2026-02-01T10:40:59.923Z info: $GetBinSafe finished
2026-02-01T10:42:57.360Z info: $CreateSafe finished
2026-02-01T10:43:11.803Z info: $TrustDevice finished
2026-02-01T10:43:18.641Z info: $GetBinSafe finished
2026-02-01T10:44:56.031Z info: $GetBinSafe finished
2026-02-01T10:45:57.108Z info: $UpdateCreds finished
2026-02-01T10:46:52.007Z info: $GetPublicKeys finished
2026-02-01T10:46:52.032Z info: $TransmitCred finished
2026-02-01T10:47:30.664Z info: $OpenSafeByPin finished
2026-02-01T10:47:30.703Z info: $OpenSafeById finished
2026-02-01T10:47:30.731Z info: $UpdateCreds finished
2026-02-01T10:47:54.040Z info: $OpenSafeByPin finished
2026-02-01T10:47:54.079Z info: $OpenSafeById finished
2026-02-01T10:51:48.300Z info: 9 operations registered
2026-02-01T10:51:48.303Z info: 8 document classes
2026-02-01T10:51:48.304Z info: SQLite  DB path= [D:\git\asocial2-srv\sqlite\testa.db3]
2026-02-01T10:51:48.304Z info: Firestore connector
2026-02-01T10:51:48.304Z info: FilesystemStorage - path:[D:\git\asocial2-srv\filestorea
2026-02-01T10:51:48.305Z info: 9 App operations registered
2026-02-01T14:02:16.000Z info: 9 operations registered
2026-02-01T14:02:16.004Z info: 8 document classes
2026-02-01T14:02:16.004Z info: SQLite  DB path= [D:\git\asocial2-srv\sqlite\testa.db3]
2026-02-01T14:02:16.005Z info: Firestore connector
2026-02-01T14:02:16.005Z info: FilesystemStorage - path:[D:\git\asocial2-srv\filestorea
2026-02-01T14:02:16.005Z info: 9 App operations registered
2026-02-01T14:02:16.152Z info: Reloading orgs config OK
2026-02-01T14:02:16.157Z info: HTTP listen [8080]
2026-02-01T14:02:16.289Z info: $StatusSafe finished
2026-02-01T14:53:20.707Z info: $StatusSafe finished
2026-02-01T14:56:42.172Z info: $StatusSafe finished
2026-02-01T14:58:17.023Z info: $StatusSafe finished
2026-02-01T15:06:19.232Z info: $StatusSafe finished
2026-02-01T15:09:04.745Z info: $StatusSafe finished
2026-02-01T15:10:14.509Z info: $StatusSafe finished
2026-02-01T15:11:22.350Z info: $StatusSafe finished
2026-02-01T15:12:20.600Z info: $StatusSafe finished
2026-02-01T16:06:50.223Z info: $StatusSafe finished
2026-02-01T16:09:01.303Z info: $StatusSafe finished
2026-02-01T16:42:32.460Z info: 9 operations registered
2026-02-01T16:42:32.464Z info: 8 document classes
2026-02-01T16:42:32.465Z info: SQLite  DB path= [D:\git\asocial2-srv\sqlite\testa.db3]
2026-02-01T16:42:32.465Z info: Firestore connector
2026-02-01T16:42:32.466Z info: FilesystemStorage - path:[D:\git\asocial2-srv\filestorea
2026-02-01T16:42:32.466Z info: 9 App operations registered
2026-02-01T16:42:32.480Z info: Reloading orgs config OK
2026-02-01T16:42:32.486Z info: HTTP listen [8080]
2026-02-01T16:54:22.533Z info: 9 operations registered
2026-02-01T16:54:22.536Z info: 8 document classes
2026-02-01T16:54:22.537Z info: SQLite  DB path= [D:\git\asocial2-srv\sqlite\testa.db3]
2026-02-01T16:54:22.537Z info: Firestore connector
2026-02-01T16:54:22.538Z info: FilesystemStorage - path:[D:\git\asocial2-srv\filestorea
2026-02-01T16:54:22.538Z info: 9 App operations registered
2026-02-01T16:54:22.552Z info: Reloading orgs config OK
2026-02-01T16:54:22.557Z info: HTTP listen [8080]
2026-02-01T16:55:03.812Z info: $StatusSafe finished
2026-02-01T16:55:53.743Z info: $StatusSafe finished
2026-02-01T16:58:32.397Z info: $StatusSafe finished
2026-02-01T16:59:07.393Z info: $StatusSafe finished
2026-02-01T16:59:57.257Z info: $RestoreSafe finished
2026-02-02T09:15:47.334Z info: 9 operations registered
2026-02-02T09:15:47.337Z info: 8 document classes
2026-02-02T09:15:47.338Z info: SQLite  DB path= [D:\git\asocial2-srv\sqlite\testa.db3]
2026-02-02T09:15:47.339Z info: Firestore connector
2026-02-02T09:15:47.340Z info: FilesystemStorage - path:[D:\git\asocial2-srv\filestorea
2026-02-02T09:15:47.340Z info: 9 App operations registered
2026-02-02T09:15:47.444Z info: Reloading orgs config OK
2026-02-02T09:15:47.449Z info: HTTP listen [8080]
2026-02-02T09:15:47.648Z info: $OpenSafeByPin finished
2026-02-02T09:15:47.690Z info: $OpenSafeById finished
2026-02-02T09:29:13.212Z info: $OpenSafeByPin finished
2026-02-02T09:29:13.248Z info: $OpenSafeById finished
2026-02-02T09:51:31.611Z info: 9 operations registered
2026-02-02T09:51:31.615Z info: 8 document classes
2026-02-02T09:51:31.616Z info: SQLite  DB path= [D:\git\asocial2-srv\sqlite\testa.db3]
2026-02-02T09:51:31.617Z info: Firestore connector
2026-02-02T09:51:31.618Z info: FilesystemStorage - path:[D:\git\asocial2-srv\filestorea
2026-02-02T09:51:31.619Z info: 9 App operations registered
2026-02-02T09:51:31.635Z info: Reloading orgs config OK
2026-02-02T09:51:31.642Z info: HTTP listen [8080]
2026-02-02T10:01:57.971Z info: $OpenSafeByPin finished
2026-02-02T10:01:58.024Z info: $OpenSafeById finished
2026-02-02T10:03:33.656Z info: $UntrustDevices finished
2026-02-02T10:05:07.159Z info: $UntrustDevices finished
2026-02-02T10:18:20.003Z info: $OpenSafeByPR finished
2026-02-02T10:18:44.603Z info: $TrustDevice finished
2026-02-02T10:23:51.177Z info: $OpenSafeByPR finished
2026-02-02T10:24:21.198Z info: $UntrustDevices finished
2026-02-02T10:24:57.118Z info: $OpenSafeByPR finished
2026-02-02T10:26:17.195Z info: $UntrustDevices finished
2026-02-02T10:26:57.004Z info: $OpenSafeByPR finished
2026-02-02T10:27:29.597Z info: $UntrustDevices finished
2026-02-02T10:29:14.295Z info: $OpenSafeByPR finished
2026-02-02T10:29:29.454Z info: $UntrustDevices finished
2026-02-02T10:29:47.677Z info: $OpenSafeByPR finished
2026-02-02T10:30:08.056Z info: $TrustDevice finished
2026-02-02T10:30:23.731Z info: $OpenSafeByPin finished
2026-02-02T10:30:23.771Z info: $OpenSafeById finished
2026-02-02T10:30:41.782Z info: $OpenSafeByPR finished
2026-02-02T10:31:07.303Z info: $OpenSafeByPR finished
2026-02-02T10:31:21.531Z info: $TrustDevice finished
2026-02-02T16:00:43.955Z info: 9 operations registered
2026-02-02T16:00:43.959Z info: 8 document classes
2026-02-02T16:00:43.959Z info: SQLite  DB path= [D:\git\asocial2-srv\sqlite\testa.db3]
2026-02-02T16:00:43.960Z info: Firestore connector
2026-02-02T16:00:43.961Z info: FilesystemStorage - path:[D:\git\asocial2-srv\filestorea
2026-02-02T16:00:43.961Z info: 9 App operations registered
2026-02-02T18:05:39.929Z info: 9 operations registered
2026-02-02T18:05:39.932Z info: 8 document classes
2026-02-02T18:05:39.932Z info: SQLite  DB path= [D:\git\asocial2-srv\sqlite\testa.db3]
2026-02-02T18:05:39.933Z info: Firestore connector
2026-02-02T18:05:39.933Z info: FilesystemStorage - path:[D:\git\asocial2-srv\filestorea
2026-02-02T18:05:39.934Z info: 9 App operations registered
2026-02-02T18:08:05.301Z info: 9 operations registered
2026-02-02T18:08:05.304Z info: 8 document classes
2026-02-02T18:08:05.305Z info: SQLite  DB path= [D:\git\asocial2-srv\sqlite\testa.db3]
2026-02-02T18:08:05.305Z info: Firestore connector
2026-02-02T18:08:05.306Z info: FilesystemStorage - path:[D:\git\asocial2-srv\filestorea
2026-02-02T18:08:05.306Z info: 9 App operations registered
2026-02-02T18:09:13.379Z info: 9 operations registered
2026-02-02T18:09:13.382Z info: 8 document classes
2026-02-02T18:09:13.383Z info: SQLite  DB path= [D:\git\asocial2-srv\sqlite\testa.db3]
2026-02-02T18:09:13.383Z info: Firestore connector
2026-02-02T18:09:13.384Z info: FilesystemStorage - path:[D:\git\asocial2-srv\filestorea
2026-02-02T18:09:13.384Z info: 9 App operations registered
2026-02-02T18:11:51.416Z info: 9 operations registered
2026-02-02T18:11:51.419Z info: 8 document classes
2026-02-02T18:11:51.420Z info: SQLite  DB path= [D:\git\asocial2-srv\sqlite\testa.db3]
2026-02-02T18:11:51.420Z info: Firestore connector
2026-02-02T18:11:51.421Z info: FilesystemStorage - path:[D:\git\asocial2-srv\filestorea
2026-02-02T18:11:51.421Z info: 9 App operations registered
2026-02-02T18:15:14.018Z info: 9 operations registered
2026-02-02T18:15:14.021Z info: 8 document classes
2026-02-02T18:15:14.022Z info: SQLite  DB path= [D:\git\asocial2-srv\sqlite\testa.db3]
2026-02-02T18:15:14.022Z info: Firestore connector
2026-02-02T18:15:14.023Z info: FilesystemStorage - path:[D:\git\asocial2-srv\filestorea
2026-02-02T18:15:14.024Z info: 9 App operations registered
2026-02-02T18:20:26.217Z info: 9 operations registered
2026-02-02T18:20:26.220Z info: 8 document classes
2026-02-02T18:20:26.220Z info: SQLite  DB path= [D:\git\asocial2-srv\sqlite\testa.db3]
2026-02-02T18:20:26.221Z info: Firestore connector
2026-02-02T18:20:26.221Z info: FilesystemStorage - path:[D:\git\asocial2-srv\filestorea
2026-02-02T18:20:26.222Z info: 9 App operations registered
2026-02-02T18:21:37.793Z info: 9 operations registered
2026-02-02T18:21:37.796Z info: 8 document classes
2026-02-02T18:21:37.797Z info: SQLite  DB path= [D:\git\asocial2-srv\sqlite\testa.db3]
2026-02-02T18:21:37.798Z info: Firestore connector
2026-02-02T18:21:37.799Z info: FilesystemStorage - path:[D:\git\asocial2-srv\filestorea
2026-02-02T18:21:37.799Z info: 9 App operations registered
2026-02-02T18:32:40.454Z info: 9 operations registered
2026-02-02T18:32:40.456Z info: 8 document classes
2026-02-02T18:32:40.457Z info: SQLite  DB path= [D:\git\asocial2-srv\sqlite\testa.db3]
2026-02-02T18:32:40.458Z info: Firestore connector
2026-02-02T18:32:40.458Z info: FilesystemStorage - path:[D:\git\asocial2-srv\filestorea
2026-02-02T18:32:40.459Z info: 9 App operations registered
2026-02-03T11:39:09.116Z info: 9 operations registered
2026-02-03T11:39:09.119Z info: 8 document classes
2026-02-03T11:39:09.120Z info: SQLite  DB path= [D:\git\asocial2-srv\sqlite\testa.db3]
2026-02-03T11:39:09.121Z info: Firestore connector
2026-02-03T11:39:09.121Z info: FilesystemStorage - path:[D:\git\asocial2-srv\filestorea
2026-02-03T11:39:09.122Z info: 9 App operations registered
2026-02-03T11:41:14.189Z info: 9 operations registered
2026-02-03T11:41:14.192Z info: 8 document classes
2026-02-03T11:41:14.193Z info: SQLite  DB path= [D:\git\asocial2-srv\sqlite\testa.db3]
2026-02-03T11:41:14.193Z info: Firestore connector
2026-02-03T11:41:14.194Z info: FilesystemStorage - path:[D:\git\asocial2-srv\filestorea
2026-02-03T11:41:14.194Z info: 9 App operations registered
2026-02-03T11:44:38.813Z info: 9 operations registered
2026-02-03T11:44:38.816Z info: 8 document classes
2026-02-03T11:44:38.818Z info: SQLite  DB path= [D:\git\asocial2-srv\sqlite\testa.db3]
2026-02-03T11:44:38.819Z info: Firestore connector
2026-02-03T11:44:38.820Z info: FilesystemStorage - path:[D:\git\asocial2-srv\filestorea
2026-02-03T11:44:38.822Z info: 9 App operations registered
2026-02-03T11:48:39.664Z info: 9 operations registered
2026-02-03T11:48:39.667Z info: 8 document classes
2026-02-03T11:48:39.668Z info: SQLite  DB path= [D:\git\asocial2-srv\sqlite\testa.db3]
2026-02-03T11:48:39.669Z info: Firestore connector
2026-02-03T11:48:39.669Z info: FilesystemStorage - path:[D:\git\asocial2-srv\filestorea
2026-02-03T11:48:39.670Z info: 9 App operations registered
2026-02-03T11:51:08.675Z info: 9 operations registered
2026-02-03T11:51:08.678Z info: 8 document classes
2026-02-03T11:51:08.678Z info: SQLite  DB path= [D:\git\asocial2-srv\sqlite\testa.db3]
2026-02-03T11:51:08.679Z info: Firestore connector
2026-02-03T11:51:08.680Z info: FilesystemStorage - path:[D:\git\asocial2-srv\filestorea
2026-02-03T11:51:08.680Z info: 9 App operations registered
2026-02-03T13:10:05.207Z info: 9 operations registered
2026-02-03T13:10:05.211Z info: 8 document classes
2026-02-03T13:10:05.212Z info: SQLite  DB path= [D:\git\asocial2-srv\sqlite\testa.db3]
2026-02-03T13:10:05.213Z info: Firestore connector
2026-02-03T13:10:05.214Z info: FilesystemStorage - path:[D:\git\asocial2-srv\filestorea
2026-02-03T13:10:05.214Z info: 9 App operations registered
2026-02-03T13:10:05.357Z info: Reloading orgs config OK
2026-02-03T13:10:05.364Z info: HTTP listen [8080]
2026-02-03T13:11:44.648Z info: $CreateSafe finished
2026-02-03T13:12:45.446Z info: $CreateSafe finished
2026-02-03T13:19:32.830Z info: $CreateSafe finished
2026-02-03T13:22:40.718Z info: 9 operations registered
2026-02-03T13:22:40.721Z info: 8 document classes
2026-02-03T13:22:40.725Z info: SQLite  DB path= [D:\git\asocial2-srv\sqlite\testa.db3]
2026-02-03T13:22:40.725Z info: Firestore connector
2026-02-03T13:22:40.726Z info: FilesystemStorage - path:[D:\git\asocial2-srv\filestorea
2026-02-03T13:22:40.727Z info: 9 App operations registered
2026-02-03T13:22:40.756Z info: Reloading orgs config OK
2026-02-03T13:22:40.761Z info: HTTP listen [8080]
2026-02-03T13:24:10.624Z info: $CreateSafe finished
2026-02-03T13:26:28.846Z info: $CreateSafe finished
2026-02-03T13:58:53.825Z info: $CreateSafe finished
2026-02-03T14:00:45.390Z info: $CreateSafe finished
2026-02-03T14:02:48.600Z info: $CreateSafe finished
2026-02-03T14:03:29.101Z info: $CreateSafe finished
2026-02-03T14:05:20.323Z info: $TrustDevice finished
2026-02-03T14:06:15.395Z info: $OpenSafeByPin finished
2026-02-03T14:06:15.447Z info: $OpenSafeById finished
2026-02-03T14:22:33.739Z info: 9 operations registered
2026-02-03T14:22:33.747Z info: 8 document classes
2026-02-03T14:22:33.748Z info: SQLite  DB path= [D:\git\asocial2-srv\sqlite\testa.db3]
2026-02-03T14:22:33.750Z info: Firestore connector
2026-02-03T14:22:33.751Z info: FilesystemStorage - path:[D:\git\asocial2-srv\filestorea
2026-02-03T14:22:33.751Z info: 9 App operations registered
2026-02-03T14:22:33.774Z info: Reloading orgs config OK
2026-02-03T14:22:33.781Z info: HTTP listen [8080]
2026-02-03T14:23:55.930Z info: $CreateSafe finished
2026-02-03T14:24:28.353Z info: $TrustDevice finished
2026-02-03T14:25:29.896Z info: $UpdateCreds finished
2026-02-03T14:25:55.654Z info: $OpenSafeByPin finished
2026-02-03T14:25:55.715Z info: $OpenSafeById finished
2026-02-03T14:27:04.674Z info: $UpdateCreds finished
2026-02-03T14:27:46.592Z info: $GetPublicKeys finished
2026-02-03T14:34:47.601Z info: $OpenSafeByPin finished
2026-02-03T14:34:47.645Z info: $OpenSafeById finished
2026-02-03T14:35:21.448Z info: $GetPublicKeys finished
2026-02-03T14:35:48.947Z info: $TransmitCred finished
2026-02-03T14:36:18.840Z info: $OpenSafeByPin finished
2026-02-03T14:36:18.885Z info: $OpenSafeById finished
2026-02-03T14:36:45.364Z info: $UpdateCreds finished
2026-02-03T14:37:14.302Z info: $OpenSafeByPin finished
2026-02-03T14:37:31.301Z info: $OpenSafeByPin finished
2026-02-03T14:41:03.114Z info: $OpenSafeByPin finished
2026-02-03T14:42:09.366Z info: $OpenSafeByPR finished
2026-02-03T14:57:03.263Z info: $OpenSafeByPR finished
2026-02-03T14:57:44.901Z info: $TrustDevice finished
2026-02-03T14:58:24.128Z info: $OpenSafeByPin finished
2026-02-03T14:58:27.372Z info: $OpenSafeById finished
2026-02-03T14:58:59.124Z info: $OpenSafeByPin finished
2026-02-03T14:58:59.169Z info: $OpenSafeById finished
2026-02-03T14:59:29.659Z info: $OpenSafeByPR finished
2026-02-03T14:59:40.098Z info: $TrustDevice finished
2026-02-03T18:31:01.327Z info: 9 operations registered
2026-02-03T18:31:01.330Z info: 8 document classes
2026-02-03T18:31:01.331Z info: SQLite  DB path= [D:\git\asocial2-srv\sqlite\testa.db3]
2026-02-03T18:31:01.331Z info: Firestore connector
2026-02-03T18:31:01.332Z info: FilesystemStorage - path:[D:\git\asocial2-srv\filestorea
2026-02-03T18:31:01.333Z info: 9 App operations registered
2026-02-04T11:34:31.056Z info: 9 operations registered
2026-02-04T11:34:31.060Z info: 8 document classes
2026-02-04T11:34:31.061Z info: SQLite  DB path= [D:\git\asocial2-srv\sqlite\testa.db3]
2026-02-04T11:34:31.061Z info: Firestore connector
2026-02-04T11:34:31.062Z info: FilesystemStorage - path:[D:\git\asocial2-srv\filestorea
2026-02-04T11:34:31.062Z info: 9 App operations registered
2026-02-04T12:20:36.693Z info: 9 operations registered
2026-02-04T12:20:36.696Z info: 8 document classes
2026-02-04T12:20:36.696Z info: SQLite  DB path= [D:\git\asocial2-srv\sqlite\testa.db3]
2026-02-04T12:20:36.697Z info: Firestore connector
2026-02-04T12:20:36.697Z info: FilesystemStorage - path:[D:\git\asocial2-srv\filestorea
2026-02-04T12:20:36.698Z info: 9 App operations registered
2026-02-04T12:20:36.798Z info: Reloading orgs config OK
2026-02-04T12:20:36.803Z info: HTTP listen [8080]
2026-02-04T12:21:44.275Z info: $OpenSafeByPR finished
2026-02-04T12:21:49.279Z info: $UntrustDevices finished
2026-02-04T12:22:24.409Z info: $TrustDevice finished
2026-02-04T12:22:54.346Z info: $OpenSafeByPR finished
2026-02-04T12:23:22.979Z info: $OpenSafeByPR finished
2026-02-04T12:23:29.650Z info: $UntrustDevices finished
2026-02-04T12:23:50.191Z info: $OpenSafeByPR finished
2026-02-04T12:24:06.324Z info: $TrustDevice finished
2026-02-04T12:24:45.159Z info: $OpenSafeByPin finished
2026-02-04T12:24:47.836Z info: $OpenSafeById finished
2026-02-05T10:05:40.402Z info: 9 operations registered
2026-02-05T10:05:40.406Z info: 8 document classes
2026-02-05T10:05:40.407Z info: SQLite  DB path= [D:\git\asocial2-srv\sqlite\testa.db3]
2026-02-05T10:05:40.407Z info: Firestore connector
2026-02-05T10:05:40.408Z info: FilesystemStorage - path:[D:\git\asocial2-srv\filestorea
2026-02-05T10:05:40.409Z info: 9 App operations registered
2026-02-05T10:05:40.439Z info: Reloading orgs config OK
2026-02-05T10:05:40.446Z info: HTTP listen [8080]
2026-02-05T10:08:03.131Z info: $CreateSafe finished
2026-02-05T16:30:08.003Z info: 9 operations registered
2026-02-05T16:30:08.009Z info: 8 document classes
2026-02-05T16:30:08.011Z info: SQLite  DB path= [D:\git\asocial2-srv\sqlite\testa.db3]
2026-02-05T16:30:08.012Z info: Firestore connector
2026-02-05T16:30:08.013Z info: FilesystemStorage - path:[D:\git\asocial2-srv\filestorea
2026-02-05T16:30:08.015Z info: 9 App operations registered
2026-02-05T16:30:08.122Z info: Reloading orgs config OK
2026-02-05T16:30:08.128Z info: HTTP listen [8080]
2026-02-05T16:34:12.928Z info: $CreateSafe finished
2026-02-05T16:35:51.696Z info: $CreateSafe finished
2026-02-05T16:43:39.878Z info: 9 operations registered
2026-02-05T16:43:39.881Z info: 8 document classes
2026-02-05T16:43:39.881Z info: SQLite  DB path= [D:\git\asocial2-srv\sqlite\testa.db3]
2026-02-05T16:43:39.882Z info: Firestore connector
2026-02-05T16:43:39.882Z info: FilesystemStorage - path:[D:\git\asocial2-srv\filestorea
2026-02-05T16:43:39.883Z info: 9 App operations registered
2026-02-05T16:43:39.897Z info: Reloading orgs config OK
2026-02-05T16:43:39.903Z info: HTTP listen [8080]
2026-02-05T16:44:25.656Z info: $OpenSafeByPR finished
2026-02-05T16:53:48.783Z info: $TrustDevice finished
2026-02-05T16:59:05.701Z info: $OpenSafeByPin finished
2026-02-05T17:13:25.191Z info: 9 operations registered
2026-02-05T17:13:25.194Z info: 8 document classes
2026-02-05T17:13:25.195Z info: SQLite  DB path= [D:\git\asocial2-srv\sqlite\testa.db3]
2026-02-05T17:13:25.196Z info: Firestore connector
2026-02-05T17:13:25.196Z info: FilesystemStorage - path:[D:\git\asocial2-srv\filestorea
2026-02-05T17:13:25.197Z info: 9 App operations registered
2026-02-05T17:13:25.213Z info: Reloading orgs config OK
2026-02-05T17:13:25.220Z info: HTTP listen [8080]
2026-02-05T17:14:03.667Z info: $OpenSafeByPR finished
2026-02-05T17:15:36.017Z info: $TrustDevice finished
2026-02-05T17:18:40.493Z info: $OpenSafeByPR finished
2026-02-05T17:19:17.939Z info: $OpenSafeByPR finished
2026-02-05T17:20:32.882Z info: $TrustDevice finished
2026-02-05T17:23:42.406Z info: $OpenSafeByPin finished
2026-02-05T17:23:54.076Z info: $OpenSafeById terminated on exception
2026-02-05T17:23:54.078Z error: AppExc: 3001:unexpected exception["x.replace is not a function"]
2026-02-05T17:27:00.829Z info: $OpenSafeByPin finished
2026-02-05T17:27:41.591Z info: $OpenSafeById finished
2026-02-05T17:30:29.187Z info: $OpenSafeByPR finished
2026-02-05T17:32:38.521Z info: $UntrustDevices finished
2026-02-05T17:34:58.063Z info: $OpenSafeByPR finished
2026-02-05T17:35:40.565Z info: $OpenSafeByPR finished
2026-02-05T17:37:44.641Z info: $OpenSafeByPR finished
2026-02-05T17:40:02.448Z info: $OpenSafeByPR finished
2026-02-05T17:41:28.037Z info: $OpenSafeByPR finished
2026-02-05T17:42:13.256Z info: $OpenSafeByPR finished
2026-02-05T17:42:41.019Z info: $TrustDevice finished
2026-02-05T17:44:09.452Z info: $UntrustDevices finished
2026-02-05T17:45:07.719Z info: $TrustDevice finished
2026-02-05T17:45:42.534Z info: $OpenSafeByPin finished
2026-02-05T17:48:57.766Z info: $OpenSafeByPin finished
2026-02-05T17:54:53.696Z info: $OpenSafeByPR finished
2026-02-05T17:58:28.311Z info: $TrustDevice finished
2026-02-05T18:00:14.306Z info: $OpenSafeByPin finished
2026-02-05T18:00:14.356Z info: $OpenSafeById finished
2026-02-05T18:01:03.569Z info: $OpenSafeByPin finished
2026-02-05T18:01:03.630Z info: $OpenSafeById finished
2026-02-05T18:04:24.817Z info: $OpenSafeByPR finished
2026-02-05T18:07:02.310Z info: $TrustDevice finished
2026-02-05T18:14:56.065Z info: $OpenSafeByPR finished
2026-02-05T18:16:32.777Z info: $TrustDevice finished
2026-02-05T18:24:26.834Z info: $OpenSafeByPin finished
2026-02-05T18:24:30.641Z info: $OpenSafeById finished
2026-02-05T18:27:25.108Z info: $OpenSafeByPR finished
2026-02-05T18:28:14.629Z info: $TrustDevice finished
2026-02-05T18:29:37.599Z info: $OpenSafeByPin finished
2026-02-05T18:29:42.008Z info: $OpenSafeById finished
2026-02-05T18:30:37.613Z info: $OpenSafeByPR finished
2026-02-05T18:33:21.939Z info: $TrustDevice finished
2026-02-05T18:34:55.249Z info: $OpenSafeByPin finished
2026-02-05T18:34:58.487Z info: $OpenSafeById finished
2026-02-06T08:15:32.458Z info: 9 operations registered
2026-02-06T08:15:32.461Z info: 8 document classes
2026-02-06T08:15:32.462Z info: SQLite  DB path= [D:\git\asocial2-srv\sqlite\testa.db3]
2026-02-06T08:15:32.462Z info: Firestore connector
2026-02-06T08:15:32.463Z info: FilesystemStorage - path:[D:\git\asocial2-srv\filestorea
2026-02-06T08:15:32.463Z info: 9 App operations registered
2026-02-06T08:15:32.494Z info: Reloading orgs config OK
2026-02-06T08:15:32.504Z info: HTTP listen [8080]
2026-02-06T08:23:37.025Z info: 9 operations registered
2026-02-06T08:23:37.027Z info: 8 document classes
2026-02-06T08:23:37.028Z info: SQLite  DB path= [D:\git\asocial2-srv\sqlite\testa.db3]
2026-02-06T08:23:37.029Z info: Firestore connector
2026-02-06T08:23:37.030Z info: FilesystemStorage - path:[D:\git\asocial2-srv\filestorea
2026-02-06T08:23:37.031Z info: 9 App operations registered
2026-02-06T08:23:37.147Z info: Reloading orgs config OK
2026-02-06T08:23:37.154Z info: HTTP listen [8080]
2026-02-06T08:23:46.405Z info: $OpenSafeByPin finished
2026-02-06T08:23:46.465Z info: $OpenSafeById finished
2026-02-06T08:36:03.982Z info: 9 operations registered
2026-02-06T08:36:03.985Z info: 8 document classes
2026-02-06T08:36:03.985Z info: SQLite  DB path= [D:\git\asocial2-srv\sqlite\testa.db3]
2026-02-06T08:36:03.986Z info: Firestore connector
2026-02-06T08:36:03.986Z info: FilesystemStorage - path:[D:\git\asocial2-srv\filestorea
2026-02-06T08:36:03.987Z info: 9 App operations registered
2026-02-06T08:36:04.011Z info: Reloading orgs config OK
2026-02-06T08:36:04.017Z info: HTTP listen [8080]
2026-02-06T08:45:27.709Z info: $OpenSafeByPin finished
2026-02-06T08:45:27.765Z info: $OpenSafeById finished
2026-02-06T08:49:40.863Z info: 9 operations registered
2026-02-06T08:49:40.866Z info: 8 document classes
2026-02-06T08:49:40.867Z info: SQLite  DB path= [D:\git\asocial2-srv\sqlite\testa.db3]
2026-02-06T08:49:40.867Z info: Firestore connector
2026-02-06T08:49:40.868Z info: FilesystemStorage - path:[D:\git\asocial2-srv\filestorea
2026-02-06T08:49:40.868Z info: 9 App operations registered
2026-02-06T08:49:40.942Z info: Reloading orgs config OK
2026-02-06T08:49:40.962Z info: HTTP listen [8080]
2026-02-06T08:50:38.610Z info: $UpdateCreds finished
2026-02-06T08:57:13.488Z info: $UpdateCreds finished
2026-02-06T09:01:34.386Z info: $UpdateCreds finished
2026-02-06T09:06:41.384Z info: $UpdateCreds finished
2026-02-06T09:08:37.061Z info: $OpenSafeByPin finished
2026-02-06T09:08:37.171Z info: $OpenSafeById finished
2026-02-06T09:09:51.917Z info: $UpdateCreds finished
2026-02-06T09:12:11.662Z info: $UpdateCreds finished
2026-02-06T09:25:11.185Z info: $CreateSafe finished
2026-02-06T09:25:50.126Z info: $TrustDevice finished
2026-02-06T09:26:31.177Z info: $UpdateCreds finished
2026-02-06T09:27:19.421Z info: $UpdateCreds finished
2026-02-06T09:28:00.861Z info: $UpdateCreds finished
2026-02-06T09:28:15.652Z info: $OpenSafeByPin finished
2026-02-06T09:28:15.704Z info: $OpenSafeById finished
2026-02-06T09:29:19.589Z info: $CreateSafe finished
2026-02-06T09:31:42.083Z info: $GetPublicKeys finished
2026-02-06T09:32:56.587Z info: $TransmitCred finished
2026-02-06T09:33:24.891Z info: $OpenSafeByPin finished
2026-02-06T09:33:24.943Z info: $OpenSafeById finished
2026-02-06T09:34:11.179Z info: $OpenSafeByPin finished
2026-02-06T09:34:11.235Z info: $OpenSafeById finished
2026-02-06T09:37:28.209Z info: 9 operations registered
2026-02-06T09:37:28.212Z info: 8 document classes
2026-02-06T09:37:28.213Z info: SQLite  DB path= [D:\git\asocial2-srv\sqlite\testa.db3]
2026-02-06T09:37:28.213Z info: Firestore connector
2026-02-06T09:37:28.214Z info: FilesystemStorage - path:[D:\git\asocial2-srv\filestorea
2026-02-06T09:37:28.214Z info: 9 App operations registered
2026-02-06T09:37:28.228Z info: Reloading orgs config OK
2026-02-06T09:37:28.233Z info: HTTP listen [8080]
2026-02-06T09:38:26.533Z info: $OpenSafeByPR finished
2026-02-06T09:38:55.788Z info: $UpdateCreds finished
2026-02-06T09:39:29.899Z info: $GetPublicKeys finished
2026-02-06T09:43:35.121Z info: $OpenSafeByPR finished
2026-02-06T09:44:14.801Z info: $UpdateCreds finished
2026-02-06T09:44:39.143Z info: $GetPublicKeys finished
2026-02-06T09:45:52.442Z info: $TransmitCred finished
2026-02-06T09:46:13.078Z info: $OpenSafeByPin finished
2026-02-06T09:46:13.134Z info: $OpenSafeById finished
2026-02-06T09:46:47.443Z info: $OpenSafeByPin finished
2026-02-06T09:46:47.493Z info: $OpenSafeById finished
2026-02-06T09:52:52.245Z info: 9 operations registered
2026-02-06T09:52:52.247Z info: 8 document classes
2026-02-06T09:52:52.248Z info: SQLite  DB path= [D:\git\asocial2-srv\sqlite\testa.db3]
2026-02-06T09:52:52.249Z info: Firestore connector
2026-02-06T09:52:52.250Z info: FilesystemStorage - path:[D:\git\asocial2-srv\filestorea
2026-02-06T09:52:52.250Z info: 9 App operations registered
2026-02-06T09:52:52.262Z info: Reloading orgs config OK
2026-02-06T09:52:52.268Z info: HTTP listen [8080]
2026-02-06T09:53:36.739Z info: $OpenSafeByPR finished
2026-02-06T09:53:57.992Z info: $GetPublicKeys finished
2026-02-06T09:54:50.683Z info: $TransmitCred finished
2026-02-06T09:55:11.540Z info: $OpenSafeByPin finished
2026-02-06T09:55:11.599Z info: $OpenSafeById finished
2026-02-06T10:03:34.193Z info: $OpenSafeByPR finished
2026-02-06T10:03:53.528Z info: $GetPublicKeys finished
2026-02-06T10:06:18.903Z info: $TransmitCred finished
2026-02-06T10:06:40.628Z info: $OpenSafeByPin finished
2026-02-06T10:06:40.681Z info: $OpenSafeById finished
2026-02-06T10:17:50.716Z info: $OpenSafeByPR finished
2026-02-06T10:18:13.068Z info: $GetPublicKeys finished
2026-02-06T10:21:30.911Z info: $TransmitCred finished
2026-02-06T10:23:19.007Z info: $GetPublicKeys finished
2026-02-06T10:23:56.741Z info: $TransmitCred finished
2026-02-06T10:25:26.061Z info: $GetPublicKeys finished
2026-02-06T10:26:43.728Z info: $TransmitCred finished
2026-02-06T10:27:25.222Z info: $OpenSafeByPR finished
2026-02-06T10:29:35.446Z info: $OpenSafeByPR finished
2026-02-06T10:31:29.135Z info: $GetPublicKeys finished
2026-02-06T10:32:55.014Z info: $OpenSafeByPR finished
2026-02-06T10:33:35.898Z info: $GetPublicKeys finished
2026-02-06T10:33:37.964Z info: $TransmitCred finished
2026-02-06T10:33:57.034Z info: $OpenSafeByPin finished
2026-02-06T10:34:10.349Z info: $OpenSafeByPin finished
2026-02-06T10:34:10.401Z info: $OpenSafeById finished
2026-02-06T10:35:16.757Z info: $UpdateCreds finished
2026-02-06T10:37:36.286Z info: $OpenSafeByPR finished
2026-02-06T10:37:50.086Z info: $TrustDevice finished
2026-02-06T10:38:40.525Z info: 9 operations registered
2026-02-06T10:38:40.528Z info: 8 document classes
2026-02-06T10:38:40.528Z info: SQLite  DB path= [D:\git\asocial2-srv\sqlite\testa.db3]
2026-02-06T10:38:40.529Z info: Firestore connector
2026-02-06T10:38:40.530Z info: FilesystemStorage - path:[D:\git\asocial2-srv\filestorea
2026-02-06T10:38:40.531Z info: 9 App operations registered
2026-02-06T10:38:40.543Z info: Reloading orgs config OK
2026-02-06T10:38:40.551Z info: HTTP listen [8080]
2026-02-06T10:39:02.965Z info: $OpenSafeByPin finished
2026-02-06T10:39:03.016Z info: $OpenSafeById finished
2026-02-06T10:40:28.597Z info: $UpdateCreds finished
2026-02-06T10:41:26.880Z info: 9 operations registered
2026-02-06T10:41:26.883Z info: 8 document classes
2026-02-06T10:41:26.884Z info: SQLite  DB path= [D:\git\asocial2-srv\sqlite\testa.db3]
2026-02-06T10:41:26.885Z info: Firestore connector
2026-02-06T10:41:26.885Z info: FilesystemStorage - path:[D:\git\asocial2-srv\filestorea
2026-02-06T10:41:26.886Z info: 9 App operations registered
2026-02-06T10:41:26.902Z info: Reloading orgs config OK
2026-02-06T10:41:26.908Z info: HTTP listen [8080]
2026-02-06T10:42:56.631Z info: $OpenSafeByPR finished
2026-02-06T10:44:18.267Z info: $UpdCodesSafe finished
2026-02-06T10:44:43.811Z info: $OpenSafeByPR finished
2026-02-06T10:46:30.967Z info: $GetBinSafe terminated on exception
2026-02-06T10:46:30.979Z error: AppExc: 3001:unexpected exception["x.replace is not a function"]
2026-02-06T10:57:07.812Z info: $OpenSafeByPR finished
2026-02-06T10:59:22.996Z info: $OpenSafeByPR finished
2026-02-06T11:00:18.868Z info: $GetBinSafe finished
2026-02-06T11:03:12.449Z info: $StatusSafe finished
2026-02-06T11:05:02.725Z info: $RestoreSafe finished
2026-02-06T11:05:33.324Z info: $OpenSafeByPR finished
2026-02-06T11:05:58.873Z info: $TrustDevice finished
2026-02-06T11:06:51.397Z info: $OpenSafeByPR finished
2026-02-06T11:07:01.950Z info: $TrustDevice finished
2026-02-06T11:07:56.475Z info: 9 operations registered
2026-02-06T11:07:56.480Z info: 8 document classes
2026-02-06T11:07:56.481Z info: SQLite  DB path= [D:\git\asocial2-srv\sqlite\testa.db3]
2026-02-06T11:07:56.482Z info: Firestore connector
2026-02-06T11:07:56.482Z info: FilesystemStorage - path:[D:\git\asocial2-srv\filestorea
2026-02-06T11:07:56.483Z info: 9 App operations registered
2026-02-06T11:07:56.501Z info: Reloading orgs config OK
2026-02-06T11:07:56.508Z info: HTTP listen [8080]
2026-02-06T11:08:09.137Z info: $OpenSafeByPin finished
2026-02-06T11:08:09.186Z info: $OpenSafeById finished
2026-02-07T17:28:23.583Z info: 9 operations registered
2026-02-07T17:28:23.587Z info: 8 document classes
2026-02-07T17:28:23.588Z info: SQLite  DB path= [D:\git\asocial2-srv\sqlite\testa.db3]
2026-02-07T17:28:23.589Z info: Firestore connector
2026-02-07T17:28:23.589Z info: FilesystemStorage - path:[D:\git\asocial2-srv\filestorea
2026-02-07T17:28:23.590Z info: 9 App operations registered
2026-02-07T17:28:23.724Z info: Reloading orgs config OK
2026-02-07T17:28:23.730Z info: HTTP listen [8080]
2026-02-07T17:28:45.223Z info: $StatusSafe finished
2026-02-07T17:32:05.703Z info: $StatusSafe finished
2026-02-07T17:33:06.007Z info: $StatusSafe finished
2026-02-07T17:33:14.956Z info: $RestoreSafe finished
2026-02-07T17:33:33.120Z info: $OpenSafeByPR finished
2026-02-08T13:36:00.267Z info: 9 operations registered
2026-02-08T13:36:00.272Z info: 8 document classes
2026-02-08T13:36:00.272Z info: SQLite  DB path= [D:\git\asocial2-srv\sqlite\testa.db3]
2026-02-08T13:36:00.273Z info: Firestore connector
2026-02-08T13:36:00.274Z info: FilesystemStorage - path:[D:\git\asocial2-srv\filestorea
2026-02-08T13:36:00.274Z info: 9 App operations registered
2026-02-08T13:36:00.434Z info: Reloading orgs config OK
2026-02-08T13:36:00.443Z info: HTTP listen [8080]
2026-02-09T10:49:36.503Z info: 9 operations registered
2026-02-09T10:49:36.506Z info: 8 document classes
2026-02-09T10:49:36.508Z info: SQLite  DB path= [D:\git\asocial2-srv\sqlite\testa.db3]
2026-02-09T10:49:36.508Z info: Firestore connector
2026-02-09T10:49:36.509Z info: FilesystemStorage - path:[D:\git\asocial2-srv\filestorea
2026-02-09T10:49:36.510Z info: 9 App operations registered
2026-02-09T10:49:36.619Z info: Reloading orgs config OK
2026-02-09T10:49:36.632Z info: HTTP listen [8080]
2026-02-09T10:55:30.642Z info: $OpenSafeByPin finished
2026-02-09T10:55:30.698Z info: $OpenSafeById finished
2026-02-09T10:59:47.526Z info: $OpenSafeByPin finished
2026-02-09T10:59:47.567Z info: $OpenSafeById finished
2026-02-09T11:00:28.646Z info: $OpenSafeByPin finished
2026-02-09T11:00:28.685Z info: $OpenSafeById finished
2026-02-09T11:01:37.652Z info: $OpenSafeByPin finished
2026-02-09T11:01:37.694Z info: $OpenSafeById finished
2026-02-09T11:02:31.903Z info: $OpenSafeByPin finished
2026-02-09T11:02:31.949Z info: $OpenSafeById finished
2026-02-09T11:04:27.411Z info: $OpenSafeByPin finished
2026-02-09T11:04:27.447Z info: $OpenSafeById finished
2026-02-09T11:05:03.777Z info: $OpenSafeByPin finished
2026-02-09T11:05:03.814Z info: $OpenSafeById finished
2026-02-09T11:06:45.631Z info: $OpenSafeByPin finished
2026-02-09T11:06:45.666Z info: $OpenSafeById finished
2026-02-09T11:07:33.760Z info: $OpenSafeByPin finished
2026-02-09T11:07:33.861Z info: $OpenSafeById finished
2026-02-09T11:11:46.703Z info: $OpenSafeByPin finished
2026-02-09T11:11:46.744Z info: $OpenSafeById finished
2026-02-09T11:12:25.941Z info: $OpenSafeByPin finished
2026-02-09T11:12:25.978Z info: $OpenSafeById finished
2026-02-09T11:13:00.294Z info: $OpenSafeByPin finished
2026-02-09T11:13:00.334Z info: $OpenSafeById finished
2026-02-09T12:11:20.465Z info: $OpenSafeByPin finished
2026-02-09T12:11:20.505Z info: $OpenSafeById finished
2026-02-09T12:17:20.865Z info: $OpenSafeByPin finished
2026-02-09T12:17:20.905Z info: $OpenSafeById finished
2026-02-09T13:09:03.989Z info: $OpenSafeByPin finished
2026-02-09T13:09:04.034Z info: $OpenSafeById finished
2026-02-09T13:09:27.134Z info: $OpenSafeByPin finished
2026-02-09T13:09:27.171Z info: $OpenSafeById finished
2026-02-09T13:18:19.066Z info: $OpenSafeByPin finished
2026-02-09T13:18:19.111Z info: $OpenSafeById finished
2026-02-09T16:13:02.250Z info: $OpenSafeByPin finished
2026-02-09T16:13:02.294Z info: $OpenSafeById finished
2026-02-09T16:22:12.558Z info: $OpenSafeByPin finished
2026-02-09T16:22:12.594Z info: $OpenSafeById finished
2026-02-09T16:24:34.091Z info: $OpenSafeByPin finished
2026-02-09T16:24:34.126Z info: $OpenSafeById finished
2026-02-09T16:28:14.823Z info: $OpenSafeByPin finished
2026-02-09T16:28:14.862Z info: $OpenSafeById finished
2026-02-09T16:36:08.418Z info: $OpenSafeByPin finished
2026-02-09T16:36:08.458Z info: $OpenSafeById finished
2026-02-09T16:37:54.877Z info: $OpenSafeByPin finished
2026-02-09T16:37:54.917Z info: $OpenSafeById finished
2026-02-09T16:55:07.412Z info: $OpenSafeByPin finished
2026-02-09T16:55:07.456Z info: $OpenSafeById finished
2026-02-09T17:10:39.703Z info: $OpenSafeByPin finished
2026-02-09T17:10:39.745Z info: $OpenSafeById finished
2026-02-09T17:24:03.860Z info: $OpenSafeByPin finished
2026-02-09T17:24:03.902Z info: $OpenSafeById finished
2026-02-09T17:45:29.288Z info: $OpenSafeByPin finished
2026-02-09T17:45:29.329Z info: $OpenSafeById finished
2026-02-09T17:46:12.918Z info: $OpenSafeByPin finished
2026-02-09T17:46:12.956Z info: $OpenSafeById finished
2026-02-09T17:57:38.020Z info: $OpenSafeByPin finished
2026-02-09T17:57:38.059Z info: $OpenSafeById finished
2026-02-09T18:14:02.163Z info: $OpenSafeByPin finished
2026-02-09T18:14:02.215Z info: $OpenSafeById finished
2026-02-09T18:15:36.184Z info: $OpenSafeByPin finished
2026-02-09T18:15:36.222Z info: $OpenSafeById finished
2026-02-10T08:54:34.701Z info: 9 operations registered
2026-02-10T08:54:34.704Z info: 8 document classes
2026-02-10T08:54:34.705Z info: SQLite  DB path= [D:\git\asocial2-srv\sqlite\testa.db3]
2026-02-10T08:54:34.705Z info: Firestore connector
2026-02-10T08:54:34.705Z info: FilesystemStorage - path:[D:\git\asocial2-srv\filestorea
2026-02-10T08:54:34.706Z info: 9 App operations registered
2026-02-10T08:54:34.817Z info: Reloading orgs config OK
2026-02-10T08:54:34.822Z info: HTTP listen [8080]
2026-02-10T08:54:38.546Z info: $OpenSafeByPin finished
2026-02-10T08:54:38.589Z info: $OpenSafeById finished
2026-02-10T09:09:36.108Z info: $OpenSafeByPin finished
2026-02-10T09:09:36.147Z info: $OpenSafeById finished
2026-02-10T09:12:19.421Z info: $OpenSafeByPin finished
2026-02-10T09:12:19.456Z info: $OpenSafeById finished
2026-02-10T09:17:36.736Z info: $OpenSafeByPin finished
2026-02-10T09:17:36.777Z info: $OpenSafeById finished
2026-02-10T09:20:07.441Z info: $OpenSafeByPin finished
2026-02-10T09:20:07.479Z info: $OpenSafeById finished
2026-02-10T09:24:14.912Z info: $OpenSafeByPin finished
2026-02-10T09:24:14.947Z info: $OpenSafeById finished
2026-02-10T09:31:35.515Z info: $OpenSafeByPin finished
2026-02-10T09:31:35.553Z info: $OpenSafeById finished
2026-02-10T09:46:07.282Z info: $OpenSafeByPin finished
2026-02-10T09:46:07.318Z info: $OpenSafeById finished
2026-02-10T09:55:36.243Z info: $OpenSafeByPin finished
2026-02-10T09:55:36.282Z info: $OpenSafeById finished
2026-02-10T10:24:46.947Z info: $OpenSafeByPin finished
2026-02-10T10:24:46.987Z info: $OpenSafeById finished
2026-02-10T10:57:26.940Z info: $OpenSafeByPin finished
2026-02-10T10:57:26.982Z info: $OpenSafeById finished
